boundary_id,producer_subsystem,consumer_subsystem,boundary_kind,build,function_or_object,data_or_control_flow,evidence_state,evidence_refs,report_path,last_reviewed,notes
BND-001,APPLICATION_LIFECYCLE,OBJECT_DISPATCH,cross_subsystem,STEAM_PC;GOG_PC,00401A70 -> 006C5FF0/006C5AF0,Top-level loop calls the object dispatcher with the manager context loaded from data at 00BD7670; branch order differs by mode flag.,VERIFIED,steam DP_decompiled.c:567-630; gog DP_decompiled.c:565-628; DP_full.asm 00401B68-00401BA4,findings/boundaries/application_object_dispatch.md,2026-10-01,Direct control-flow and data-reference evidence; semantic manager naming remains candidate.
BND-002,OBJECT_DISPATCH,PHYSICS_PHYSX,cross_subsystem,STEAM_PC,006C5FF0 -> acquired CPhysicsCore at phases14/11/9; synchronous helpers straddle marker7,"Phase14 rootgetter/EAX->ECX/commonproducer006EB3C0, then0040B750; writephase7,0040B780; writephase8/event6. Later acquiredroot006EB400 phase11 and006F9800 phase9. Specific direct scene-operation ABI labels remain inferred.",VERIFIED,findings/boundaries/cphysicscore_lifecycle_root.md,findings/boundaries/cphysicscore_lifecycle_root.md,2026-10-03,"New raw marker contradiction justifies narrowC0122 correction, not generic dispatcher reopening. Former state7-both-helper wording superseded; broad order/State5/State11 disprovals intact. GOG export-split boundaries unchanged."
BND-003,OBJECT_DISPATCH,ACTOR_OBJECTS,cross_subsystem,STEAM_PC;GOG_PC,006C5FF0/006C5AF0 virtual slots,"Dispatcher iterates active object lists and invokes object vtable slots +0x0C,+0x10,+0x14,+0x18,+0x1C,+0x48 under phase/state gates.",STRONG_INFERENCE,steam DP_decompiled.c:441104-441239; gog DP_full.asm:006C6B70-006C6F17,findings/boundaries/object_virtual_phases.md,2026-10-02,Slots and ordering are direct; consumer class taxonomy is not yet complete. Reconciled 2026-10-02: missing focused report restored from the already-cited paired dispatcher evidence.
BND-004,NATIVE_UI,OBJECT_DISPATCH,cross_subsystem,STEAM_PC;GOG_PC,006C5930/006C5430 selector factory,"Selector cases allocate 0x160/0x3B0/0x2B0/0x218-byte objects, invoke constructors, then pass the result to the common task-registration helper.",STRONG_INFERENCE,steam DP_decompiled.c:440700-440770; gog DP_decompiled.c:338098-338167,findings/boundaries/native_ui_object_manager.md,2026-10-01,Allocation sizes and constructor calls are direct; complete ownership/lifetime remains open.
BND-005,RESOURCE_LOADING,ACTOR_OBJECTS,cross_subsystem,STEAM_PC;GOG_PC,004C3240/004C3320 and 00627240/006271C0,Subtype-driven XMD/XPC path selection and item-resource record/cache lookups feed a later object-registration path; file loading and typed construction are not yet proven.,STRONG_INFERENCE,steam DP_decompiled.c:146218-146350; gog DP_decompiled.c:128827-128959; steam DP_decompiled.c:349671-349881; gog DP_decompiled.c:270519-270728,findings/formats/resource_loader_anchors.md,2026-10-01,Path selection and cache-record access are direct; consumer class and ownership remain unresolved.
BND-006,RESOURCE_ARCHIVE,RESOURCE_LOADING,cross_subsystem,STEAM_PC;GOG_PC,006B1500 -> 006AFD60 -> 006AF720,"Initializes UPDATA/_FLINK/DPSERIAL, formats three numbered segments, normalizes paths, opens a FILE stream at object+0x108, and exposes seek/read/size helpers.",VERIFIED,"steam DP_decompiled.c:426359-426609,428028-428035; gog DP_decompiled.c:324166-324416,325835-325844",findings/formats/dpserial_archive_loader.md,2026-10-01,Archive container boundary is verified; typed resource/factory dispatch after record lookup remains unresolved.
BND-007,RESOURCE_ARCHIVE,RESOURCE_LOADING,cross_subsystem,STEAM_PC;GOG_PC,006B0000 / 006AF370 / 006AF5B0 / 006AFE40,"Reads archive record headers, recognizes XZP1 payload framing, decompresses zlib 1.2.1 payloads in bounded chunks, and returns raw or extracted record buffers.",VERIFIED,steam DP_decompiled.c:426444-427010; gog DP_decompiled.c:324251-324817,findings/formats/dpserial_archive_loader.md,2026-10-01,Closes archive extraction; typed XPC/XMD/XAM parser and object construction remain open.
BND-008,RESOURCE_LOADING,RESOURCE_LOADING,internal_lifecycle,STEAM_PC;GOG_PC,006B33F0/006B3760 callback at resource-manager +0x10,"Extracted record data is converted into a 0x30-byte descriptor, passed through an indirect callback at manager +0x10 under the +0x388 mutex, then copied into the per-record table and its validity/reference count is incremented.",STRONG_INFERENCE,steam DP_decompiled.c:429391-429505; gog DP_decompiled.c:327198-327312; CFlkUtil vtable/destructor assembly,findings/formats/dpserial_archive_loader.md,2026-10-01,Indirect callback is direct evidence of a typed-registration seam; concrete callback target/class consumers remain unresolved.
BND-009,RESOURCE_LOADING,RESOURCE_LOADING,internal_lifecycle,STEAM_PC;GOG_PC,006B2570 -> manager +0x10 -> 006B33F0/006B3760,"Manager initializer receives a callback pointer, stores it at +0x10, allocates a 0x30-stride record table at +0x0C, and later registration paths invoke the callback with (0, descriptor, record_id) under mutex +0x388.",VERIFIED,"steam DP_decompiled.c:428529-428554,429391-429505; gog corresponding ranges; raw assembly 006B2570/006B3760",findings/formats/dpserial_archive_loader.md,2026-10-01,"Callback target semantics and typed consumer class remain unresolved, but field initialization and indirect call contract are direct."
BND-010,RESOURCE_LOADING,RESOURCE_LOADING,internal_lifecycle,STEAM_PC;GOG_PC,00408310/004082D0 constructor callback,"Constructor at 004017C0 supplies this callback to 006B2570; callback dispatches extracted record names by extension, directly constructing/initializing XMD/XPC paths and routing many other resource families to dedicated helpers.",VERIFIED,steam DP_decompiled.c:7487-7665; gog DP_decompiled.c:7441-7619; raw constructor call 004017C0,findings/formats/typed_resource_dispatch.md,2026-10-01,Extension dispatch is verified; individual helper payload semantics and resulting object ownership remain unresolved.
BND-011,RESOURCE_LOADING,RENDER_D3D9,cross_subsystem,STEAM_PC;GOG_PC,00408310/004082D0 .XMD/.XPC branches,Typed extension callback directly constructs CRdMesh for XMD and allocates/writes CRdPicture for XPC before helper population and resource-state assignment.,VERIFIED,"steam DP_decompiled.c:7537-7576,7666-7750; gog corresponding ranges; raw vtable writes",findings/formats/typed_resource_dispatch.md,2026-10-01,Class identity and vtable are direct; complete payload parsing/ownership remains open.
BND-012,RESOURCE_LOADING,RENDER_D3D9,cross_subsystem,STEAM_PC;GOG_PC,006B5190/006B50E0 XPC2 parser -> CRdPicture,"Validates XPC2 magic, derives byte/ushort grid dimensions, allocates 0x20-byte child records, inflates each subpayload, copies the normalized XPC2 buffer, and stores resource state in CRdPicture fields.",VERIFIED,steam DP_decompiled.c:431227-431327; gog corresponding 006B50E0 range; typed dispatch finding,findings/formats/typed_resource_dispatch.md,2026-10-01,Payload parser and class boundary are verified; downstream render consumer semantics remain open.
BND-013,RESOURCE_LOADING,RENDER_D3D9,cross_subsystem,STEAM_PC,006B58D0 XPC2 texture helper,Creates a 2D or cube D3D9 texture from normalized in-memory payload and stores/releases texture-holder slots through 006B59A0.,VERIFIED,steam DP_decompiled.c:431614-431685; calls.csv:73793-73800,findings/boundaries/xpc2_d3d9_texture.md,2026-10-01,Child-field selection and exact holder identity remain open.
BND-014,RESOURCE_LOADING,ANIMATION,cross_subsystem,STEAM_PC;GOG_PC,0070BD20/0070BCC0 -> 0070C020 XMD animation state,Normalizes XMD payload state and converts 0x90-spaced matrix blocks into quaternion/transform records consumed by CRdMesh-side code.,VERIFIED,steam DP_decompiled.c:488940-489089; gog paired helper; typed dispatch finding,findings/boundaries/xmd_animation.md,2026-10-01,Exact XMD header field names remain open.
BND-015,ANIMATION,OBJECT_DISPATCH,cross_subsystem,STEAM_PC,006BE460 and 006C1430 -> 0070C020/0070C130,"Populates owner animation records, classifies node names into type codes, and updates owner transform/animation state through a higher-level actor update path.",STRONG_INFERENCE,findings/boundaries/xmd_crdmesh_consumer.md;findings/boundaries/animation_model_state_submission.md,findings/boundaries/xmd_crdmesh_consumer.md,2026-10-03,Owner class and final renderer method remain open. Taxonomy normalization 2026-10-02: ANIMATION -> ANIMATION; GAME_OBJECT_DISPATCH -> OBJECT_DISPATCH. SelectedSteam006C1430 modelreceiver/output-to-packetnowC0144/C0145; broader006BE460 taxonomy/fullmechanisms stay originalSI. Seedfield-index correctionK0021.
BND-016,APPLICATION_LIFECYCLE,RESOURCE_LOADING,cross_subsystem,STEAM_PC;GOG_PC,004051F0/004051C0 -> 006B2570,Initializes CSingleton<CRdData> at 0x38C and passes the returned pointer as this to the resource manager initializer before callback registration.,VERIFIED,steam/gog DP_full.asm startup; resource manager root finding,findings/formats/resource_manager_root.md,2026-10-01,CRdData responsibilities outside resource loading remain open.
BND-017,RESOURCE_LOADING,PLAYER_ACTOR,cross_subsystem,STEAM_PC,006118C0 -> 006B2BE0 -> virtual +0x54,Resolves a valid CRdData manager record +0x18 handle/state and passes it to an object virtual slot during animation/resource state transitions.,VERIFIED,steam DP_decompiled.c:336756-336856; resource descriptor field finding,findings/boundaries/resource_handle_object_dispatch.md,2026-10-01,Object class and indexed-resource semantics remain open.
BND-018,RESOURCE_LOADING,NATIVE_UI,cross_subsystem,STEAM_PC;GOG_PC,0045C9F0/0045CA20 message/overlay dispatcher,"Initializes CMessage, routes message IDs through resource/UI helpers including XPC2 child accessors, and emits overlay/text geometry through paired message rendering helpers.",STRONG_INFERENCE,steam DP_decompiled.c:72222-73340; gog paired body; calls.csv 9891-9920 and corresponding GOG,findings/boundaries/message_overlay_dispatch.md,2026-10-01,Message taxonomy and final UI ownership remain open.
BND-019,RESOURCE_LOADING,ANIMATION,cross_subsystem,STEAM_PC,00461060 -> 006BE460 -> 006C1430,Resource/actor validity gates precede XMD animation-array population and animation-to-actor transform update; attached object slots receive sibling validity-gated updates.,VERIFIED,steam DP_decompiled.c:75007-75042; calls.csv:40179-40180,findings/boundaries/xmd_actor_lifecycle.md,2026-10-01,Owner class and final renderer invocation remain open.
BND-020,ANIMATION,OBJECT_DISPATCH,cross_subsystem,STEAM_PC,006C1850 -> owner +0x68 and 0xA0-stride records,Blends XMD-derived node transforms with quaternion slerp/multiply and writes final object-state transforms before the unresolved renderer handoff.,STRONG_INFERENCE,steam DP_decompiled.c:438413-438572; calls.csv:74678-74701,findings/boundaries/xmd_transform_blending.md,2026-10-02,Owner class and final D3D9 draw path remain open. Taxonomy normalization 2026-10-02: ANIMATION -> ANIMATION; GAME_OBJECT_DISPATCH -> OBJECT_DISPATCH.
BND-021,RESOURCE_LOADING,RENDER_D3D9,cross_subsystem,STEAM_PC,004C60B0/004C62E0/004C63B0 -> 006B2C70/006B2BE0,"XMD/XPC paired resource lifecycle paths use manager field +0x1C for validity/object-state checks, release/reconstruction, and an optional +0x18 third-record path.",VERIFIED,steam DP_decompiled.c:147787-147935; calls.csv:19934-19945,findings/boundaries/resource_tail_xmd_xpc_lifecycle.md,2026-10-01,Concrete field subtype
BND-022,ANIMATION,OBJECT_DISPATCH,cross_subsystem,STEAM_PC,006C2020 animation records -> bounds/visibility state,"Consumes XMD-derived node records, applies transforms and flag checks, and writes owner bounds/visibility preparation state before final render.",STRONG_INFERENCE,steam DP_decompiled.c:438590-438789; calls.csv:74702-74729,findings/boundaries/xmd_bounds_visibility_prep.md,2026-10-02,Final renderer invocation remains open. Taxonomy normalization 2026-10-02: ANIMATION -> ANIMATION; GAME_OBJECT_DISPATCH -> OBJECT_DISPATCH.
BND-023,ANIMATION,OBJECT_DISPATCH,cross_subsystem,STEAM_PC,006BE6E0 -> owner virtual +0x4C,"Allocates animation state, runs animation/bounds preparation, performs object post-processing, and invokes the owner virtual handoff before publishing lifecycle state.",STRONG_INFERENCE,steam DP_decompiled.c:437007-437093; calls.csv:74446-74449,findings/boundaries/xmd_object_render_handoff.md,2026-10-02,Virtual target and final D3D9 draw semantics remain open. Taxonomy normalization 2026-10-02: ANIMATION -> ANIMATION; GAME_OBJECT_DISPATCH -> OBJECT_DISPATCH.
BND-024,OBJECT_DISPATCH,ANIMATION,cross_subsystem,STEAM_PC;GOG_PC,005E7620/005E76F0 selector factory -> 006BE6E0,"Selector factories route object types to concrete constructors; selector 0x28 precedes the XMD animation/object handoff, providing the class-specific vtable search root.",VERIFIED,steam DP_decompiled.c:310967-311215; gog paired factory; selector 0x28 callsites,findings/boundaries/selector_object_factory.md,2026-10-01,Complete selector-to-class/vtable mapping remains open.
BND-025,OBJECT_DISPATCH,ANIMATION,cross_subsystem,STEAM_PC;GOG_PC,selector 0x28 -> CLevel vtable -> 006BE6E0,CLevel constructors/destructors and vtables are directly paired for selector 0x28; subsequent animation/object handoff uses the CLevel virtual +0x4C target.,VERIFIED,steam DP_decompiled.c:292487-292515; gog DP_decompiled.c:225653-225680; raw .rdata vtable bytes,findings/boundaries/selector_object_factory.md,2026-10-01,Other selector owners and final render semantics remain open.
BND-026,ANIMATION,RESOURCE_LOADING,cross_subsystem,STEAM_PC;GOG_PC,CLevel vtable +0x4C -> 006C0620/006C04D0,Raw vtable slot resolution reaches paired CLevel resource/attachment update bodies after 006BE6E0 animation/object preparation.,DISPROVEN,findings/boundaries/phase5_world_resource_retirement.md;findings/boundaries/clevel_virtual_4c.md,findings/boundaries/clevel_virtual_4c.md,2026-10-04,"Other selector-owner slot mappings and final D3D9 draw semantics remain open. Historical+4C slotroute contradicted byC0182; localhelperbody facts retained separately, notthisfalse join. SeePhase5 correction. Originalinformalcitation retained: raw .rdata 007798AC/0077989C; Steam/GOG decompilation;findings/boundaries/phase5_world_resource_retirement.md"
BND-027,OBJECT_DISPATCH,EFFECTS,cross_subsystem,STEAM_PC;GOG_PC,selector 0x1A/0x1B -> CEffectRain/CEffectHaze,"Selector factory cases route to paired effect constructors with concrete vtables and destructors, establishing object-dispatch to effects class boundaries.",VERIFIED,steam/gog DP_decompiled.c constructors; effect vtable symbols; selector factory,findings/boundaries/selector_effect_classes.md,2026-10-01,Effect virtual slot mapping and full lifecycle remain open.
BND-028,OBJECT_DISPATCH,ANIMATION,cross_subsystem,STEAM_PC,00718F00 actor/effect cleanup,"Releases actor/effect arrays, clears animation node flags, and resets lifecycle state after object/resource activity.",VERIFIED,steam DP_decompiled.c:497133-497269; calls.csv callers,findings/boundaries/actor_effect_cleanup.md,2026-10-02,Owner class and selector-specific effect ownership remain open. Taxonomy normalization 2026-10-02: GAME_OBJECT_DISPATCH -> OBJECT_DISPATCH; ANIMATION -> ANIMATION.
BND-029,OBJECT_DISPATCH,OBJECT_DISPATCH,internal_lifecycle,STEAM_PC;GOG_PC,selector 0x46 -> CObject vtable,"Selector factory routes selector 0x46 to CObject constructors with build-specific vtables, adding a concrete object-class root for broader selector ownership mapping.",VERIFIED,steam/gog constructor xrefs and symbols; selector factory,findings/boundaries/selector_object_factory.md,2026-10-01,Concrete subtype and lifecycle remain open.
BND-030,OBJECT_DISPATCH,NATIVE_UI,cross_subsystem,STEAM_PC;GOG_PC,selector 0x34-0x37 -> CShop/CHelp/CPassword/CChess,"Paired selector factory cases allocate matched object sizes and invoke constructors that directly write named CShop, CHelp, CPassword, and CChess vtables.",VERIFIED,Steam/GOG DP_decompiled.c; xrefs.csv; symbols.csv; selector factory,findings/boundaries/selector_object_factory.md,2026-10-01,This establishes class-dispatch roots only; full native-menu lifecycle and final rendering remain open.
BND-031,OBJECT_DISPATCH,FISHING,cross_subsystem,STEAM_PC;GOG_PC,selector 0x38 -> CFishing,Paired selector factories allocate 0x170-byte CFishing objects and call constructors that directly write CFishing vtables; paired teardown restores the CRdObject base vtable.,VERIFIED,Steam/GOG DP_decompiled.c; xrefs.csv; symbols.csv; selector factory,findings/subsystems/fishing.md,2026-10-01,Fishing task lifecycle virtual slots ownership and rendering remain open.
BND-032,OBJECT_DISPATCH,NATIVE_UI,cross_subsystem,STEAM_PC;GOG_PC,selector 0x39 -> COption,Paired selector factories allocate 0x768-byte COption objects and invoke constructors that directly write COption vtables; adjacent methods use the CMessage overlay dispatcher.,VERIFIED,Steam/GOG DP_decompiled.c; xrefs.csv; symbols.csv; selector factory,findings/boundaries/selector_object_factory.md,2026-10-01,COption destructor ownership virtual slots and full UI lifecycle remain open.
BND-033,OBJECT_DISPATCH,EFFECTS,cross_subsystem,STEAM_PC;GOG_PC,selector 0x3B -> CFade,Paired selector factories allocate 0x1D0-byte CFade objects and invoke constructors that directly write CFade vtables; a nearby CFadeManager singleton is structurally distinct.,VERIFIED,Steam/GOG DP_decompiled.c; xrefs.csv; symbols.csv; selector factory,findings/boundaries/selector_object_factory.md,2026-10-01,CFade lifecycle virtual slots and manager/object relationship remain open.
BND-034,OBJECT_DISPATCH,NATIVE_UI,cross_subsystem,STEAM_PC;GOG_PC,selector 0x3C -> CSignOutMessage,Paired selector factories allocate 0x160-byte CSignOutMessage objects and invoke constructors that directly write paired vtables.,VERIFIED,Steam/GOG DP_decompiled.c; xrefs.csv; symbols.csv; selector factory,findings/boundaries/selector_object_factory.md,2026-10-01,Lifecycle and virtual slots remain open.
BND-035,OBJECT_DISPATCH,NATIVE_UI,cross_subsystem,STEAM_PC;GOG_PC,selector 0x3D -> CMonolog,Paired selector factories allocate 0x5D0-byte CMonolog objects and invoke constructors that directly write paired vtables.,VERIFIED,Steam/GOG DP_decompiled.c; xrefs.csv; symbols.csv; selector factory,findings/boundaries/selector_object_factory.md,2026-10-01,Larger state-machine lifecycle and virtual slots remain open.
BND-036,OBJECT_DISPATCH,EFFECTS,cross_subsystem,STEAM_PC;GOG_PC,selector 0x3E -> CTarBomb,Paired selector factories allocate 0x510-byte CTarBomb objects and invoke constructors that directly write paired outer-object vtables plus embedded CSoundLoop vtables at +0x4D8.,VERIFIED,Steam/GOG DP_decompiled.c; xrefs.csv; symbols.csv; selector factory,findings/boundaries/selector_object_factory.md,2026-10-01,Outer lifecycle slots and embedded subobject field semantics remain open.
BND-037,OBJECT_DISPATCH,EFFECTS,cross_subsystem,STEAM_PC;GOG_PC,selector 0x3F -> CGeorgeAxe,Paired selector factories allocate 0x538-byte CGeorgeAxe objects and invoke constructors that directly write paired vtables.,VERIFIED,Steam/GOG DP_decompiled.c; xrefs.csv; symbols.csv; selector factory,findings/boundaries/selector_object_factory.md,2026-10-01,Lifecycle and virtual-slot semantics remain open.
BND-038,OBJECT_DISPATCH,EFFECTS,cross_subsystem,STEAM_PC;GOG_PC,selector 0x40 -> CObjectCHookChain,Paired selector factories allocate 0x690-byte CObjectCHookChain objects and invoke constructors that directly write paired outer vtables plus embedded CSoundLoop vtables at +0x434.,VERIFIED,Steam/GOG DP_decompiled.c; xrefs.csv; symbols.csv; selector factory,findings/boundaries/selector_object_factory.md,2026-10-01,Outer lifecycle slots and embedded subobject field semantics remain open.
BND-039,OBJECT_DISPATCH,EFFECTS,cross_subsystem,STEAM_PC;GOG_PC,selector 0x41 -> CObjectCTackleChain,Paired selector factories allocate 0x708-byte CObjectCTackleChain objects and invoke constructors that directly write paired outer vtables plus embedded CSoundLoop vtables at +0x434.,VERIFIED,Steam/GOG DP_decompiled.c; xrefs.csv; symbols.csv; selector factory,findings/boundaries/selector_object_factory.md,2026-10-01,Outer lifecycle slots and embedded subobject field semantics remain open.
BND-040,OBJECT_DISPATCH,EFFECTS,cross_subsystem,STEAM_PC;GOG_PC,selector 0x42 -> CObjectCPhysicsChain,Paired selector factories allocate 0x5C8-byte CObjectCPhysicsChain objects and invoke constructors that directly write paired outer vtables plus embedded CSoundLoop vtables at +0x434.,VERIFIED,Steam/GOG DP_decompiled.c; xrefs.csv; symbols.csv; selector factory,findings/boundaries/selector_object_factory.md,2026-10-01,Outer lifecycle slots and embedded subobject field semantics remain open.
BND-041,NATIVE_UI,RENDER_D3D9,cross_subsystem,STEAM_PC;GOG_PC,0064D810/raw 0064D760 -> task callback +0x44 -> 00647730/00647680,"Paired raw blocks create native task objects, store the paired high-fanout dispatcher addresses in task field +0x44 through 006BAB80/006BAAD0, and initiate task state.",VERIFIED,Steam/GOG raw assembly; DP_decompiled.c callback helpers,findings/subsystems/high_centrality_00647730.md,2026-10-01,Callback phase and full subsystem ownership remain open; RENDER_D3D9 is retained only from the dispatcher's existing direct-import evidence.
BND-042,OBJECT_DISPATCH,FISHING,cross_subsystem,STEAM_PC;GOG_PC,selector 0x43 -> CFishingPerson,Paired selector factories allocate 0x858-byte CFishingPerson objects and invoke constructors that directly write paired vtables; paired teardown candidates rewrite the class vtables before inherited-state cleanup.,VERIFIED,Steam/GOG DP_decompiled.c; xrefs.csv; symbols.csv; selector factory,findings/subsystems/fishing.md,2026-10-01,Exact fishing gameplay role
BND-043,OBJECT_DISPATCH,FISHING,cross_subsystem,STEAM_PC;GOG_PC,selector 0x44 -> CThrowLure,Paired selector factories allocate 0x4C8-byte CThrowLure objects and invoke constructors that directly write paired vtables; paired teardown candidates restore the class vtables before base cleanup.,VERIFIED,Steam/GOG DP_decompiled.c; xrefs.csv; symbols.csv; selector factory,findings/subsystems/fishing.md,2026-10-01,Gameplay role
BND-044,OBJECT_DISPATCH,OBJECT_DISPATCH,internal_lifecycle,STEAM_PC;GOG_PC,selector 0x47 -> CObjectDoor,"Paired selector factories allocate base CObjectDoor objects and invoke paired constructors that directly write CObjectDoor vtables; wrist, hand, broken, slide, and push-door constructors reuse the base constructor before their own vtable writes.",VERIFIED,Steam/GOG DP_decompiled.c; xrefs.csv; symbols.csv; selector factory,findings/boundaries/selector_object_factory.md,2026-10-01,Base teardown
BND-045,OBJECT_DISPATCH,OBJECT_DISPATCH,internal_lifecycle,STEAM_PC;GOG_PC,selectors 0x48-0x4E -> seven object roots,The paired selector range is exhaustively resolved to seven named classes with matched allocation sizes and paired constructor/teardown vtable writes.,VERIFIED,Steam/GOG DP_decompiled.c; xrefs.csv; H0026-H0032,findings/subsystems/selector_48_4e_object_range.md,2026-10-01,Class construction boundaries are direct; behavior
BND-046,OBJECT_HANDLE_SERVICE,OBJECT_DISPATCH,cross_subsystem,STEAM_PC;GOG_PC,006C5FD0/006C5AD0 -> 01481358 -> 006C7780/006C7280,High-fanin wrappers resolve packed handles through static CRdHandleUtil 01481358 only after index and generation validation.,VERIFIED,Steam/GOG DP_decompiled.c;DP_full.asm,findings/boundaries/object_handle_lifecycle.md,2026-10-01,CRdHandleUtil class and lifecycle are resolved; complete producer taxonomy and reuse behavior remain open.
BND-047,OBJECT_DISPATCH,OBJECT_DISPATCH,internal_lifecycle,STEAM_PC;GOG_PC,005E7620/005E76F0 full paired selector census,The paired selector factory has been exhausted for direct named-vtable construction roots; matching factory cases establish class creation boundaries and explicit embedded-object splits.,VERIFIED,Steam/GOG DP_decompiled.c;xrefs;selector census,findings/subsystems/selector_factory_direct_vtable_census.md,2026-10-01,Class behavior
BND-048,OBJECT_DISPATCH,OBJECT_HANDLE_SERVICE,cross_subsystem,STEAM_PC;GOG_PC,00BD7670 registration/retirement -> 01481358 CRdHandleUtil,Paired active-object registration calls CRdHandleUtil allocation and writes the returned packed handle at object +0x3C; paired retirement uses that field to release the slot and generation flag.,VERIFIED,Steam/GOG DP_decompiled.c;DP_full.asm;H0175-H0180,findings/boundaries/object_handle_lifecycle.md,2026-10-01,CPlayer and outer CNpcKiller have direct construction-to-registration paths. Embedded CMustachesAdmin and CNpcRecord independent registration remains unresolved.
BND-049,OBJECT_DISPATCH,OBJECT_HANDLE_SERVICE,cross_subsystem,STEAM_PC;GOG_PC,source +0x30 type 7 -> selector 0x08 -> CNpcKiller -> 00BD7670 -> 01481358,Paired type-dispatch helpers select CNpcKiller; successful selector-factory completion registers the outer object and stores a CRdHandleUtil packed handle at outer +0x3C.,VERIFIED,Steam/GOG DP_decompiled.c;DP_full.asm;H0175;H0182,findings/boundaries/cnpc_killer_factory_registration.md,2026-10-01,Establishes outer CNpcKiller registration only; embedded CNpcRecord independent registration remains unknown.
BND-051,OBJECT_DISPATCH,OBJECT_HANDLE_SERVICE,cross_subsystem,STEAM_PC;GOG_PC,successful 005E7620/005E76F0 selector result -> 00BD7670 -> 01481358,"Factory success tail passes every constructed outer selector result to active-object registration, which assigns/stores the CRdHandleUtil packed handle at outer +0x3C.",VERIFIED,Steam/GOG DP_full.asm:005E951B-005E9526/005E95EB-005E95F6;DP_decompiled.c;H0175,findings/boundaries/embedded_object_lifecycle_pattern.md,2026-10-01,"Applies to successful factory outer objects, including CPlayer, CNpcKiller, and CFishingPerson; does not establish subobject registration."
BND-052,FISHING,OBJECT_DISPATCH,cross_subsystem,STEAM_PC;GOG_PC,CFishingPerson -> separately allocated CMustachesAdmin pointer,"Paired constructors allocate 0x3C, initialize a CMustachesAdmin object, and store its pointer at outer +0x7F0.",VERIFIED,Steam/GOG DP_decompiled.c:337989-338120;262335-262466;DP_full.asm,findings/boundaries/embedded_object_lifecycle_pattern.md,2026-10-01,"Separate allocation establishes parent-held helper storage, not independent manager or handle registration."
BND-053,OBJECT_DISPATCH,OBJECT_HANDLE_SERVICE,cross_subsystem,STEAM_PC;GOG_PC,non-factory direct callers -> 006C5AE0/006C55E0 -> 01481358,"Bounded direct-caller census finds fixed-vtable, callback-owned, caller-retained, batch, global-retained, and pre-existing-object paths that all invoke active-object registration and obtain an outer +0x3C handle.",VERIFIED,scratch/direct_active_registration_callers.json;DP_full.asm;direct caller decompilation,findings/boundaries/direct_active_registration_producer_census.md,2026-10-01,One CThrowLure caller re-registers an already selector-factory-created result; tracked as contradiction K0007 rather than normalized into the producer rule.
BND-055,FISHING,OBJECT_HANDLE_SERVICE,cross_subsystem,STEAM_PC;GOG_PC,CThrowLure selector 0x44 -> duplicate 006C5AE0/006C55E0 registration,"The factory registers CThrowLure in bucket 0; the caller then registers the same pointer again in bucket 0. The second call self-links active-list fields, allocates a distinct handle, and overwrites object +0x3C.",VERIFIED,Steam/GOG DP_decompiled.c;DP_full.asm;CRdHandleUtil code,findings/boundaries/cthrowlure_registration_invariant.md,2026-10-01,"Release reads current +0x3C only, so the first mapping is not cleared by the generic release service."
BND-056,OBJECT_DISPATCH,OBJECT_HANDLE_SERVICE,cross_subsystem,STEAM_PC;GOG_PC,CThrowLure local teardown / manager reset -> generic retirement -> current-handle release,"Object-local teardown and slot +8 cleanup never read +0x3C. Manager-local retirement unlinks current links, releases only current +0x3C, then deletes. Manager reset delegates to retirement and does not directly clear CRdHandleUtil globally.",VERIFIED,Steam/GOG DP_decompiled.c;DP_full.asm;01481358 xref census,findings/boundaries/cthrowlure_retirement_reset_scope.md,2026-10-01,No reviewed static path clears the stale first mapping created by CThrowLure duplicate registration.
BND-057,OBJECT_DISPATCH,OBJECT_HANDLE_SERVICE,cross_subsystem,STEAM_PC;GOG_PC,manager reset -> broadcast slot +0x30 -> CThrowLure mark -> generic retirement,"Manager reset first broadcasts with selector 0, then invokes generic retirement. Selector 0 accepts every iterated entry, but manager field +0x18E0 == 2 bypasses virtual slot +0x30; otherwise CThrowLure maps that slot to the sole direct +0x29=0x80 writer. Both loops advance from object +0x54 before dispatch/deletion; the duplicate-registration self-link returns CThrowLure itself as next cursor.",VERIFIED,006C58B0/006C53B0;006C5DF0/006C58F0;006C5DA0/006C58A0;006BAB20/006BAA70;CThrowLure vtable bytes;findings/boundaries/cthrowlure_retirement_marker_iterator.md,findings/boundaries/cthrowlure_retirement_marker_iterator.md,2026-10-01,Static control-flow only. Reset invocation frequency and actual runtime aftermath are not established.
BND-058,FISHING,OBJECT_DISPATCH,cross_subsystem,STEAM_PC;GOG_PC,CFishingPerson teardown -> control-bit broadcast -> selected active objects,"CFishingPerson teardown calls the paired control-bit broadcast, which filters active objects with selector kind 2/value 0x17 then ORs the selected object +0x2B and sends event 13. The reviewed path does not read CFishingPerson +0x7F0, CMustachesAdmin child-handle slots, CRdHandleUtil, or generic retirement.",VERIFIED,0060F290/0060F3A0;005E6CF0/005E6DC0;006C5ED0/006C59D0;006BB180/006BB0D0;findings/boundaries/cmustachesadmin_cmustache_children.md,findings/boundaries/cmustachesadmin_cmustache_children.md,2026-10-01,No static basis to identify selector-2 value 0x17 objects as CMustache children.
BND-059,NATIVE_UI,OBJECT_DISPATCH,cross_subsystem,STEAM_PC;GOG_PC,0064D810/0064D760 -> selector-0 task -> +0x44 callback -> 00647730/00647680,"Gate passes into selector-0 active-task factory, state initialization, callback write at task +0x44, and immediate callback seam event 0.",VERIFIED,Steam/GOG DP_full.asm;DP_decompiled.c;findings/boundaries/native_task_callback_lifecycle.md,findings/boundaries/native_task_callback_lifecycle.md,2026-10-01,Later callback cadence and teardown are not established.
BND-060,NATIVE_UI,APPLICATION_LIFECYCLE,cross_subsystem,STEAM_PC;GOG_PC,selector-0 active task +0x44 callback -> private state -> message presentation helper,Registered active task invokes paired callback through +0x44; callback selector state drives repeated calls to paired CSingleton<CMessage>-consulting helper. Scheduler generic object dispatch is a separate direct static path.,STRONG_INFERENCE,findings/boundaries/native_task_connective_architecture.md,findings/boundaries/native_task_connective_architecture.md,2026-10-01,No runtime order/cadence relationship between task callback and scheduler dispatcher.
BND-061,NATIVE_UI,NATIVE_UI,internal_lifecycle,STEAM_PC;GOG_PC,00642640/00642590 -> grouped availability reset including 0147693C,"Paired transition roots clear task availability byte with scene/input/transition globals but do not directly replace callback, release handle, or retire task.",VERIFIED,findings/boundaries/native_task_availability_reset_boundary.md,findings/boundaries/native_task_availability_reset_boundary.md,2026-10-01,"Shared gate reset, not proven task destruction."
BND-062,RESOURCE_LOADING,WORLD_STREAMING,cross_subsystem,STEAM_PC;GOG_PC,CRdData +0x1C -> 005DCA50/005DCB20 -> CLevel +0x160/+0x164,"Paired level attachment resolves LEVEL%03d.XMD and LEVEL%03d.XPC record objects, creates selector-0x28 CLevel, and stores the pair as CLevel setup inputs before animation/resource attachment processing.",VERIFIED,findings/boundaries/crdpicture_clevel_resource_attachment.md,findings/boundaries/crdpicture_clevel_resource_attachment.md,2026-10-02,Establishes a level-object pair attachment; not final D3D9 submission or universal CRdPicture ownership.
BND-063,WORLD_STREAMING,OBJECT_DISPATCH,cross_subsystem,STEAM_PC;GOG_PC,CLevel virtual +0x4C -> 006C0620/006C04D0 -> 006C07D0/006C02E0,CLevel virtual attachment updates enter build-specific resource/attachment branches and then paired selection logic that scans three attachment entries for N_HEAD and records a selected pointer/index.,DISPROVEN,findings/boundaries/clevel_virtual_attachment_selection.md;findings/boundaries/phase5_world_resource_retirement.md,findings/boundaries/clevel_virtual_attachment_selection.md,2026-10-04,"No direct D3D9 submission edge is present in the reviewed targets. Historical+4C slotroute contradicted byC0182; localhelperbody facts retained separately, notthisfalse join. SeePhase5 correction."
BND-064,OBJECT_DISPATCH,ANIMATION,cross_subsystem,STEAM_PC;GOG_PC,shared attachment-compatible fields -> 006BF550/006BF060; CLevel teardown 006C1320/006C0E30,"CLevel teardown clears selected attachment state, while a distinct paired shared actor-family transform helper reads compatible attachment offsets. A direct CLevel-to-helper edge is not recovered.",STRONG_INFERENCE,findings/boundaries/shared_actor_attachment_interface_correction.md,findings/boundaries/shared_actor_attachment_interface_correction.md,2026-10-02,Corrected from prior CLevel-specific transform ownership; final renderer remains unproven.
BND-065,OBJECT_DISPATCH,ANIMATION,cross_subsystem,STEAM_PC;GOG_PC,actor-family vtable +0x50 -> 00417650/00417620 -> 006BF550/006BF060,Twenty raw actor-family vtables share virtual +0x50 handler that conditionally invokes paired attachment-aware transform update helper during a resource/state branch.,VERIFIED,findings/boundaries/shared_actor_attachment_interface_correction.md,findings/boundaries/shared_actor_attachment_interface_correction.md,2026-10-02,Frame-phase/cadence is not established by static direct-call evidence.
BND-066,APPLICATION_LIFECYCLE,OBJECT_DISPATCH,cross_subsystem,STEAM_PC;GOG_PC,00401A70 -> 006C5FF0/006C5AF0 generic active-object phases,Paired scheduler-driven generic dispatch iterates active objects and invokes slots +0x0C/+0x10/+0x14/+0x18/+0x1C/+0x30/+0x48; no direct +0x50 virtual call is present.,VERIFIED,findings/boundaries/shared_actor_vslot50_generic_dispatch_negative.md,findings/boundaries/shared_actor_vslot50_generic_dispatch_negative.md,2026-10-02,Constrains but does not disprove a separate frame path for shared actor virtual +0x50.
BND-067,NATIVE_UI,NATIVE_UI,internal_lifecycle,STEAM_PC;GOG_PC,0147693C -> 005019B0/00501A80;00537270/00537340,Availability byte gates a narrow action/resource path and subsequent camera/state work; readers do not directly alter callback registration or active-object lifecycle.,VERIFIED,findings/boundaries/native_task_availability_reader_scope.md,findings/boundaries/native_task_availability_reader_scope.md,2026-10-02,"Task replacement, retirement, and cadence remain unproven."
BND-068,RESOURCE_LOADING,ANIMATION,cross_subsystem,STEAM_PC;GOG_PC,SEEDG XAM -> CObjectSpecies +0x54 -> 006B9020/006B8F70 resource binding,CObjectSpecies XAM receiver enters paired resource-binding transition that releases prior owned storage on identity change and records current/previous resource state before attachment continuation.,VERIFIED,findings/boundaries/xam_resource_binding_state.md,findings/boundaries/xam_resource_binding_state.md,2026-10-02,XAM grammar and resource subtype remain unknown.
BND-069,RESOURCE_LOADING,WORLD_STREAMING,cross_subsystem,STEAM_PC;GOG_PC,D%02d.XCA -> CRdInterp +0x04/+0x08/+0x0C/+0x10,"XCA scene state helper validates XCA1 magic, retains resource pointer, and allocates header-count-driven CRdInterp arrays.",VERIFIED,findings/formats/xca_crdinterp_parser.md,findings/formats/xca_crdinterp_parser.md,2026-10-02,XCA detailed grammar and array semantics unknown.
BND-070,RESOURCE_LOADING,WORLD_STREAMING,cross_subsystem,STEAM_PC;GOG_PC,OGE60511.XNV -> CObjectCHookChain x5 + CObjectCTackleChain,"Paired XNV root uses selector 0x40 to create five HookChain objects and selector 0x41 for one TackleChain, then forwards XNV/companion resources to object setup.",VERIFIED,findings/boundaries/xnv_hook_tackle_chain_classes.md,findings/boundaries/xnv_hook_tackle_chain_classes.md,2026-10-02,XNV payload grammar unknown.
BND-071,RESOURCE_LOADING,EVENT_SCRIPT,cross_subsystem,STEAM_PC;GOG_PC,DSB -> event-core candidate slot scan -> dispatch,"DSB wrapper scans existing event-core candidates 0..0x17F through predicates, activates first match, and forwards descriptor byte.",VERIFIED,findings/formats/dsb_event_core_slot_selection_limit.md,findings/formats/dsb_event_core_slot_selection_limit.md,2026-10-02,No DSB-local header grammar exposed.
BND-072,RESOURCE_LOADING,EFFECTS,cross_subsystem,STEAM_PC;GOG_PC,XWP package -> registered CEffect -> 00676520/00676470 lifecycle callback,XWP setup creates/configures CEffect and assigns paired event lifecycle callback that initializes and updates effect runtime state.,VERIFIED,findings/boundaries/xwp_ceffect_callback_lifecycle.md,findings/boundaries/xwp_ceffect_callback_lifecycle.md,2026-10-02,XWP grammar and copied package field meanings unknown.
BND-073,APPLICATION_LIFECYCLE,OBJECT_DISPATCH,cross_subsystem,STEAM_PC;GOG_PC,00700650/00700670 idle loop -> 00401A70 frame root,"Eligible idle message-loop iteration computes bounded frame delta, updates frame globals, calls frame root once, then post-frame/cursor work.",VERIFIED,findings/boundaries/application_idle_frame_loop.md,findings/boundaries/application_idle_frame_loop.md,2026-10-02,Frame gate outcome/cadence beyond direct control flow unknown.
BND-074,RENDER_D3D9,APPLICATION_LIFECYCLE,cross_subsystem,STEAM_PC;GOG_PC,device loss/restart helpers -> D3D9 resource registry release/recreate,On device loss release cached 2D/cube/volume textures and vertex buffers; after reset recreate each from stored descriptors before frames resume.,VERIFIED,findings/boundaries/d3d9_device_resource_reset_lifecycle.md,findings/boundaries/d3d9_device_resource_reset_lifecycle.md,2026-10-02,Registry descriptor ownership and fields unresolved.
BND-075,RESOURCE_LOADING,RENDER_D3D9,cross_subsystem,STEAM_PC;GOG_PC,XPC2 texture cleanup -> texture registry reverse lookup -> cleanup,"XPC2 texture-holder cleanup passes COM texture to registry reverse lookup, which finds descriptor slot +0x10 match and dispatches registry cleanup.",VERIFIED,findings/boundaries/xpc2_d3d9_registry_cleanup.md,findings/boundaries/xpc2_d3d9_registry_cleanup.md,2026-10-02,Registry owner/provenance unresolved.
BND-076,PLATFORM_WIN32,APPLICATION_LIFECYCLE,cross_subsystem,STEAM_PC;GOG_PC,WndProc mouse messages -> 014AFFC8/C4 globals; 004012B0 no-op,WndProc stores coordinate globals and calls paired no-op hook; no translator-owned state is recovered.,VERIFIED,findings/boundaries/win32_mouse_translator_noop.md,findings/boundaries/win32_mouse_translator_noop.md,2026-10-02,Downstream coordinate readers/gameplay mapping unknown.
BND-077,AUDIO,PLATFORM_WIN32,cross_subsystem,STEAM_PC;GOG_PC,IMediaEventEx SetNotifyWindow(0x8001) -> WndProc -> 007364B0/007361C0,"DirectShow graph registers application HWND notification; WndProc drains IMediaEventEx events, frees parameter sets, and latches EC_COMPLETE.",VERIFIED,findings/boundaries/win32_directshow_media_event_boundary.md,findings/boundaries/win32_directshow_media_event_boundary.md,2026-10-02,Runtime event posting cadence and source/media semantics unknown.
BND-054,OBJECT_DISPATCH,OBJECT_HANDLE_SERVICE,cross_subsystem,STEAM_PC;GOG_PC,CMustachesAdmin child slots -> CMustache -> 00BD7670 -> 01481358,"Paired CMustachesAdmin creator blocks ensure three 0x628 CMustache children, register each active object, and store packed handles in parent fields +0x2C/+0x30/+0x34.",VERIFIED,findings/boundaries/cmustache_gog_creator_raw_recovery.md,findings/boundaries/cmustache_gog_creator_raw_recovery.md,2026-10-02,GOG creator continuation is raw-byte verified; child-handle ownership remains distinct from CMustachesAdmin registration and parent-triggered child release is unresolved.
BND-050,EVENT_SCRIPT,OBJECT_DISPATCH,cross_subsystem,STEAM_PC;GOG_PC,call-local 0x40 factory request +0x30 -> 004AB200/004AB2E0 -> selector factory,"Reviewed paired event/configuration callers clear and initialize a stack-local request, populate type byte +0x30, then synchronously pass it to the mapper; value 7 selects outer CNpcKiller selector 0x08.",VERIFIED,findings/boundaries/cnpc_factory_request_stack_lifetime.md,findings/boundaries/cnpc_factory_request_stack_lifetime.md,2026-10-02,"Request schema, all producer families, and type-7 gameplay meaning remain unknown; no CNpcRecord field is implicated. Taxonomy normalization 2026-10-02: GAME_EVENT -> EVENT_SCRIPT; OBJECT_DISPATCH -> OBJECT_DISPATCH."
BND-078,NATIVE_UI,NATIVE_UI,internal_lifecycle,STEAM_PC;GOG_PC,"0045C9F0/0045CA20 -> 0045A590/0045A5C0; CMessage-linked context, forwarded receiver","Paired dispatcher lazily roots 00BDA000, passes code and forwarded ECX/EBX receiver to the +0x44 record resolver, and branches on returned categories. Receiver-to-singleton alias is unresolved.",VERIFIED,inputs/decompiler/steam/DP_decompiled.c:72222-73520; inputs/decompiler/gog/DP_decompiled.c:64953-66251; findings/boundaries/cmessage_high_centrality_dispatcher.md; inputs/decompiler/steam/DP_full.asm:106948-106985; inputs/decompiler/gog/DP_full.asm:99322-99359,findings/boundaries/cmessage_high_centrality_dispatcher.md,2026-10-02,"Internal CMessage record-resolution boundary. Table producer, code semantics, broader UI ownership, and runtime cadence remain unresolved. Curator 2026-10-02: via CSingleton means the linked lazy-root path, not proof that its result is the record-resolver receiver."
BND-079,OBJECT_DISPATCH,NATIVE_UI,cross_subsystem,STEAM_PC;GOG_PC,selector 0x34 CShop -> setup -> current-handle retention/poll,"Paired command and native-task paths pass concrete factory CShop to setup, retain its current packed handle, and native state 11 polls object existence before retiring the task receiver.",VERIFIED,findings/boundaries/cshop_external_handles.md,findings/boundaries/cshop_external_handles.md,2026-10-02,CShop pointer setup and external lifetime dependency verified; external handles do not prove ownership or CShop retirement invocation.
BND-080,NATIVE_UI,NATIVE_UI,internal_lifecycle,STEAM_PC;GOG_PC,CShop selector callback -> event-one state 3 -> CShop +0x30 -> manager marked retirement/delete,Concrete CShop installs callback from record 008BF800; manager +0x0C emits event 1; handler state 3 can invoke CShop +0x30; marker enables generic iterator handle release and CShop deleting slot.,VERIFIED,findings/boundaries/cshop_callback_retirement.md,findings/boundaries/cshop_callback_retirement.md,2026-10-02,"Conditional static chain; no runtime state selection, recurrence, or live deletion asserted."
BND-081,NATIVE_UI,MEDIA_PLAYBACK,cross_subsystem,STEAM_PC;GOG_PC,title/control -> 00BD9E48 CSingleton<CRdMovie> -> shared movie graph open/update/stop,"Named lazy movie shell receives requested/fallback source, owns active/helper state, uses shared COM graph session, and explicit stop supplies same root to cleanup/reset.",VERIFIED,findings/boundaries/crdmovie_directshow_owner.md,findings/boundaries/crdmovie_directshow_owner.md,2026-10-02,Graph interfaces include audio but general game-audio root remains unserved; no movie singleton free invocation/cadence inferred.
BND-082,RESOURCE_LOADING,WORLD_STREAMING,cross_subsystem,STEAM_PC;GOG_PC,XPC typed descriptor/CRdData owner -> LEVEL.XPC lookup -> CLevel +0x164 retainer,"Callback constructs concrete 0x10 CRdPicture, descriptor +0x1C is copied into manager table, getter returns that wrapper to named CLevel retention; callback mode 1 clears/deletes the manager record object.",VERIFIED,findings/boundaries/xpc_resource_positive_portfolio.md,findings/boundaries/xpc_resource_positive_portfolio.md,2026-10-02,Manager-side owner/delete interface positive; CLevel pointer retention does not prove independent ownership or unload dependency coordination.
BND-083,WORLD_STREAMING,OBJECT_DISPATCH,cross_subsystem,STEAM_PC;GOG_PC,013936F0 CMap -> +0xA3F98/01437688 CLevel retained array -> H0207 attach,"Static CMap is the concrete receiver of five named-level attach sites per build, initializes 64 pointer slots and retains the registered CLevel results at the existing resource/object seam.",VERIFIED,findings/boundaries/cmap_world_level_owner_root.md,findings/boundaries/cmap_world_level_owner_root.md,2026-10-02,Not CLevel or active-manager identity; registration authority remains active manager. CMap-level retirement/update order deferred to a typed lifecycle discriminator.
BND-084,OBJECT_DISPATCH,RENDER_D3D9,cross_subsystem,STEAM_PC;GOG_PC,00BD7670/00BD9E68 CSingleton<CRdSceneDraw> -> CRdObject consumer interface and embedded declaration/shader/texture members,Exact rooted scene-draw-layer receiver owns selected active-object registration/phase/retirement methods and constructs separate typed render-resource members; own deleting interface differs from dispatched object tables and application cleanup.,VERIFIED,findings/boundaries/crdscenedraw_active_manager_interface.md,findings/boundaries/crdscenedraw_active_manager_interface.md,2026-10-02,"Aggregation/interface boundary only; final draw/submission algorithm, all object slots and cache-free invocation remain unknown."
BND-085,APPLICATION_LIFECYCLE,MEDIA_PLAYBACK,cross_subsystem,STEAM_PC;GOG_PC,00401A70 -> 00401C75 -> 00401440 -> 004016FC -> 00700500/00700520; root 00BD9E48,"Both bit-31 order/context arms converge after object repeat loop; selected context is staged before movie same-root ECX call. Nonzero return controls a local helper block, not completion.",VERIFIED,findings/boundaries/application_media_phase_placement.md,findings/boundaries/application_media_phase_placement.md,2026-10-03,"Positive independent media continuation, not a movie-only mode branch, measured cadence or full world/lifetime placement."
BND-086,OBJECT_DISPATCH,AUDIO,cross_subsystem,STEAM_PC,startup004017C0 -> installed raw00454D50 event1 -> CSound0046F360 -> CSdCore0072C3F0 / CSdMain00720980,Startup registers callback task; accepted object phase2/event1 interface supplies conditional use. Exact getter EAX-to-ECX provenance distinguishes all three audio receivers.,VERIFIED,findings/boundaries/gameplay_audio_organizing_roots.md,findings/boundaries/gameplay_audio_organizing_roots.md,2026-10-03,"Conditional selected static boundary only; actual task selection, human mode names, live cadence and safe resource/root free UNKNOWN."
BND-087,WORLD_STREAMING,AUDIO,cross_subsystem,STEAM_PC,CMap013936F0 +0x10 at01393700 -> CSound0046F360 guard0046F385,"State value3 selects auxiliary audio work; other values join at0046F4EB before core/main maintenance. C0119 independently supplies selected installed-task writers of3/4; human world-state meaning, complete policy and live chronology remain UNKNOWN.",VERIFIED,findings/boundaries/gameplay_audio_organizing_roots.md;findings/boundaries/cmap_state_resource_phase_placement.md,findings/boundaries/gameplay_audio_organizing_roots.md,2026-10-03,"Conditional selected static boundary only; actual task selection, human mode names, live cadence and safe resource/root free UNKNOWN."
BND-088,WORLD_STREAMING,RESOURCE_LOADING,cross_subsystem,STEAM_PC,005D26B0 state7 -> [00BD768C]006B29E0 -> descriptor+2C/+14; CMap01437688 clear,Selected tag force-counter requests precede64-pointer clear and state8; tag-to-specific retained CLevel/resource mapping not proven.,VERIFIED,findings/boundaries/cmap_state_resource_phase_placement.md,findings/boundaries/cmap_state_resource_phase_placement.md,2026-10-03,Selected static typed connection; full incoming central selector/named modes/live cadence/safe unload remain UNKNOWN.
BND-089,APPLICATION_LIFECYCLE,RESOURCE_LOADING,cross_subsystem,STEAM_PC,00401C92/00401C98 -> acquiredCRdData006B2A40 ->006B3AA0,Post-object-repeat/context-media/retirement frame-tail pending work can invokeevent1 release callbacks and payload/record cleanup.,VERIFIED,findings/boundaries/cmap_state_resource_phase_placement.md,findings/boundaries/cmap_state_resource_phase_placement.md,2026-10-03,Selected static typed connection; full incoming central selector/named modes/live cadence/safe unload remain UNKNOWN.
BND-090,WORLD_STREAMING,NATIVE_UI,cross_subsystem,STEAM_PC,rawselector13 ->0044ACD0/0044A040 -> fixedCMap005D1B00 -> resource/code calls,Selected event0x12 composite gates includingCMap1/2 invoke class-proven CMap resource/index/timer consumer and narrow0045C9F0 code dispatcher; incoming selector and receiver alias unresolved.,VERIFIED,findings/boundaries/cmap_state_resource_phase_placement.md,findings/boundaries/cmap_state_resource_phase_placement.md,2026-10-03,Selected static typed connection; full incoming central selector/named modes/live cadence/safe unload remain UNKNOWN.
BND-091,OBJECT_DISPATCH,WORLD_STREAMING,cross_subsystem,STEAM_PC,0063EA20/0064EBF0 installedraw00637C80/0064DB70 event1 -> CMap01393700,"Accepted registered-task/event1 interfaces supply conditional selection for concrete3->4/assignment3 world-state writers, not once-per-frame execution.",VERIFIED,findings/boundaries/cmap_state_resource_phase_placement.md,findings/boundaries/cmap_state_resource_phase_placement.md,2026-10-03,Selected static typed connection; full incoming central selector/named modes/live cadence/safe unload remain UNKNOWN.
BND-092,APPLICATION_LIFECYCLE,PHYSICS_PHYSX,cross_subsystem,STEAM_PC,004017C0 ->006CC290 ->006EAAD0 -> acquiredCPhysicsCore006EC450;00401310 ->006CC670 ->006EAAF0 -> same-root006F9040,Startup getter-derived ECX establishes sharedSDK/core init before recurring loop; shutdown same-root ECX invokes dependency/session cleanup. Cached object destructor/free is separate.,VERIFIED,findings/boundaries/cphysicscore_lifecycle_root.md,findings/boundaries/cphysicscore_lifecycle_root.md,2026-10-03,"Root code placement/receiver only; init success, worker scheduling, final SDK release and actual singleton cachefree unknown."
BND-093,APPLICATION_LIFECYCLE,INPUT_CAMERA,cross_subsystem,STEAM_PC,004017C0->00408D80->00409610;00401A70->00708350/007099D0,Typed00BD9E10 acquisition and framecommit thenconditionalproducer beforeobjectdispatch.,VERIFIED,findings/boundaries/input_camera_primary_roots.md,findings/boundaries/input_camera_primary_roots.md,2026-10-03,Onlyselected staticorder;+BC0pollgate; nofrequency/latency/shutdowninvocation claim.
BND-094,INPUT_CAMERA,INPUT_CAMERA,internal_lifecycle,STEAM_PC,CInput00708A30->CCamera00537660;+ECaxis->+70,Committedroot axis accessor with rawECX/roottyped atboth ends; selectedthreshold andfieldchange.,VERIFIED,findings/boundaries/input_camera_primary_roots.md,findings/boundaries/input_camera_primary_roots.md,2026-10-03,Horizontal/yaw labelsSTRONG_INFERENCE; no mode/cadence/angularspeed claim.
BND-095,OBJECT_DISPATCH,INPUT_CAMERA,cross_subsystem,STEAM_PC,006C5FF0 phase5->0052E0D0->005354D0,Typedmanager phase5 conditionalpackedobject/CMap/actor/flag gates feed acquiredCCamera dispatcher; phase6follows.,VERIFIED,findings/boundaries/input_camera_primary_roots.md,findings/boundaries/input_camera_primary_roots.md,2026-10-03,"Mode9 skipped,selectedmode!=9continuation only. Allpaths/namedmodes/livecadence UNKNOWN."
BND-096,APPLICATION_LIFECYCLE,SAVE_GAMERECORD,cross_subsystem,STEAM_PC,0040A320 CGame00BDA004;00642640 event1/private6->00647130,TypedsharedCGame acquisition andselectednumerictransition invokes recordroundtrip; incomingwholeframeplacementunknown.,VERIFIED,findings/boundaries/cgame_record_reconstruction_root.md,findings/boundaries/cgame_record_reconstruction_root.md,2026-10-03,Private6notCMapstate6; nofriendlymode/diskread/cadence/free interpretation.
BND-097,SAVE_GAMERECORD,SAVE_GAMERECORD,internal_lifecycle,STEAM_PC,0061A830 backupBE8->live8C568;00647130 live->backup->restore,"SameCGame45CC0byte transfers, twobackup patches, signedresume-domain decode anddifferentbefore/aftercopyflagsemantics.",VERIFIED,findings/boundaries/cgame_record_reconstruction_root.md,findings/boundaries/cgame_record_reconstruction_root.md,2026-10-03,Embeddedrecordmechanics only; C0007 wholefixedfile28recordschema unpromoted.
BND-098,SAVE_GAMERECORD,PLAYER_ACTOR,cross_subsystem,STEAM_PC,typedCPlayer selector1/event0->00506F70;CGame00509080->CPlayer,Concrete nativecreation reconstruction guardslivebit31/+99042!=FF thencopies recordCAE0/CAF0 totypedactor; selectedsameactor state40request.,VERIFIED,findings/boundaries/cgame_record_reconstruction_root.md,findings/boundaries/cgame_record_reconstruction_root.md,2026-10-03,"Noinvented immediate0061A830->creationcallstack, completeworldreconstruction, diskIO orlivecadence."
BND-099,WORLD_STREAMING,VEHICLE,cross_subsystem,STEAM_PC,CCar008C29F0;005F5DD0;005F5DC0 (paired method mechanics in finding),Concrete typed static-root callers retain selected lookup+73C or write request63; Steam world-transition uses acquiredCGame bit1 guard.,VERIFIED,findings/boundaries/vehicle_organizing_root.md,findings/boundaries/vehicle_organizing_root.md,2026-10-03,Selected use; not exclusive vehicle actor ownership or full world cadence.
BND-100,VEHICLE,OBJECT_DISPATCH,cross_subsystem,STEAM_PC;GOG_PC,005F8400/005F8500 ->distincttask/raw005F5DF0/005F5EF0,Installed task initializes static CCar members; event1 request63/tag61 then task+30 mark and CCar+73C clear.,VERIFIED,findings/boundaries/vehicle_organizing_root.md,findings/boundaries/vehicle_organizing_root.md,2026-10-03,Task receiver differs from CCar; actual recurrence/descriptor release/actor lifetime UNKNOWN.
BND-101,VEHICLE,PHYSICS_PHYSX,cross_subsystem,STEAM_PC;GOG_PC,CObjectCar own+A4 event5 ->00555B50/00555C20,Raw typed actor event/bit8000 route to secondary list/scalar-fed D8/DC and bounded4E0->E0 outputs; physical ABI interpretation SI.,STRONG_INFERENCE,findings/boundaries/vehicle_organizing_root.md,findings/boundaries/vehicle_organizing_root.md,2026-10-03,Underlying type/call/offset mechanics VERIFIED C0128; exact middleware identity/API labels/frameplacement/cadence not promoted.
BND-102,APPLICATION_LIFECYCLE,RENDER_D3D9,cross_subsystem,STEAM_PC,typed006D1610/006D2B40/006D32E0/006D2880;scene63A8,Acquiredroot startupcollection ->pre-render clear/fill ->stagedcontext conditionalconsume ->invokedshutdown outercollection delete/clear.,VERIFIED,findings/boundaries/scene_submission_pointer_pipeline.md,findings/boundaries/scene_submission_pointer_pipeline.md,2026-10-03,C0116/C0117 spine reused; actual cachefree/allmodecadence notpromoted.
BND-103,ACTOR_OBJECTS,RENDER_D3D9,cross_subsystem,STEAM_PC,CLevel/CPlayer installed44=00405E40/28=006BD4C0;006E1150->scene63A8,Typedmodel-interface capacity/packet/validity mechanics compatible with selected queryobject packetgetter/append; actual concreteclassmembership missing.,VERIFIED,findings/boundaries/scene_submission_pointer_pipeline.md,findings/boundaries/scene_submission_pointer_pipeline.md,2026-10-03,Structuralinterfaceproperty/packet pointerjoin only; no actualCLevel/CPlayer perframe membershipclaim.
BND-104,RESOURCE_LOADING,RENDER_D3D9,cross_subsystem,STEAM_PC,packet84<-model160/88<-model164;tag1 005D7CB0/006D57B0,Exact packet-resource fields feedselected picturepayloadword8 gate andmodelresource consumer; typedCLevel mesh/picture associationreused.,VERIFIED,findings/boundaries/scene_submission_pointer_pipeline.md,findings/boundaries/scene_submission_pointer_pipeline.md,2026-10-03,No actor attribution to88; complete format/pass/GPU/actualclassmembership semantics unproven.
BND-105,OBJECT_DISPATCH,FISHING,cross_subsystem,STEAM_PC,selector43/callback00619FD0;typedCFishingPerson+0C->event1->00614F00,Typedregisteredactor callbackgenealogy andconditionalphase2/nativeevent1 same-this privateupdate orretirementmark path.,VERIFIED,findings/boundaries/fishing_primary_owner_update.md,findings/boundaries/fishing_primary_owner_update.md,2026-10-03,"Staticselected order, notallmode/cadence/free proof."
BND-106,FISHING,FISHING,internal_lifecycle,STEAM_PC,CLayoutMng01470678;CFishingLine atactor83C,Actorconstruction allocatesdistincttypedhelpers; nativeevent18 useslayoutroot andtypedupdater readsline9CC.,VERIFIED,findings/boundaries/fishing_primary_owner_update.md,findings/boundaries/fishing_primary_owner_update.md,2026-10-03,No generalUIassociation/exclusiveownership/helperfree orfullalgorithm claim.
BND-107,FISHING,ANIMATION,cross_subsystem,STEAM_PC,typedCFishingPerson+0C006BCB70->006BF550 thennativeevent1,Newclass-provenadapter givesH0212 transformbeforecallback order andactor1FCresult storage inconditionalobjectphase2.,VERIFIED,findings/boundaries/fishing_primary_owner_update.md,findings/boundaries/fishing_primary_owner_update.md,2026-10-03,H0212body reused; not+50incomingdispatcher oranimation-to-finalGPU/cadence closure.
BND-108,FISHING,OBJECT_DISPATCH,cross_subsystem,STEAM_PC,typedCFishingLine+8<-acceptedCThrowLure00627240 result,Concretetypedretainer outsideolddispatcher/global/marker/directcleanup sources; no new cleanupanalysis.,VERIFIED,findings/boundaries/fishing_primary_owner_update.md,findings/boundaries/fishing_primary_owner_update.md,2026-10-03,"Documentedoldtrigger satisfied; newline deleting/cleanup sourceeligible, notsafe lifetime orruntime aftermath."
BND-109,EFFECTS,EFFECTS,internal_lifecycle,STEAM_PC,CFadeManager00BDBCC4->CFade4/8/C,Typed acquisitionandactualstartupinit/retention; shellconstructor isnotpointerinitialization.,VERIFIED,findings/boundaries/effects_organizing_roots_and_use.md,findings/boundaries/effects_organizing_roots_and_use.md,2026-10-03,Primaryselectedscope; noexclusiveownership/safeunload/cachefree/all-mode placement orGOGpromotion.
BND-110,APPLICATION_LIFECYCLE,EFFECTS,cross_subsystem,STEAM_PC,00454D50 event0->004496C0;00401440 tail->0044AC10,Reusedstartup-installedcallback andnewtailnumeric/latch/globalgates givepositiveconditional effects lifecycle/use.,VERIFIED,findings/boundaries/effects_organizing_roots_and_use.md,findings/boundaries/effects_organizing_roots_and_use.md,2026-10-03,Primaryselectedscope; noexclusiveownership/safeunload/cachefree/all-mode placement orGOGpromotion.
BND-111,EFFECTS,RENDER_D3D9,cross_subsystem,STEAM_PC,CFade0044A040/0044AC10->CRdPrim006E3360;Haze00667960->CRdPrim alias00BD7680,Typed effectdatasupplier isdistinctfromacquiredrendererreceiver; nofinalGPU/cadence claim.,VERIFIED,findings/boundaries/effects_organizing_roots_and_use.md,findings/boundaries/effects_organizing_roots_and_use.md,2026-10-03,Primaryselectedscope; noexclusiveownership/safeunload/cachefree/all-mode placement orGOGpromotion.
BND-112,WORLD_STREAMING,EFFECTS,cross_subsystem,STEAM_PC,CMap+A3D24/A3D28 Rain/Haze retainers;typednativecallbacks,"Exactmember/globalalias, selectedfactorypointerstore andconditionalHaze event1/event0F materialuse; actualdrawselection andretirementjoins UNKNOWN.",VERIFIED,findings/boundaries/effects_organizing_roots_and_use.md,findings/boundaries/effects_organizing_roots_and_use.md,2026-10-03,Primaryselectedscope; noexclusiveownership/safeunload/cachefree/all-mode placement orGOGpromotion.
BND-113,EVENT_SCRIPT,OBJECT_DISPATCH,cross_subsystem,STEAM_PC,CDemo00427A90->006C5930/006BAB80->004213D0 event0,Actualtypedrequest/native-task creation withdistinctstaticroot/taskreceivers; synchronousbit31activation andconditionalexitmark/reentry.,VERIFIED,findings/boundaries/cdemo_context_selector_provenance.md,findings/boundaries/cdemo_context_selector_provenance.md,2026-10-03,NewSteam selectedscope; oldH0205/taskavailability/rawselectorincoming bounds unchanged. Noall-mode/atomicframe/finaldelete/free claim.
BND-114,EVENT_SCRIPT,APPLICATION_LIFECYCLE,cross_subsystem,STEAM_PC,CDemo+4 producer/clear->reusedC0117 contextselector,Connectsrootedproducer toacceptedconditionalframe/object/media split; separate reads/possible reentry preserve nonlatched/cadence limits.,VERIFIED,findings/boundaries/cdemo_context_selector_provenance.md,findings/boundaries/cdemo_context_selector_provenance.md,2026-10-03,NewSteam selectedscope; oldH0205/taskavailability/rawselectorincoming bounds unchanged. Noall-mode/atomicframe/finaldelete/free claim.
BND-115,INPUT_CAMERA,EVENT_SCRIPT,cross_subsystem,STEAM_PC,00642640 private103:CInput00404400->00708910 guard beforeCDemo+4clear,Concrete acquiredhelperreceiver/queryresult contributes to selectednumericreset; originaldispatcherincomingowner andbutton/channelsemantics unknown.,VERIFIED,findings/boundaries/cdemo_context_selector_provenance.md,findings/boundaries/cdemo_context_selector_provenance.md,2026-10-03,NewSteam selectedscope; oldH0205/taskavailability/rawselectorincoming bounds unchanged. Noall-mode/atomicframe/finaldelete/free claim.
BND-116,APPLICATION_LIFECYCLE,RENDER_D3D9,cross_subsystem,STEAM_PC,CRdSceneDraw1CA4/COctTree;006D1706/006D288C,Typedstartup ->70-byte COctTree allocation/configuration; invokedshutdown ->selectedchild/root/vector deletion ->memberclear.,VERIFIED,findings/boundaries/scene_query_member_lifecycle.md,findings/boundaries/scene_query_member_lifecycle.md,2026-10-03,C0116 spine reused; no actualscene cachefree orpointed-to objectdelete claim.
BND-117,ACTOR_OBJECTS,RENDER_D3D9,cross_subsystem,STEAM_PC,CLevel/CPlayer virtual48=004029B0; object14C->006BC040/node58,Selectednode assignment/replacement stores currentnode andappends actualoriginal objectpointer; laterqueryreturnsnode->objectcollection.,VERIFIED,findings/boundaries/scene_query_member_lifecycle.md,findings/boundaries/scene_query_member_lifecycle.md,2026-10-03,Typed interface path andexactobjectvalue; actual liveclassselection/safe detach/free UNKNOWN.
BND-118,OBJECT_DISPATCH,RENDER_D3D9,cross_subsystem,STEAM_PC,006C6090 selectedphase13 ->objectvirtual48(scene1CA4);006D2B40 query seam,Conditionalobjectphase13 supplies acquiredquerymember; subsequentpre-render006BC100/node58 objectlookup precedes reusedpacketgeneration/submission.,VERIFIED,findings/boundaries/scene_query_member_lifecycle.md,findings/boundaries/scene_query_member_lifecycle.md,2026-10-03,"Static selectedplacement, notfrequency/rebuild/allmode policy. Firstuntyped edge concrete scene1CAC class selection."
BND-119,APPLICATION_LIFECYCLE,NATIVE_UI,cross_subsystem,STEAM_PC,CMenu01476978/0076BA90/0076DDD0/00640210,Staticctor/registeredfinalizer andactualtypedselectedreset supplyorganizingreceiver; noactualfinalizerfree proof.,VERIFIED,findings/boundaries/cmenu_organizing_task_use.md,findings/boundaries/cmenu_organizing_task_use.md,2026-10-03,"Selectedstatictypededge, notruntimecadence/allmode/safelifetime/GOG closure."
BND-120,OBJECT_DISPATCH,NATIVE_UI,cross_subsystem,STEAM_PC,006545B0/selector1 CRdObjectModel/raw00654490,Actualroot request->registeredtypedmodel->callback; reusedphase2 model0Cevent1 switchesfromtaskargument tostaticCMenu receiver.,VERIFIED,findings/boundaries/cmenu_organizing_task_use.md,findings/boundaries/cmenu_organizing_task_use.md,2026-10-03,"Selectedstatictypededge, notruntimecadence/allmode/safelifetime/GOG closure."
BND-121,INPUT_CAMERA,NATIVE_UI,cross_subsystem,STEAM_PC,00654B43/48/4A/57/5A,"SelectedCMenu state/guard->acquiredCInputquery->sameCMenu20<-24; exactnumericarguments, buttonsemantics unknown.",VERIFIED,findings/boundaries/cmenu_organizing_task_use.md,findings/boundaries/cmenu_organizing_task_use.md,2026-10-03,"Selectedstatictypededge, notruntimecadence/allmode/safelifetime/GOG closure."
BND-122,NATIVE_UI,INPUT_CAMERA,cross_subsystem,STEAM_PC,006516E0 selectedprefix/00651785,Installedmenu event1 use obtains typedCCamera andsetsreceiver11Cbit1 beforemenumodedispatch; flagclear/policy unknown.,VERIFIED,findings/boundaries/cmenu_organizing_task_use.md,findings/boundaries/cmenu_organizing_task_use.md,2026-10-03,"Selectedstatictypededge, notruntimecadence/allmode/safelifetime/GOG closure."
BND-123,OBJECT_DISPATCH,ANIMATION,cross_subsystem,STEAM_PC,CRdObjectModel/CPlayer10=006BCBE0 ->006C1430 ->0070C130,Acquiredscene numericphase4 originalobject10(0) ->same model selectedmatrix evaluation;160 resource/1E4 state/1E8 output. Actualcreation C0143/C0126 reused.,VERIFIED,findings/boundaries/animation_model_state_submission.md,findings/boundaries/animation_model_state_submission.md,2026-10-03,"Conditional gates/typedinterface, notactualclassselection/frequency oroldgeneric+50."
BND-124,ANIMATION,RENDER_D3D9,cross_subsystem,STEAM_PC,same model1E8 ->006BD4C0/0070CF90 ->packet80/148 ->scene63A8,Selectedevaluatedmatrix buffer feeds sameinstance packettransformedcopy; object44->28 population andgetter/append joinconditionalobject/update-before-pre-render spine.,VERIFIED,findings/boundaries/animation_model_state_submission.md,findings/boundaries/animation_model_state_submission.md,2026-10-03,Existingvalidpacketcanbypass; no lateststate-perframe/GPU/exclusiveowner/safelifetime/GOG assertion.
BND-125,SAVE_GAMERECORD,PLATFORM_WIN32,cross_subsystem,STEAM_PC,CSaveData op3/00409790 ->00408C80->00408B20,Queuedpointer/count reaches namedfileReadFile/temp→same suppliedstaging;protocolresult criteria differfromactualtransfervalidation,VERIFIED,findings/boundaries/save_disk_staging_record_chain.md,findings/boundaries/save_disk_staging_record_chain.md,2026-10-03,Receiver/valuegenealogypositive;fullstate/ownership/free/runtime/builds notassumed.
BND-126,SAVE_GAMERECORD,SAVE_GAMERECORD,internal_lifecycle,STEAM_PC,CSaveData completion ->CPreserve+1DC ->header01388510/CGame,Busyclear/result0 permits selectedheaderconsume;separatenumericoperation3/commitcopiesstagingrecordsintoCGame;no automaticchronology,VERIFIED,findings/boundaries/save_disk_staging_record_chain.md,findings/boundaries/save_disk_staging_record_chain.md,2026-10-03,Receiver/valuegenealogypositive;fullstate/ownership/free/runtime/builds notassumed.
BND-127,SAVE_GAMERECORD,PLAYER_ACTOR,cross_subsystem,STEAM_PC,00BE6010 ->sharedCGame+8C568 ->reusedC0126 consumer,Newselecteddirectliverecordcommit supplies samebyteblock readbyalreadytypedactorconsumer underbit31/+CADAgates;notimmediatecreator callstack,VERIFIED,findings/boundaries/save_disk_staging_record_chain.md,findings/boundaries/save_disk_staging_record_chain.md,2026-10-03,Receiver/valuegenealogypositive;fullstate/ownership/free/runtime/builds notassumed.
BND-128,PHYSICS_PHYSX,PLATFORM_WIN32,cross_subsystem,STEAM_PC,raw0040B630 ->00712A20 ->CreateThread/00712D30,Availablehelper transfersactualtypedfixedcontext asOSargument;samecontextslot4loop. Invokedstart/success notestablished.,VERIFIED,findings/boundaries/physics_context_vector_activation.md,findings/boundaries/physics_context_vector_activation.md,2026-10-03,Scopedavailable/invoked/actualruntime distinction; noSDKABI/timing/free-safety promotion.
BND-129,PHYSICS_PHYSX,PHYSICS_PHYSX,internal_lifecycle,STEAM_PC,context1C CNArray20/28;0040BC50/0040BAF0/0040B700,"Selectedsamecontainerappend/dedup→worker/null consumer; pointerandcount genealogy,not two-list analogy.",VERIFIED,findings/boundaries/physics_context_vector_activation.md,findings/boundaries/physics_context_vector_activation.md,2026-10-03,Scopedavailable/invoked/actualruntime distinction; noSDKABI/timing/free-safety promotion.
BND-130,PHYSICS_PHYSX,PHYSICS_PHYSX,internal_lifecycle,STEAM_PC,CPhysicsThread0040BBA0/registeredarrayfinalizer,Runflag/wake→vectorfree/fieldclear implementation;quiescentjoin/actualfinalizerinvocation UNKNOWN.,VERIFIED,findings/boundaries/physics_context_vector_activation.md,findings/boundaries/physics_context_vector_activation.md,2026-10-03,Scopedavailable/invoked/actualruntime distinction; noSDKABI/timing/free-safety promotion.
BND-131,RESOURCE_LOADING,PLATFORM_WIN32,cross_subsystem,STEAM_PC,01481130 /006B2570->006B3BA0->00712A20/CreateThread/00712D30,Invoked class-proven same-receiver argument and virtual4 entry boundary; API call not runtime-success receipt.,VERIFIED,findings/boundaries/resource_worker_typed_handoff.md,findings/boundaries/resource_worker_typed_handoff.md,2026-10-03,Selected static code/value connections; neither caller-local synchronous load nor full success/cadence/free/build guarantee.
BND-132,RESOURCE_LOADING,RESOURCE_LOADING,internal_lifecycle,STEAM_PC,006B1310 /CLoadThread queue24/queued_counter20 versusdirect3C/3E/40,Distinct retained low16index/control8 producer-to-worker protocols; queueerase/latecount versus directpublication/wait/clear; actual per-request temporal serialization UNKNOWN.,VERIFIED,findings/boundaries/resource_worker_typed_handoff.md,findings/boundaries/resource_worker_typed_handoff.md,2026-10-03,Selected static code/value connections; neither caller-local synchronous load nor full success/cadence/free/build guarantee.
BND-133,RESOURCE_LOADING,RESOURCE_ARCHIVE,cross_subsystem,STEAM_PC,006B4F20->acquiredCRdData006B2780->006B33F0 callback/descriptor,"Getter-derived resource receiver/argument identity andconditional control8/status/12-dword recordcommit; full family/value ownership,success propagation andsafe unload remainUNKNOWN.",VERIFIED,findings/boundaries/resource_worker_typed_handoff.md,findings/boundaries/resource_worker_typed_handoff.md,2026-10-03,Selected static code/value connections; neither caller-local synchronous load nor full success/cadence/free/build guarantee.
BND-134,RESOURCE_LOADING,AUDIO,cross_subsystem,STEAM_PC,3A0B/SND_SE4E and3A05/SE_LIST64->CSound6604/55B0,Primary resource/asset-backed selectedparameter views anduppercasekey->inline named-node address retention; no residentpayload/fullPRM/schema/free claim.,VERIFIED,findings/boundaries/audio_descriptor_request_record_chain.md,findings/boundaries/audio_descriptor_request_record_chain.md,2026-10-03,Selected static symbolic chain only; important Opus results personally replayed/verified. No all-audio/GOG/runtime/complete selectedbank claim.
BND-135,AUDIO,AUDIO,internal_lifecycle,STEAM_PC,CSound0046AA90->acquiredCSdMain007203A0->acquiredCSdCore0072CFE0,"Actualtypedreceiver/value/marker1/flags0 handoff, retainedmainrow/coreoutput anddistinctT/K/Q domains; pointer/backreference copying isnotownership orbackend-success.",VERIFIED,findings/boundaries/audio_descriptor_request_record_chain.md,findings/boundaries/audio_descriptor_request_record_chain.md,2026-10-03,Selected static symbolic chain only; important Opus results personally replayed/verified. No all-audio/GOG/runtime/complete selectedbank claim.
BND-136,AUDIO,AUDIO,internal_lifecycle,STEAM_PC,symbolicP4/14/2C->core/status->014B01FC indexed bank-C/E14slot0,"Conditionalraw field/value/foreigninterface consumerinstructions; selectednamed-node field producer/content isfirstmissingedge, no concretebank/API/name/success/lifetime.",VERIFIED,findings/boundaries/audio_descriptor_request_record_chain.md,findings/boundaries/audio_descriptor_request_record_chain.md,2026-10-03,Selected static symbolic chain only; important Opus results personally replayed/verified. No all-audio/GOG/runtime/complete selectedbank claim.
BND-137,NATIVE_UI,NATIVE_UI,internal_lifecycle,STEAM_PC,CMenu40/28/rawstate5-6->9-10/floatgate/80,"Newtypednumericproducer andfutureconditionalselectedcommit; orderedgate interpretation verified byactualx87 examples, notliveframechronology/fullmode.",VERIFIED,findings/boundaries/cmenu_numeric_game_slot_commit.md,findings/boundaries/cmenu_numeric_game_slot_commit.md,2026-10-03,"Scopedstaticconnection; conditionalM20/index/threshold/98E48 guards explicit. Slotcontainment inexistingrecordcopy isreuse, notnewsave transactionproof."
BND-138,NATIVE_UI,APPLICATION_LIFECYCLE,cross_subsystem,STEAM_PC,"00655C3B->004FDAF0 acquiredCGame983C4 selected85,999",Concreteconditionalpointer/value/actualreceiver/ABI andindexedstate SUB/signedclamp; incomingauxreceiverseparatefromgetterG. No friendlyinventory/free/persistence/API orsuccessstatus.,VERIFIED,findings/boundaries/cmenu_numeric_game_slot_commit.md,findings/boundaries/cmenu_numeric_game_slot_commit.md,2026-10-03,"Scopedstaticconnection; conditionalM20/index/threshold/98E48 guards explicit. Slotcontainment inexistingrecordcopy isreuse, notnewsave transactionproof."
BND-139,VEHICLE,OBJECT_DISPATCH,cross_subsystem,STEAM_PC,005ED660 typedCObjectCar result/005ED853 actual005C92C0 publication,"Successfultypedproducer retainedESI/selector0x53 ->actualmutable+44 callback publication/initialevent0, with opaqueinterveningsetup andouterowner limits.",VERIFIED,findings/boundaries/cobjectcar_callback_control_chain.md,findings/boundaries/cobjectcar_callback_control_chain.md,2026-10-03,Endpointfacts conditionalonhelperreturn/livepointer/postselector/stateinputs; notcadence/finalstate orsafeownership.
BND-140,OBJECT_DISPATCH,OBJECT_DISPATCH,internal_lifecycle,STEAM_PC,005C61B0 stackactor/directD8-DC/opaque0139368C operation,Selectedcommoncallback necessarysideeffect directmask0x8(bit3)/snapshots versus explicitglobalpointer/import/00712D50 firstnestedopaqueedge. NoactorECX/preservation inference.,VERIFIED,findings/boundaries/cobjectcar_callback_control_chain.md,findings/boundaries/cobjectcar_callback_control_chain.md,2026-10-03,Endpointfacts conditionalonhelperreturn/livepointer/postselector/stateinputs; notcadence/finalstate orsafeownership.
BND-141,OBJECT_DISPATCH,VEHICLE,cross_subsystem,STEAM_PC,005C92C0 postcall0x53 ->00543160 state1 endpoint,Concreteconditional sameactorroute/nonzero1FD4/state1 ->controlwrites/1FD8=2. Actualinput/own+A4posteﬀect/fullprotocol/SDK/free remainunknown.,VERIFIED,findings/boundaries/cobjectcar_callback_control_chain.md,findings/boundaries/cobjectcar_callback_control_chain.md,2026-10-03,Endpointfacts conditionalonhelperreturn/livepointer/postselector/stateinputs; notcadence/finalstate orsafeownership.
BND-142,MEDIA_PLAYBACK,MEDIA_PLAYBACK,internal_lifecycle,STEAM_PC,005DF190/00428870/0042892E->00427AF0,"Typed CDemoMovie request0x40 -> returned task callback publication, initialevent0 only; actual event1/acceptance/outer owner unknown.",VERIFIED,findings/boundaries/presentation_movie_fade_latch_chain.md,findings/boundaries/presentation_movie_fade_latch_chain.md,2026-10-03,Conditional selected static chain; no actual runtime delivery/cadence/success/ownership/free/build.
BND-143,MEDIA_PLAYBACK,EFFECTS,cross_subsystem,STEAM_PC,00427AF0 selected R-byte/state3 -> F_A/F_B request7,Conditional callback data/control route supplies CFade NULL/request7 and later R-byte gate; F identity/helperresult/media completion unknown.,VERIFIED,findings/boundaries/presentation_movie_fade_latch_chain.md,findings/boundaries/presentation_movie_fade_latch_chain.md,2026-10-03,Conditional selected static chain; no actual runtime delivery/cadence/success/ownership/free/build.
BND-144,EFFECTS,EFFECTS,internal_lifecycle,STEAM_PC,00449A00/00449690 ->00BE1EAC ->0044AC10,CFade request7 numeric source/progression/data and literal latch reach accepted consume-clear/drawguard; +198 versus+178 freshness and draw/GPU/lifetime unknown.,VERIFIED,findings/boundaries/presentation_movie_fade_latch_chain.md,findings/boundaries/presentation_movie_fade_latch_chain.md,2026-10-03,Conditional selected static chain; no actual runtime delivery/cadence/success/ownership/free/build.
BND-145,NATIVE_UI,EFFECTS,cross_subsystem,STEAM_PC,00652ED5/00652EE0/00652F00->00449A00,CMenu U+14=99 virtual74 gate -> CFadeManager+4 request3; selected case3 immediate F+164=4/+198 current+178 snapshot.,VERIFIED,findings/boundaries/cmenu_fade_predicate_camera_policy.md,findings/boundaries/cmenu_fade_predicate_camera_policy.md,2026-10-03,Conditional selected static boundary; request3 result/identity/stability/causality/completion/lifetime unknown.
BND-146,EFFECTS,NATIVE_UI,cross_subsystem,STEAM_PC,00652F1D/00652F25 -> 00653175/0065317C,Separately loaded CFade+4 F+164==7 predicate -> opaque conditional CMenu state100 body -> U+14=101 store/common-tail.,VERIFIED,findings/boundaries/cmenu_fade_predicate_camera_policy.md,findings/boundaries/cmenu_fade_predicate_camera_policy.md,2026-10-03,"Conditional value predicate; F99/F100 alias, later writer, child effects, same invocation/reentry and lifetime unknown."
BND-147,NATIVE_UI,INPUT_CAMERA,cross_subsystem,STEAM_PC,00653181/006531D6-0065320F -> CCamera+0x11C,"Later state101 target through opaque T/control helpers -> camera mask1 clear, shared root reload, mask4 set.",VERIFIED,findings/boundaries/cmenu_fade_predicate_camera_policy.md,findings/boundaries/cmenu_fade_predicate_camera_policy.md,2026-10-03,"Conditional mask-store endpoint; current-camera identity, physical/friendly policy, allocation safety, ownership/free and cadence unknown."
BND-148,WORLD_STREAMING,OBJECT_DISPATCH,cross_subsystem,STEAM_PC,005F0A50/005EEC20/005EB600/005E7620 -> CObject ESI +0x444,Conditional desired-mode selector46 construction and same-object desired representation dword write; descriptor+416 discriminator.,VERIFIED,findings/boundaries/world_object_representation_policy.md,findings/boundaries/world_object_representation_policy.md,2026-10-03,Conditional static; incoming context/fallback/descriptor value/subtype/ownership/lifetime unknown.
BND-149,OBJECT_DISPATCH,RESOURCE_LOADING,cross_subsystem,STEAM_PC,005C8720 -> 006B2C70/006BE6E0,Object+416 paired table index -> two manager accessors -> same object representation handoff.,VERIFIED,findings/boundaries/world_object_representation_policy.md,findings/boundaries/world_object_representation_policy.md,2026-10-03,Resource accessor and handoff reused at accepted scope; pair identity/range/setup success/class ownership unknown.
BND-150,OBJECT_DISPATCH,WORLD_STREAMING,cross_subsystem,STEAM_PC,005C8720 +0x444 -> +0x12,Common tail commits low byte of desired representation to object current representation byte after selected call path.,VERIFIED,findings/boundaries/world_object_representation_policy.md,findings/boundaries/world_object_representation_policy.md,2026-10-03,"Conditional field commit only; not final draw, residency success, unload safety, last-use or cadence."
BND-151,SAVE_GAMERECORD,SAVE_GAMERECORD,internal_lifecycle,STEAM_PC,004394D2/00449620->006ACAB0,Typed CPreserve operation4/embedded+28C -> live CGame+8C568 staging00BE6010; staging00BE5EF0 zero/count envelope.,VERIFIED,findings/boundaries/save_writer_staging_write_policy.md,findings/boundaries/save_writer_staging_write_policy.md,2026-10-03,Conditional builder/value boundary; sync/lastwriter/chronology/full image/schema unknown.
BND-152,SAVE_GAMERECORD,SAVE_GAMERECORD,internal_lifecycle,STEAM_PC,00468980/006ACF30->006AC720->004094C0,Same embedded context gated dispatch -> CSaveData operation6 buffer00BE5EF0/count0x7A2620; builder+4=1 versus write-dispatch+4=2.,VERIFIED,findings/boundaries/save_writer_staging_write_policy.md,findings/boundaries/save_writer_staging_write_policy.md,2026-10-03,Typed pointer/count/op ABI; admission/activation/chronology/generation unknown.
BND-153,SAVE_GAMERECORD,PLATFORM_WIN32,cross_subsystem,STEAM_PC,00409790->00408BD0->KERNEL32.DLL::WriteFile,CSaveData op6 table arm -> savedata/dp.sav writer with retained buffer/count.,VERIFIED,findings/boundaries/save_writer_staging_write_policy.md,findings/boundaries/save_writer_staging_write_policy.md,2026-10-03,Call/value boundary only; imported return/error/bytes/write success/file policy unknown.
BND-154,APPLICATION_LIFECYCLE,ACTOR_OBJECTS,cross_subsystem,STEAM_PC,004FD920(0)/004DFF2F->004DEDA0,"Typed CGame indexed98E48 dword -> selected creator argument2; incomingECX ignored, owner argument/currentPlayer type remains unproved.",VERIFIED,findings/boundaries/citem_factory_value_resource_binding.md,findings/boundaries/citem_factory_value_resource_binding.md,2026-10-04,Numeric input only; no allcaller/population/range/rootgeneration/Player meaning.
BND-155,ACTOR_OBJECTS,ACTOR_OBJECTS,internal_lifecycle,STEAM_PC,004DEDA0/005EA8D0/selector0x14->004DEE70 native0,Transient payloadP[0]/descriptor4C -> same CItem allocation/constructor/installed native0 -> numeric4A8 store.,VERIFIED,findings/boundaries/citem_factory_value_resource_binding.md,findings/boundaries/citem_factory_value_resource_binding.md,2026-10-04,"Common factory/registration seam reused; hook/helper/validity/value/lifetime conditions explicit, no exclusive owner."
BND-156,ACTOR_OBJECTS,RESOURCE_LOADING,cross_subsystem,STEAM_PC,004DEE70 native0/22/004DEF88->006B2C30,"Separate numeric4A8 loads/DC-row arguments -> format-interface buffers -> distinct typedCRdData calls(XPC buffer first,XMD buffer second).",VERIFIED,findings/boundaries/citem_factory_value_resource_binding.md,findings/boundaries/citem_factory_value_resource_binding.md,2026-10-04,"Literal/buffer/address transport, not proven formatted contents/valid row/type/success; separate roots and values retained."
BND-157,RESOURCE_LOADING,ACTOR_OBJECTS,cross_subsystem,STEAM_PC,006B2C30 actualreturns->sameCItem006BE6E0,"ActualR_M/R_P -> ordered(R_M,R_P,0,0) same-object call ->160/164 stores preceding null gates.",VERIFIED,findings/boundaries/citem_factory_value_resource_binding.md,findings/boundaries/citem_factory_value_resource_binding.md,2026-10-04,"No resource-pointee type, load/setup success, ownership/free/animation/GOG/runtime transfer."
BND-158,OBJECT_DISPATCH,NPC_ACTOR,cross_subsystem,STEAM_PC,0047C1F0/006BCB70/0047F830/00482FE0,Actual class-specific original-pointer event1 and admitted current8C/98 input; initialevent0 distinct,VERIFIED,findings/boundaries/npc_enemy_camera_scalar_marker_policy.md,findings/boundaries/npc_enemy_camera_scalar_marker_policy.md,2026-10-04,Currentcallback/vptr/gate/lifetime dependencies; no generic+50 or task-source reopening
BND-159,INPUT_CAMERA,NPC_ACTOR,cross_subsystem,STEAM_PC,0049EB96/00479DD0/0049ECD7,TypedCCamera addressC+0C/floatC+10 withNPC5C->roundedscalar/localS->inclusive80-90/unordered69C2000 bitpolicy,VERIFIED,findings/boundaries/npc_enemy_camera_scalar_marker_policy.md,findings/boundaries/npc_enemy_camera_scalar_marker_policy.md,2026-10-04,Memberwriter/meaning/readability/FPUruntime unknown; no pointerfield or stablecontext/rootgeneration
BND-160,NPC_ACTOR,OBJECT_DISPATCH,cross_subsystem,STEAM_PC,0049EE15/0049EE8B/006BAB20,Later fresh69C2000/context/698800 conditional originalECX/current30 ->marker29/2A/event2 interface,VERIFIED,findings/boundaries/npc_enemy_camera_scalar_marker_policy.md,findings/boundaries/npc_enemy_camera_scalar_marker_policy.md,2026-10-04,Opaquebridge bitpreservation/currentvptr unknown; no event2aftermath/free/cadence
BND-161,VEHICLE,ANIMATION,cross_subsystem,STEAM_PC,005ED92C/005ED987/00541760,TypedCar/firststackargument/nonnegative/localA-B ->sameM modelinputcopies58/68/78 andselectedbaseprep/explicit evaluation,VERIFIED,findings/boundaries/cobjectcar_model_base_cache_production.md,findings/boundaries/cobjectcar_model_base_cache_production.md,2026-10-04,Upstreamoutput/type/index/success/outerowner/lifetime unknown; no vehiclecallback/state/SDK recensus
BND-162,ANIMATION,ANIMATION,internal_lifecycle,STEAM_PC,"006BABF0(1,0)/006B6E40/005417CF",SavedM/DC80mode ->stackdestinationslocal/98/namedrotation/directfloattransport/98multiply ->opaquepreservationboundary ->explicitsameMcurrentstateevaluation,VERIFIED,findings/boundaries/cobjectcar_model_base_cache_production.md,findings/boundaries/cobjectcar_model_base_cache_production.md,2026-10-04,Fullalgebra/initializer00461870/posttailpreservation andconcrete1E8update unknown; no invalidation/freshness
BND-163,ANIMATION,RENDER_D3D9,cross_subsystem,STEAM_PC,CObjectCar00773F74 raw28/44;accepted006BD4C0/0070CF90,TypedCar installsacceptedconditionalcurrentM1E8-to-packet80/model148 submission interface afterindependentstateproducer,VERIFIED,findings/boundaries/cobjectcar_model_base_cache_production.md,findings/boundaries/cobjectcar_model_base_cache_production.md,2026-10-04,Installedinterface/acceptedconditionalreuse only; no concretequery/actualpopulation/vptrpreservation/latestpose/frame/lifetime/GOG credit
BND-164,APPLICATION_LIFECYCLE,AUDIO,cross_subsystem,STEAM_PC,0076DF60 ECX014B0400 ->0072C2E0,Registered static adapter available direct-call to rawtypedCSdCore localcleanup; registration reused C0118/H0268,VERIFIED,findings/boundaries/audio_static_core_backend_cleanup.md,findings/boundaries/audio_static_core_backend_cleanup.md,2026-10-04,No observed finalizer dispatch/order or lazy0138A6E4 deletion; staticstorage distinct from shared backend cells.
BND-165,AUDIO,PLATFORM_WIN32,cross_subsystem,STEAM_PC,0072C365 CloseHandle;0072C3D1 UnmapViewOfFile;0072C3E1 CoUninitialize,12 guarded A samples/argument reload/close attempts;separate Vguard/reload/unmap thenunconditional Vclear/COM call,VERIFIED,findings/boundaries/audio_static_core_backend_cleanup.md,findings/boundaries/audio_static_core_backend_cleanup.md,2026-10-04,"RawPE named imports; A not directly reset, BOOLs untested, sampleidentity/referencevalidity/success/threadbalance/retirement unknown."
BND-166,AUDIO,AUDIO,internal_lifecycle,STEAM_PC,0072C373-0072C3BF;014B029C 13-dword span,Signed13-domain independent Bguard/arg ->opaque0074EE0B stackword ->postcall currentindex/unconditional dword0; nullskip also clears,VERIFIED,findings/boundaries/audio_static_core_backend_cleanup.md,findings/boundaries/audio_static_core_backend_cleanup.md,2026-10-04,Reset only; helperimplementation/pointee type/free/result/currentcell-argument equality/quiescence unknown. Not indexed bank014B01FC.
BND-167,WORLD_STREAMING,OBJECT_DISPATCH,cross_subsystem,STEAM_PC,"005D44B1->005E0F50->006C5DF0(2,K,0)",Selectedstate6 actualcallsite broadcasts18 literal word2C filters; compatibleCLevel30 marker; concreteinstance selection/deletion unknown.,VERIFIED,findings/boundaries/phase5_world_resource_retirement.md,findings/boundaries/phase5_world_resource_retirement.md,2026-10-04,"Phase5 conditional-static interface/lifetime scope; noexclusiveownership, safeunload/free, successfuloperation orruntimechronology."
BND-168,ANIMATION,RESOURCE_LOADING,cross_subsystem,STEAM_PC,CLevel table08/00;006BE220 and006BE6E0,Same-this local160/164clear before newresourcearguments; availabletypeddeleting reachescleanup; no oldpointee release inselectedlocalclear.,VERIFIED,findings/boundaries/phase5_world_resource_retirement.md,findings/boundaries/phase5_world_resource_retirement.md,2026-10-04,"Phase5 conditional-static interface/lifetime scope; noexclusiveownership, safeunload/free, successfuloperation orruntimechronology."
BND-169,WORLD_STREAMING,RENDER_D3D9,cross_subsystem,STEAM_PC,CLevel007798AC+28->006BD4C0 packet84/88,TypedCLevel-compatible packetproducer cancopy current160/164 references into84/88; actorclear doesnotclear copiedpacketvalue. Occurrence/generation/lastuse unknown.,VERIFIED,findings/boundaries/phase5_world_resource_retirement.md,findings/boundaries/phase5_world_resource_retirement.md,2026-10-04,"Phase5 conditional-static interface/lifetime scope; noexclusiveownership, safeunload/free, successfuloperation orruntimechronology."
BND-170,ANIMATION,ACTOR_OBJECTS,cross_subsystem,STEAM_PC;GOG_PC,CLevel raw4C/50 tables and006BE97B,Pairedraw4C correctedto005CCDD0/005CCEA0; Steamsetupindirect+4C notinherited attachmenttargets. NoGOGbodyhomology.,VERIFIED,findings/boundaries/phase5_world_resource_retirement.md,findings/boundaries/phase5_world_resource_retirement.md,2026-10-04,"Phase5 conditional-static interface/lifetime scope; noexclusiveownership, safeunload/free, successfuloperation orruntimechronology."
BND-171,APPLICATION_LIFECYCLE,RESOURCE_LOADING,cross_subsystem,STEAM_PC,004013FD->006B2670,Typedapplicationresource cleanup beforeapplicationrootclear; descriptor/payload/table deallocation precedesexplicitstaticworkerstop.,VERIFIED,findings/boundaries/phase5_resource_worker_shutdown_coordination.md,findings/boundaries/phase5_resource_worker_shutdown_coordination.md,2026-10-04,"Phase5selectedlocalroute, notsuccessfulAPI/exclusiveownership/freeofstaticreceiver/runtimequiescence; firstmissingupstreamadmission/lastusegeneration preserved."
BND-172,RESOURCE_LOADING,PLATFORM_WIN32,cross_subsystem,STEAM_PC,006B3D70/00712B90/W14,Workerstop requestsmutexnotthreadjoin; helperALwaitstatus discarded; queue/count reset no completionreceipt.,VERIFIED,findings/boundaries/phase5_resource_worker_shutdown_coordination.md,findings/boundaries/phase5_resource_worker_shutdown_coordination.md,2026-10-04,"Phase5selectedlocalroute, notsuccessfulAPI/exclusiveownership/freeofstaticreceiver/runtimequiescence; firstmissingupstreamadmission/lastusegeneration preserved."
BND-173,RESOURCE_LOADING,RESOURCE_LOADING,internal_lifecycle,STEAM_PC,0076DE60->006B4F80->Qstorage/CThfuncbase,Registeredbody availabletypeddestruction releasesqueuebackingstorage thenopaque support/vptr-onlybase; actualdispatch/order/quiescence unknown.,VERIFIED,findings/boundaries/phase5_resource_worker_shutdown_coordination.md,findings/boundaries/phase5_resource_worker_shutdown_coordination.md,2026-10-04,"Phase5selectedlocalroute, notsuccessfulAPI/exclusiveownership/freeofstaticreceiver/runtimequiescence; firstmissingupstreamadmission/lastusegeneration preserved."
BND-174,WORLD_STREAMING,NATIVE_UI,cross_subsystem,STEAM_PC,005D44C7->005FF350->CMenu6EE8 CLayout,"Actualworldreset invokesinline-layoutdefaultwrites, nottaskorcontroller destruction/free.",VERIFIED,findings/boundaries/phase5_cmenu_task_layout_retirement.md,findings/boundaries/phase5_cmenu_task_layout_retirement.md,2026-10-04,Phase5selectedtypedconditional lifetimeinterface; noexclusiveownership/safequiescence/free/success/generation/runtimeclaim.
BND-175,NATIVE_UI,EFFECTS,cross_subsystem,STEAM_PC,00654490 event2->00654556->CFadeManager8,Installedtasklocalevent2 arm clearsF168bits1/4 on separatelyacquired+8 retainer; marker/globalhook/callbackgeneration breakexplicit.,VERIFIED,findings/boundaries/phase5_cmenu_task_layout_retirement.md,findings/boundaries/phase5_cmenu_task_layout_retirement.md,2026-10-04,Phase5selectedtypedconditional lifetimeinterface; noexclusiveownership/safequiescence/free/success/generation/runtimeclaim.
BND-176,NATIVE_UI,NATIVE_UI,internal_lifecycle,STEAM_PC,006548C0->U6EE8 004592C0->00458990,Availablecontroller ordinaryteardown invokesclass-specificCLayout ordinaryreset; nofree/actualfinalizerdispatch inferred.,VERIFIED,findings/boundaries/phase5_cmenu_task_layout_retirement.md,findings/boundaries/phase5_cmenu_task_layout_retirement.md,2026-10-04,Phase5selectedtypedconditional lifetimeinterface; noexclusiveownership/safequiescence/free/success/generation/runtimeclaim.
BND-177,OBJECT_DISPATCH,FISHING,cross_subsystem,STEAM_PC,00619FD0 event2/81C->0060E800,Installedtypedactorlocalevent2 admitted81C0 thenparentcleanup/81C1; actoraliaspublication precedesgate.,VERIFIED,findings/boundaries/phase5_fishing_parent_line_aux_retirement.md,findings/boundaries/phase5_fishing_parent_line_aux_retirement.md,2026-10-04,Primaryselectedconditionalstatic lifetimeinterface; noexclusiveownership/safequiescence/currenthandleH1/selflink/runtime/GOGclaim.
BND-178,FISHING,FISHING,internal_lifecycle,STEAM_PC,0060E90A currentP83Cslot0flag1/0061A220,Concreteparentcurrentline deletinginterface then83Cclear; namedlineordinary/bodyfree conditionaloncurrenttable/generation.,VERIFIED,findings/boundaries/phase5_fishing_parent_line_aux_retirement.md,findings/boundaries/phase5_fishing_parent_line_aux_retirement.md,2026-10-04,Primaryselectedconditionalstatic lifetimeinterface; noexclusiveownership/safequiescence/currenthandleH1/selflink/runtime/GOGclaim.
BND-179,FISHING,OBJECT_DISPATCH,cross_subsystem,STEAM_PC,0060DB50 line4/C virtual30; line8 retainer,Typedlineordinarymarks/clears4/C notdirect8; parent7E0mark-before-line-deleting exists butaliaswithline8CThrowLure remainsUNKNOWN.,VERIFIED,findings/boundaries/phase5_fishing_parent_line_aux_retirement.md,findings/boundaries/phase5_fishing_parent_line_aux_retirement.md,2026-10-04,Primaryselectedconditionalstatic lifetimeinterface; noexclusiveownership/safequiescence/currenthandleH1/selflink/runtime/GOGclaim.
BND-180,PHYSICS_PHYSX,PHYSICS_PHYSX,internal_lifecycle,STEAM_PC,006F9040 C50/0040B700/currentGvirtual14,Internalphysicsservice/context/SDKinterface: currentS invalidation thenSreload/opaqueSDKcall/physicalslotclear; providerpublication/currentgenerationbreak explicit.,VERIFIED,findings/boundaries/phase5_physics_scene_controller_release.md,findings/boundaries/phase5_physics_scene_controller_release.md,2026-10-04,Preserveexistingtaxonomy/internalkind; no fabricatednewsubsystem orduplicateapp-rootdiscovery. UnnamedexternalmethodrolesSI; generation/lastuse/success/quiescence/exclusivityUNKNOWN.
BND-181,PHYSICS_PHYSX,PHYSICS_PHYSX,internal_lifecycle,STEAM_PC,C67CD4 W0/W1->006FB020/006FE800,"Internalgamephysics/externalmanagerdependency: purgeW0/reloadW1, actualnamedMrelease/conditionalA1deleting/sameW1deallocation/coreclear, noequalgen/successproof.",VERIFIED,findings/boundaries/phase5_physics_scene_controller_release.md,findings/boundaries/phase5_physics_scene_controller_release.md,2026-10-04,Preserveexistingtaxonomy/internalkind; no fabricatednewsubsystem orduplicateapp-rootdiscovery. UnnamedexternalmethodrolesSI; generation/lastuse/success/quiescence/exclusivityUNKNOWN.
BND-182,PHYSICS_PHYSX,PHYSICS_PHYSX,internal_lifecycle,STEAM_PC,006F9040 G01493FA8 versusR11C lateruses,InternalSDK lifetime: postscene-clear Rvirtual24uses andnolocalG/Rclear/selfrelease; namedMrelease notsharedSDKlastuser.,VERIFIED,findings/boundaries/phase5_physics_scene_controller_release.md,findings/boundaries/phase5_physics_scene_controller_release.md,2026-10-04,Preserveexistingtaxonomy/internalkind; no fabricatednewsubsystem orduplicateapp-rootdiscovery. UnnamedexternalmethodrolesSI; generation/lastuse/success/quiescence/exclusivityUNKNOWN.
BND-183,APPLICATION_LIFECYCLE,APPLICATION_LIFECYCLE,internal_lifecycle,STEAM_PC,0040141D/CSiHolder0148CA40/006E19A0,Named194/100codecarrier: appJMPdispatch/unlock/current-codecall/AL1currentrecordclear/repeatpass; noobjectcapture/generation/successproof.,VERIFIED,findings/boundaries/phase5_save_sysutil_deferred_root_lifetime.md,findings/boundaries/phase5_save_sysutil_deferred_root_lifetime.md,2026-10-04,Selectedtypedconditionalstatic code/control lifetimeinterface; normalvalidroots required; noentryretention/currentgen/lastuse/safety/fullregistry/GOG/runtime claim.
BND-184,APPLICATION_LIFECYCLE,SAVE_GAMERECORD,cross_subsystem,STEAM_PC,raw00408A70/currentSaveDataholder70,Conditionalcurrentroot zero-gatedslot0flag1/ordinarycleanup/deallocationboundary/rootclear; registeredretention/runtimegeneration notproved.,VERIFIED,findings/boundaries/phase5_save_sysutil_deferred_root_lifetime.md,findings/boundaries/phase5_save_sysutil_deferred_root_lifetime.md,2026-10-04,Selectedtypedconditionalstatic code/control lifetimeinterface; normalvalidroots required; noentryretention/currentgen/lastuse/safety/fullregistry/GOG/runtime claim.
BND-185,SAVE_GAMERECORD,PLATFORM_WIN32,cross_subsystem,STEAM_PC,SaveData00409ABF/00409B8F U220,"SeparateconstructionSysutilincrement/cleanupreacquireddecrement versusfinalizerzero gate; typeddependency-countercontrol, no balancedsamegeneration/ownership guarantee.",VERIFIED,findings/boundaries/phase5_save_sysutil_deferred_root_lifetime.md,findings/boundaries/phase5_save_sysutil_deferred_root_lifetime.md,2026-10-04,Selectedtypedconditionalstatic code/control lifetimeinterface; normalvalidroots required; noentryretention/currentgen/lastuse/safety/fullregistry/GOG/runtime claim.
BND-186,APPLICATION_LIFECYCLE,PLATFORM_WIN32,cross_subsystem,STEAM_PC,raw00409240/currentSysutil220,"ConditionalcurrentSysutilzero-gatedholderdeleting/membercleanup/deallocationboundary/rootclear, AL1localprogress notOSsuccess/quiescence.",VERIFIED,findings/boundaries/phase5_save_sysutil_deferred_root_lifetime.md,findings/boundaries/phase5_save_sysutil_deferred_root_lifetime.md,2026-10-04,Selectedtypedconditionalstatic code/control lifetimeinterface; normalvalidroots required; noentryretention/currentgen/lastuse/safety/fullregistry/GOG/runtime claim.
BND-187,PLATFORM_WIN32,PLATFORM_WIN32,internal_lifecycle,STEAM_PC,00707310 U+A4/U94/U8->CCallBackThread00702B80,Explicitlock/callback/embeddedthread teardown/vptr-onlybase withno checkedexplicitC8detach/stopjoin; opaqueotherproviders/upstreamcoordination remainUNKNOWN.,VERIFIED,findings/boundaries/phase5_save_sysutil_deferred_root_lifetime.md,findings/boundaries/phase5_save_sysutil_deferred_root_lifetime.md,2026-10-04,Selectedtypedconditionalstatic code/control lifetimeinterface; normalvalidroots required; noentryretention/currentgen/lastuse/safety/fullregistry/GOG/runtime claim.
BND-188,APPLICATION_LIFECYCLE,INPUT_CAMERA,cross_subsystem,STEAM_PC,literal00408A30/currentI00BD9E10/BC8,Conditionalcurrent-codecarrier->currentIgate/currenttable0flag1->holdercleanup/deallocationboundary/rootclear/AL1; generationsnotjoined.,VERIFIED,findings/boundaries/phase5_input_registered_finalizer_lifetime.md,findings/boundaries/phase5_input_registered_finalizer_lifetime.md,2026-10-04,Selectedconditionalstatic/normalreturn interface only; noownership/currentgeneration/lastuse/stopjoin/deallocationsuccess orGOG/runtime.
BND-189,INPUT_CAMERA,PLATFORM_WIN32,cross_subsystem,STEAM_PC,00707E0A/007082F3 Sysutil220,Exactlocaltypedproviderresult-toINC/DEC adapterreceiver; Uconstruct/currentUcleanup/Ufinal balancedsamegenerationUNKNOWN.,VERIFIED,findings/boundaries/phase5_input_registered_finalizer_lifetime.md,findings/boundaries/phase5_input_registered_finalizer_lifetime.md,2026-10-04,Selectedconditionalstatic/normalreturn interface only; noownership/currentgeneration/lastuse/stopjoin/deallocationsuccess orGOG/runtime.
BND-190,INPUT_CAMERA,INPUT_CAMERA,internal_lifecycle,STEAM_PC,I94callback/I98receiver/I9Ctarget00709840,ConstructionretainsI/code; virtual4interface distinctfromtarget; ordinaryvptrreset notreceiverclear/detach/targetlastuse.,VERIFIED,findings/boundaries/phase5_input_registered_finalizer_lifetime.md,findings/boundaries/phase5_input_registered_finalizer_lifetime.md,2026-10-04,Selectedconditionalstatic/normalreturn interface only; noownership/currentgeneration/lastuse/stopjoin/deallocationsuccess orGOG/runtime.
BND-191,INPUT_CAMERA,PLATFORM_WIN32,cross_subsystem,STEAM_PC,00708280 I+A4/I94/T=I8,Lockedno-op668 thenopaqueproviders/depend/lockdelete/callbackvptr/threadmembercleanup; callbackT25observation stillallowsremainingTuse; safeclosureUNKNOWN,VERIFIED,findings/boundaries/phase5_input_registered_finalizer_lifetime.md,findings/boundaries/phase5_input_registered_finalizer_lifetime.md,2026-10-04,Selectedconditionalstatic/normalreturn interface only; noownership/currentgeneration/lastuse/stopjoin/deallocationsuccess orGOG/runtime.
BND-192,ANIMATION,ANIMATION,internal_lifecycle,STEAM_PC,006BE220/006BE6E0 M1E4/M1E8,Actualrebind invokesbufferdeallocationboundary/fieldclear beforeselectedreplacement; D8/DC notpacketvalidity; sameallocationgeneration/lastuseUNKNOWN,VERIFIED,findings/boundaries/phase5_model_buffer_packet_retirement.md,findings/boundaries/phase5_model_buffer_packet_retirement.md,2026-10-04,Staticvalidreceiver/normalreturn/currenttable scope only; no joineddeletingoccurrence/currentfield-vptrgeneration/success/safe-lastuse orGOG.
BND-193,OBJECT_DISPATCH,RENDER_D3D9,cross_subsystem,STEAM_PC,rawmodel00402E50/base006BA850 M148,Availabletypeddestruction passespacket148 todeallocationboundary/clear; copiedscenevectorpointer notprovenlastused/detached,VERIFIED,findings/boundaries/phase5_model_buffer_packet_retirement.md,findings/boundaries/phase5_model_buffer_packet_retirement.md,2026-10-04,Staticvalidreceiver/normalreturn/currenttable scope only; no joineddeletingoccurrence/currentfield-vptrgeneration/success/safe-lastuse orGOG.
BND-194,OBJECT_DISPATCH,OBJECT_DISPATCH,internal_lifecycle,STEAM_PC,00402E30/006BA875/006BA897,Basevptr thenpacketdeallocation/currentclear BEFOREcurrentvirtual48(0); querydetach-compatible notscenevectorcompletion,VERIFIED,findings/boundaries/phase5_model_buffer_packet_retirement.md,findings/boundaries/phase5_model_buffer_packet_retirement.md,2026-10-04,Staticvalidreceiver/normalreturn/currenttable scope only; no joineddeletingoccurrence/currentfield-vptrgeneration/success/safe-lastuse orGOG.
BND-195,APPLICATION_LIFECYCLE,PLATFORM_WIN32,cross_subsystem,STEAM_PC,006E1A3E/00408AF0/0148CA44,Actualcarrierpair1000/0 becomesSleepDWORD1; explicitlocalguardprotocol/noLeave anduncheckedhelperreturn; notregistrydrain/participantjoin,VERIFIED,findings/boundaries/phase5_shared_progress_delay_retirement_limit.md,findings/boundaries/phase5_shared_progress_delay_retirement_limit.md,2026-10-04,PrimaryABI/localnormal-return control only; no actualcallbackactivation/runtimebinding/elapsedtime/globalquiescence/samegeneration/lastuse/GOG.
BND-196,INPUT_CAMERA,PLATFORM_WIN32,cross_subsystem,STEAM_PC,00709993/007032C0/00408AF0,Availableconfiguredcallback reachesdelaywrapper withunusedTreceiver; rawpairtoSleep andlocalcleanupbeforereturn; nolateTmemoryaccess/completionjoin,VERIFIED,findings/boundaries/phase5_shared_progress_delay_retirement_limit.md,findings/boundaries/phase5_shared_progress_delay_retirement_limit.md,2026-10-04,PrimaryABI/localnormal-return control only; no actualcallbackactivation/runtimebinding/elapsedtime/globalquiescence/samegeneration/lastuse/GOG.
BND-197,FISHING,OBJECT_DISPATCH,cross_subsystem,STEAM_PC,00613C26/0060E930/0060E945/007713F4,"Typedconstructor3C CMustachesAdmin shell retained7F0; invokedcurrenthelper thenreload/currentdeletingflag1/clear, generationunjoined",VERIFIED,findings/boundaries/phase5_fishing_cold_7f0_shell_retirement.md,findings/boundaries/phase5_fishing_cold_7f0_shell_retirement.md,2026-10-04,"Coldclass-discriminatedsource, notgenericCMustache/handle reopening. Conditionalnormalreturn/table scope; sameaddressnotsamelifetime, clear/free/ownership/lastuse notjoined."
BND-198,OBJECT_DISPATCH,OBJECT_DISPATCH,internal_lifecycle,STEAM_PC,00526BA0/004274E0,Threecurrentslots/twoindependentlookups/currentvirtual30 versusavailable namedshell deallocation; descendantidentity/cleanupdestruction/lastuse unresolved,VERIFIED,findings/boundaries/phase5_fishing_cold_7f0_shell_retirement.md,findings/boundaries/phase5_fishing_cold_7f0_shell_retirement.md,2026-10-04,"Coldclass-discriminatedsource, notgenericCMustache/handle reopening. Conditionalnormalreturn/table scope; sameaddressnotsamelifetime, clear/free/ownership/lastuse notjoined."
BND-199,INPUT_CAMERA,PLATFORM_WIN32,cross_subsystem,STEAM_PC,Input00707DFE/007082E7 StopWatchprovider1C50,ExactacquiredproviderINC versusnewcurrentrootproviderDEC; balance/generationunjoined,VERIFIED,findings/boundaries/phase5_input_provider_accounting_finalizers.md,findings/boundaries/phase5_input_provider_accounting_finalizers.md,2026-10-04,"Conditionalnormalreturn/currenttable interfaces, notactualinvokedcachedfree/safecomplete destruction/balancedreferences/admissionclosure/lastuser/GOG."
BND-200,INPUT_CAMERA,INPUT_CAMERA,internal_lifecycle,STEAM_PC,Input00707E16/007082FF Actuatorprovider60,ExactacquiredproviderINC versusnewcurrentrootproviderDEC; balance/generationunjoined,VERIFIED,findings/boundaries/phase5_input_provider_accounting_finalizers.md,findings/boundaries/phase5_input_provider_accounting_finalizers.md,2026-10-04,"Conditionalnormalreturn/currenttable interfaces, notactualinvokedcachedfree/safecomplete destruction/balancedreferences/admissionclosure/lastuser/GOG."
BND-201,APPLICATION_LIFECYCLE,PLATFORM_WIN32,cross_subsystem,STEAM_PC,literal004035E0/currentStopWatch/00407BD0,Registeredcode/availablezero-gate savedcurrentreceiver deleting-member/backing interfaces thencurrentrootclear; actualcarrier/gen/lastuserUNKNOWN,VERIFIED,findings/boundaries/phase5_input_provider_accounting_finalizers.md,findings/boundaries/phase5_input_provider_accounting_finalizers.md,2026-10-04,"Conditionalnormalreturn/currenttable interfaces, notactualinvokedcachedfree/safecomplete destruction/balancedreferences/admissionclosure/lastuser/GOG."
BND-202,APPLICATION_LIFECYCLE,INPUT_CAMERA,cross_subsystem,STEAM_PC,literal0070BA50/currentActuator/0070BA00,Registeredcode/availablezero-gate savedcurrentreceiver deleting-lock/backing interfaces thencurrentrootclear; actualcarrier/gen/lastuserUNKNOWN,VERIFIED,findings/boundaries/phase5_input_provider_accounting_finalizers.md,findings/boundaries/phase5_input_provider_accounting_finalizers.md,2026-10-04,"Conditionalnormalreturn/currenttable interfaces, notactualinvokedcachedfree/safecomplete destruction/balancedreferences/admissionclosure/lastuser/GOG."
BND-203,OBJECT_DISPATCH,RENDER_D3D9,cross_subsystem,STEAM_PC,typedCRdObjectLight/CLight48=005F27E0/006BC060,"Zero-query suppliesretainednodeN/originalO removalrequest, thencurrentO14Cclear; matchingremovalSI/generationlastuseUNKNOWN",VERIFIED,findings/boundaries/phase5_spatial_light_detach_cleanup.md,findings/boundaries/phase5_spatial_light_detach_cleanup.md,2026-10-04,Localtypedinterface/argument/order only. actualinvokedO/currenttable/N generation/aliaslastuse/free successUNKNOWN; nooldquery/tree/packet/handle/free reopening.
BND-204,RENDER_D3D9,RENDER_D3D9,internal_lifecycle,STEAM_PC,005F2890/005F26C0/two006BA850entries,Availableowncleanup beforeouterboundary; lightvptr/helperentry thenopaqueembeddedcleanup/basevptr/helperentry; currenttargets notjoined,VERIFIED,findings/boundaries/phase5_spatial_light_detach_cleanup.md,findings/boundaries/phase5_spatial_light_detach_cleanup.md,2026-10-04,Localtypedinterface/argument/order only. actualinvokedO/currenttable/N generation/aliaslastuse/free successUNKNOWN; nooldquery/tree/packet/handle/free reopening.
BND-205,AUDIO,AUDIO,internal_lifecycle,STEAM_PC,CSingleton-CSdCore0046F8F0/0072C2E0,Availabletypedsavedreceiver cleanup BEFOREoptionalreceiverdeallocationflag; dynamicrootactualinvocation/sharedlastuser unproved,VERIFIED,findings/boundaries/phase5_audio_singleton_cleanup_interface_limit.md,findings/boundaries/phase5_audio_singleton_cleanup_interface_limit.md,2026-10-04,Availabilitynotruntime/invokedsamegen/free success; staticcore/lazycore distinct; no sharedcountinterpretation.
BND-206,WORLD_STREAMING,EFFECTS,cross_subsystem,STEAM_PC,CMap013936F0/01437414/005D448A,Selectedmask200 guard→currentretainer/currentvirtual30→normalreturnfieldstore; namedRainmarkercompatibility notselecteddeleting,VERIFIED,findings/boundaries/phase5_weather_retainer_grid_retirement.md,findings/boundaries/phase5_weather_retainer_grid_retirement.md,2026-10-04,Retainer notexclusiveowner; availablecleanup notactualgeneration; fieldclear notfree/globallastuse/success. No Haze/render/free/handle sourceexpansion.
BND-207,EFFECTS,EFFECTS,internal_lifecycle,STEAM_PC,Rain0066C110/00669950/Grid005C9F80,"AvailableRaincleanup→E=R2424→conditionalE3Cboundary/clear, beforeoptionalouterRboundary; currentdispatch/gen/lastuse unproved",VERIFIED,findings/boundaries/phase5_weather_retainer_grid_retirement.md,findings/boundaries/phase5_weather_retainer_grid_retirement.md,2026-10-04,Retainer notexclusiveowner; availablecleanup notactualgeneration; fieldclear notfree/globallastuse/success. No Haze/render/free/handle sourceexpansion.
BND-208,OBJECT_DISPATCH,PHYSICS_PHYSX,cross_subsystem,STEAM_PC,TypedPlayer0052EAF0/94C-950→006F97B0,Separatecurrentrootacquisition/postgetter numericreload thenfullDWORDindexedrequest; guard/argument/provider-generationunjoined,VERIFIED,findings/boundaries/phase5_player_physics_dependency_teardown.md,findings/boundaries/phase5_player_physics_dependency_teardown.md,2026-10-04,Seq96 finite typedcaller/localindexed-interface scope; currentgeneration/indexdomain/Qtype/table/lastuse/success UNKNOWN. Availableouterdeletion notactualretiredPlayer; K0023 game-service notexclusivecompiledorigin; no SDK/start/handle/fishing/CMustache/oldmatrix reopening.
BND-209,PHYSICS_PHYSX,PHYSICS_PHYSX,internal_lifecycle,STEAM_PC,006F97B0 C67CD8[n]/W67CD4→accepted006FE8D0,NonnullindexedQ value/currentW bridge thennormalreturnfieldzero; no Qtype/currentMtable-gen/lastuse/success proof,VERIFIED,findings/boundaries/phase5_player_physics_dependency_teardown.md,findings/boundaries/phase5_player_physics_dependency_teardown.md,2026-10-04,Seq96 finite typedcaller/localindexed-interface scope; currentgeneration/indexdomain/Qtype/table/lastuse/success UNKNOWN. Availableouterdeletion notactualretiredPlayer; K0023 game-service notexclusivecompiledorigin; no SDK/start/handle/fishing/CMustache/oldmatrix reopening.
BND-210,WORLD_STREAMING,EFFECTS,cross_subsystem,STEAM_PC,005E0D30 CMapreset/CSingleton-CEffectLensflare00779FD8/014379B4,"Crelativezeros beforecold454allocation/zero-fill/opaqueadapter/table/rootpublication; commonL8zero, notoldretainerfree/currentcachegen proof",VERIFIED,findings/boundaries/phase5_cmap_reset_lensflare_cache_publication.md,findings/boundaries/phase5_cmap_reset_lensflare_cache_publication.md,2026-10-04,Seq98 localnormal-return/ABIconditional order/type/interface only; currentC/L/V/Dgeneration/backing/argumentcontinuity/ownership/lastuse/successUNKNOWN. No allocator/debug/manager/tree/CLevel/weather/oldhandle-free-registry bodies. Rawcache ownslotbodyunvisited; no cachedcleanupinvocation.
BND-211,WORLD_STREAMING,OBJECT_DISPATCH,cross_subsystem,STEAM_PC,005E0F3C accepted00406F70 result→D6744,"AfterselectedLensflareL8zero independentlyacquiredactiveSceneDrawreceiver D gets6744zero; originalC/L/VnotD, meaning/gen/lastuseUNKNOWN",VERIFIED,findings/boundaries/phase5_cmap_reset_lensflare_cache_publication.md,findings/boundaries/phase5_cmap_reset_lensflare_cache_publication.md,2026-10-04,Seq98 localnormal-return/ABIconditional order/type/interface only; currentC/L/V/Dgeneration/backing/argumentcontinuity/ownership/lastuse/successUNKNOWN. No allocator/debug/manager/tree/CLevel/weather/oldhandle-free-registry bodies. Rawcache ownslotbodyunvisited; no cachedcleanupinvocation.
BND-212,WORLD_STREAMING,WORLD_STREAMING,internal_lifecycle,STEAM_PC,005E0F28/0040CF30→retained0040D910,CurrentopaqueV entersgenericadapter; addressAofargslot→conditionalcapacityarmcopy[A]; actualLargcontinuity/livecollection/type/gen/lastuse unknown,VERIFIED,findings/boundaries/phase5_cmap_reset_lensflare_cache_publication.md,findings/boundaries/phase5_cmap_reset_lensflare_cache_publication.md,2026-10-04,Seq98 localnormal-return/ABIconditional order/type/interface only; currentC/L/V/Dgeneration/backing/argumentcontinuity/ownership/lastuse/successUNKNOWN. No allocator/debug/manager/tree/CLevel/weather/oldhandle-free-registry bodies. Rawcache ownslotbodyunvisited; no cachedcleanupinvocation.
BND-213,SAVE_GAMERECORD,OBJECT_HANDLE_SERVICE,cross_subsystem,STEAM_PC,004514BA/004514F9 independentcurrent008A9BA4/00BD7670→R1/R2,"Zerooptionalpointerarg invokescurrenthandlelookup, adjusts58/78 andcopiesfourDWORDs intoG99048/99058; no localnullguard/gen equality/owningref",VERIFIED,findings/boundaries/phase5_save_preparation_world_player_values.md,findings/boundaries/phase5_save_preparation_world_player_values.md,2026-10-04,Seq100 conditionaltypedentry/localvaluecopies/32-bitfoldedslotobservation only. G1-G2/currenthandle-root-R1-R2/worldslot generation/sourcevalidity/coherent snapshot/stagingadmission/lastuse/success UNKNOWN. No savegate/schema/event/worker/finalizer/registry/free/handlematrix bodies.
BND-214,WORLD_STREAMING,SAVE_GAMERECORD,cross_subsystem,STEAM_PC,CMap01437688..01437784→G99068/00451538-577,"64currentnonzero slots observedintoone32-bitrotatingbitmap; i/i+32fold, notcomplete64membership/coherentgeneration snapshot",VERIFIED,findings/boundaries/phase5_save_preparation_world_player_values.md,findings/boundaries/phase5_save_preparation_world_player_values.md,2026-10-04,Seq100 conditionaltypedentry/localvaluecopies/32-bitfoldedslotobservation only. G1-G2/currenthandle-root-R1-R2/worldslot generation/sourcevalidity/coherent snapshot/stagingadmission/lastuse/success UNKNOWN. No savegate/schema/event/worker/finalizer/registry/free/handlematrix bodies.
BND-215,SAVE_GAMERECORD,SAVE_GAMERECORD,internal_lifecycle,STEAM_PC,006ACB15 G1/preparationKguard/006ACB1A G2/livecopy,"Mode3/4skippreparation; otherwiseoriginalGentry beforeopaquehelpers, independentG2reacquiredforcopy; stagingchronology/admission/currentGgen unjoined",VERIFIED,findings/boundaries/phase5_save_preparation_world_player_values.md,findings/boundaries/phase5_save_preparation_world_player_values.md,2026-10-04,Seq100 conditionaltypedentry/localvaluecopies/32-bitfoldedslotobservation only. G1-G2/currenthandle-root-R1-R2/worldslot generation/sourcevalidity/coherent snapshot/stagingadmission/lastuse/success UNKNOWN. No savegate/schema/event/worker/finalizer/registry/free/handlematrix bodies.
BND-216,SAVE_GAMERECORD,VEHICLE,cross_subsystem,STEAM_PC,TypedG/00452270 LEACD368+4n→CCar73C,SelectedGameinteriorcelladdress retainedbyCCar; no owningallocation/pointee/physicalvehiclealias/currentG-cellgen/lastuse proof,VERIFIED,findings/boundaries/phase5_ccar_retained_game_interior_address.md,findings/boundaries/phase5_ccar_retained_game_interior_address.md,2026-10-04,Seq102 compactexactresult/address/unusedreceiver/interface qualification only; U/Q/opaquepredicate meaning/currentG/cellcontents/byte-table generation/owner/lastuseUNKNOWN. RetainedGameinterioraddress notnewreturnedphysicalvehicleobject/owningallocation; no getter/helper/event/vehiclemath/physics/factory/handle/free/registry bodies.
BND-217,VEHICLE,EVENT_SCRIPT,cross_subsystem,STEAM_PC,00452285/0070E0B0 savedU→opaque0070DFE0/0070FE90,"CurrentU/n48 firstqueryQ thenQ0secondreturn, predicates selectiononly; type/meaning/table/generation UNKNOWN",STRONG_INFERENCE,findings/boundaries/phase5_ccar_retained_game_interior_address.md,findings/boundaries/phase5_ccar_retained_game_interior_address.md,2026-10-04,"ExactU/call/argument/returnmechanics VERIFIED; selectedevent-facingendpoint domain viaaccepted00408960 acquisition onlySTRONG_INFERENCE, actualdynamicname/vptr/querymeaning/generation UNKNOWN. Finalhandofftaxonomy qualification, notnew evidence."
BND-218,VEHICLE,VEHICLE,internal_lifecycle,STEAM_PC,00452294/005E6E10/008BF560byte,"Secondselection predicate ignoresincomingthis, usesn toreadglobalbyteequals1; bytetablemeaning/generation andphysicalactor relationUNKNOWN",VERIFIED,findings/boundaries/phase5_ccar_retained_game_interior_address.md,findings/boundaries/phase5_ccar_retained_game_interior_address.md,2026-10-04,"Receiverlessglobalbytepredicate usedbyselectedCCar-resultproducer; incomingthisunused/globaltableowner UNKNOWN. Internalnumericselectionmechanism, notprovedworld-subsystemboundary; finaltaxonomyqualification."
BND-219,APPLICATION_LIFECYCLE,NATIVE_UI,cross_subsystem,STEAM_PC,AvailableGame00450830 -> exactG838A50/G8386B8 -> retainedCLayout004592C0,Selectedordinarysuppliestwoinline-relativecleanupreceivers inexactorder; fieldresetnotowningpointerfree/currentmembergeneration/lastuse,VERIFIED,findings/boundaries/phase5_cgame_inline_layout_composition.md,findings/boundaries/phase5_cgame_inline_layout_composition.md,2026-10-04,"Seq104 exact local interface/transport only; current00BDA004 invocation/G-table/member generation, ownership, borrower final use and successfulsafe release UNKNOWN. Independent/personal/schema proofs before promotion; failed first target assertion preserved. No GOG/body/source widening."
BND-220,APPLICATION_LIFECYCLE,APPLICATION_LIFECYCLE,internal_lifecycle,STEAM_PC,Game0040A010/00455D50 ->00450830 -> optional0074E82B(savedG),Availableordinarycleanupbeforestackflagbit0optionaloriginalreceiverouterboundary; no actualcachedrootgeneration/detach/lastborrower/free-success,VERIFIED,findings/boundaries/phase5_cgame_inline_layout_composition.md,findings/boundaries/phase5_cgame_inline_layout_composition.md,2026-10-04,"Seq104 exact local interface/transport only; current00BDA004 invocation/G-table/member generation, ownership, borrower final use and successfulsafe release UNKNOWN. Independent/personal/schema proofs before promotion; failed first target assertion preserved. No GOG/body/source widening."
BND-221,NATIVE_UI,AUDIO,cross_subsystem,STEAM_PC,Retainedmessageclient role/004113D0 -> unusedthis0046B0E0 -> typedcurrentMain007201F0,"Externalcurrent454 operandh/0 -> freshtypedMain operation; exacttransportV, selectedfrontenddomainSI, externalXclass/Message120C0 alias/generationsUNKNOWN",STRONG_INFERENCE,findings/boundaries/phase5_audio_client_selected_record_operation.md,findings/boundaries/phase5_audio_client_selected_record_operation.md,2026-10-04,Seq106 selectedoperand/mapping/interface scope only; guardedh/postgetterh/currentA-R-M-T-U generation and actualeffect/finaloperand/lastuse/safe release UNKNOWN. No directrecordclear; lowbyteindexnot128extentguard; auto0046FA70thunktargetnotrawproof. Main/branch/personal/explicitcomparison beforepromotion; no callee/root/bank/backend/source/GOG widening. FrontenddomainfromacceptedclientCMessage use; nottypedX/CMessagefieldownershipproof.
BND-222,AUDIO,AUDIO,internal_lifecycle,STEAM_PC,CurrentMain00720830 selectedR ->007201F0 R18/AL1/T/M/U interface,ConditionalfullID addressmapping thenselectedq0 currentmemberaddress->opaquehelper/stackT->returnedUcall; notactualretirement/coreindex/fieldclear,VERIFIED,findings/boundaries/phase5_audio_client_selected_record_operation.md,findings/boundaries/phase5_audio_client_selected_record_operation.md,2026-10-04,Seq106 selectedoperand/mapping/interface scope only; guardedh/postgetterh/currentA-R-M-T-U generation and actualeffect/finaloperand/lastuse/safe release UNKNOWN. No directrecordclear; lowbyteindexnot128extentguard; auto0046FA70thunktargetnotrawproof. Main/branch/personal/explicitcomparison beforepromotion; no callee/root/bank/backend/source/GOG widening.
BND-223,NPC_ACTOR,NPC_ACTOR,internal_lifecycle,STEAM_PC,CNpcEnemy accepted0047F830 selectedevent2 -> currentNvirtual90,Exactevent2selectedmap/slot ->currenttable+90 Nreceiverindirectinterface -> common-tail exit; nominateddirectcleanuptransport notinarm; effect/gen/lastuseUNKNOWN,VERIFIED,findings/boundaries/phase5_npc_event2_selected_virtual90_routing_limit.md,findings/boundaries/phase5_npc_event2_selected_virtual90_routing_limit.md,2026-10-04,Boundedcandidate-local admissionnegative; notNPCretirement/deletion ortransitive/global absence.
BND-224,MEDIA_PLAYBACK,RENDER_D3D9,cross_subsystem,STEAM_PC,TypedCRdMovie start -> namedconstructedCRdTexture/currentM8->006B5CF0,Actualallocation/ctorreturn/M8publication/currentreload/sevenconstants ->nominaltexture setup; exactlocaltransportV/domainassociationSI/currentgen-lastuseUNKNOWN,STRONG_INFERENCE,findings/boundaries/phase5_crdmovie_constructed_texture_setup_descriptor.md,findings/boundaries/phase5_crdmovie_constructed_texture_setup_descriptor.md,2026-10-05,"Seq113 actualMoviehelper construction/descriptor interface only; currentH/M8/table/resourcegen/APIeffect/ownership/free/finaluseUNKNOWN. Original8byte minimumsourceNOTPASS/wrongcutoff preserved; prospective128/448+88metadata passedbeforepromotion, no cleanoriginal40/160/112pass. PersonalcriticalPE/ASM andexplicit-schema agreement beforecanonicalwrites, replaysnonadditive."
BND-225,RENDER_D3D9,RENDER_D3D9,internal_lifecycle,STEAM_PC,Nominaltexture006B5CF0 cleanup/descriptor ->006CBA40 literalcontext/opaque006CD010 andcurrenttable5C,"Cleanupentry-beforeguard; localdescriptoraddress/H14address/H pointer ->opaqueinterfaces ->numericfieldcommit/partialAX residue, nottypedAPIresult orresourceownership",VERIFIED,findings/boundaries/phase5_crdmovie_constructed_texture_setup_descriptor.md,findings/boundaries/phase5_crdmovie_constructed_texture_setup_descriptor.md,2026-10-05,"Seq113 actualMoviehelper construction/descriptor interface only; currentH/M8/table/resourcegen/APIeffect/ownership/free/finaluseUNKNOWN. Original8byte minimumsourceNOTPASS/wrongcutoff preserved; prospective128/448+88metadata passedbeforepromotion, no cleanoriginal40/160/112pass. PersonalcriticalPE/ASM andexplicit-schema agreement beforecanonicalwrites, replaysnonadditive."
BND-226,RENDER_D3D9,RENDER_D3D9,internal_lifecycle,STEAM_PC,Exact006CD010 currentcompositepointer ->twoopaqueinterfaces/localR10write/Pcopy,"Unsignedcurrentvalues branch, forwardedcurrentDpointer withR10value orP-derivedwords/localaddr; no locallyqualifiedsixfieldcapture/reference/owningtransfer",VERIFIED,findings/boundaries/phase5_texture_descriptor_consumer_request_limit.md,findings/boundaries/phase5_texture_descriptor_consumer_request_limit.md,2026-10-05,"Seq115 capture/retention/lifetime NOT_READY at exactonecaller; Dforwardedafteropaque effects, Ptwo-wordcopy notDalias, R10poststore notsuccessfulcapture. R/D/P/H/storage gen/type/lastuse UNKNOWN; fivecallees unacquired. Newclean45/115fit notretroactiveMovieoriginalNOTPASSpass. PersonalPE/ASM andexplicit45rows beforepromotion."
BND-227,ACTOR_OBJECTS,ANIMATION,cross_subsystem,STEAM_PC,availableModel00402DA0 E=M+1B4->006B9FD0,Literalvftablewrite and directinlinereceivertransport to resource-link/scalar reset andcurrentbacking boundaryattempts; actualcurrentowner-generation/lastborrower UNKNOWN,VERIFIED,findings/boundaries/phase5_model_crdinterp_backing_reset_boundary.md,findings/boundaries/phase5_model_crdinterp_backing_reset_boundary.md,2026-10-05,"Seq118 exact69/224 threewindows/no newdata-RTTI, personalPE/ASM and explicit-schema agreement before promotion. E4clear notresourcefree; backingguard/reload/call/clear notsameallocationgen, success, owner/currentdispatch, lastborrower/use orsafe retirement. CRdInterp-compatible type SI from cited prior map; no newnamed/current RTTI. GOG/actualowner/opaquehelper/allocator widening excluded. All70+18/originalMovieNOTPASS/disconnect107failurehistory preserved."
BND-228,RESOURCE_LOADING,ANIMATION,cross_subsystem,STEAM_PC,006B9E70 retainedinitializer prefix->006B9FD0,"IncomingECXsaved/reloaded thenresetcall beforeoldcitedresourceinitialization; oldE4linkdrop versus loadedbackingarguments qualified, replacement/type/generation/success NOT_READY",VERIFIED,findings/boundaries/phase5_model_crdinterp_backing_reset_boundary.md,findings/boundaries/phase5_model_crdinterp_backing_reset_boundary.md,2026-10-05,"Seq118 exact69/224 threewindows/no newdata-RTTI, personalPE/ASM and explicit-schema agreement before promotion. E4clear notresourcefree; backingguard/reload/call/clear notsameallocationgen, success, owner/currentdispatch, lastborrower/use orsafe retirement. CRdInterp-compatible type SI from cited prior map; no newnamed/current RTTI. GOG/actualowner/opaquehelper/allocator widening excluded. All70+18/originalMovieNOTPASS/disconnect107failurehistory preserved."
BND-229,EFFECTS,AUDIO,cross_subsystem,STEAM_PC,005F4E50 O434->0069E710->acquiredCSound0046CBC0,"available outer inline-component transport; q0guard/getter/q1reload andCSound receiver/argsq1,0; backing-resource/ownership/currentdispatch UNKNOWN",VERIFIED,findings/boundaries/phase5_hookchain_csoundloop_operand_retirement_limit.md,findings/boundaries/phase5_hookchain_csoundloop_operand_retirement_limit.md,2026-10-05,"Seq121 staged4ids4windows82instructions288bytes/rawdata-RTTI0; outer54/204 and downstream28/84; personal PE/ASM plus explicit28row/named-schema agreement before promotion. L=O434 geometry, twoq observations/currentA/interiorB-or0/opaque-tail/normal-return sentinel store only. q not proven pointer/handle/resource; no backing relationship/ownership/actualselecteddispatch/gen/success/lastuse/safe retirement. CSoundLoop-compatible SI by retained legacyseed, not newnamed/currentRTTI; GOG no equivalence. No helper/getter/constructor/sibling/allocator/XNV/runtime widening; all70+18/oldfailedchecks/NOTPASS/disconnect119 preserved."
BND-230,AUDIO,AUDIO,internal_lifecycle,STEAM_PC,0046CBC0 q->interiorB/0->opaque0046B870 thenL4=-1 at0069E72B,full numericmatch dependent recordaddress-or-null argumentreplacement/tailcall; normalreturn sentinelstore notcleanupsuccess/gen/finalborrower/saferetirement,VERIFIED,findings/boundaries/phase5_hookchain_csoundloop_operand_retirement_limit.md,findings/boundaries/phase5_hookchain_csoundloop_operand_retirement_limit.md,2026-10-05,"Seq121 staged4ids4windows82instructions288bytes/rawdata-RTTI0; outer54/204 and downstream28/84; personal PE/ASM plus explicit28row/named-schema agreement before promotion. L=O434 geometry, twoq observations/currentA/interiorB-or0/opaque-tail/normal-return sentinel store only. q not proven pointer/handle/resource; no backing relationship/ownership/actualselecteddispatch/gen/success/lastuse/safe retirement. CSoundLoop-compatible SI by retained legacyseed, not newnamed/currentRTTI; GOG no equivalence. No helper/getter/constructor/sibling/allocator/XNV/runtime widening; all70+18/oldfailedchecks/NOTPASS/disconnect119 preserved."
BND-231,SAVE_GAMERECORD,EVENT_SCRIPT,cross_subsystem,STEAM_PC,00430A2D->0072A470 ECX=E0+7B4/arg=G0+CDD80,"Verified concrete current getter-result operand/receiver transformations; CEvCore/Game associations SI only, not actual current type/root-owner/gen or upstreamI identity",STRONG_INFERENCE,findings/boundaries/phase5_save_event_core_member_value_transport.md,findings/boundaries/phase5_save_event_core_member_value_transport.md,2026-10-05,"Seq1242identities2windows87instructions303encodedbytes/rawdataRTTI0; main46/195 then freshleaf41/108 after local transport PASS. Personal PE/ASM and explicit41row named-schema comparison before promotion. Getter-result occurrences/I/R/P, values and generations separate; name associations SI only. Untyped interleaved bit copies, not owning-reference transport/cleanup/success/finaluse/safe retirement. DF/validity/alias/frame integrity explicit; no getter/upstream/helper/constructor/GOG/runtime widening. All70+18/original failures/corrections/NOTPASS retained; Phase5ACTIVE/noPhase6."
BND-232,EVENT_SCRIPT,SAVE_GAMERECORD,cross_subsystem,STEAM_PC,0072A470 rawR/P value moves; later00430ACC independent E2/G6 REP,"Verified untyped interleaved values/fixed repeated dwords into argument/currentgetter-derived storage; static subsystem naming SI. No owning/borrowed reference type, cleanup/lastuse/success/coherent snapshot inference",STRONG_INFERENCE,findings/boundaries/phase5_save_event_core_member_value_transport.md,findings/boundaries/phase5_save_event_core_member_value_transport.md,2026-10-05,"Seq1242identities2windows87instructions303encodedbytes/rawdataRTTI0; main46/195 then freshleaf41/108 after local transport PASS. Personal PE/ASM and explicit41row named-schema comparison before promotion. Getter-result occurrences/I/R/P, values and generations separate; name associations SI only. Untyped interleaved bit copies, not owning-reference transport/cleanup/success/finaluse/safe retirement. DF/validity/alias/frame integrity explicit; no getter/upstream/helper/constructor/GOG/runtime widening. All70+18/original failures/corrections/NOTPASS retained; Phase5ACTIVE/noPhase6."
BND-233,RENDER_D3D9,RENDER_D3D9,internal_lifecycle,STEAM_PC,00406EF0->00405690->0076F038/00BD9E60,Available368request P->CRdModel fixedshaderaggregatebaseconstruct->wrappervptr/cachepublication/selectedPreturn,VERIFIED,findings/boundaries/phase6_static_tracker_shell_teardown_and_crdmodel_cache.md; reports/PHASE7_ROOT_PRIMARY_ADJUDICATION_SEQ0209.md,findings/boundaries/phase6_static_tracker_shell_teardown_and_crdmodel_cache.md,2026-10-06,Actualruntime/rootgeneration/consumer/GPU/ownership/cleanup/GOG UNKNOWN; no newsubsystemdeclared.; Phase7 seq209 narrow renderer-associated available cache/configuration interpretation; no active authority/owner/current-generation proof. maps/PHASE7_ROOT_SERVICE_ADVERSARIAL_LIMITS.md
BND-234,EVENT_SCRIPT,EVENT_SCRIPT,internal_lifecycle,STEAM_PC,00452921->00405360 EAX->ECX00452928->00446AF0,SelectedcachedCEventgetter result transportedto numerictransitionorganizer;currentEBPpendingselector ABI-conditional,VERIFIED,findings/boundaries/phase6_cfunc_bulk_control_and_event_receiver_join.md,findings/boundaries/phase6_cfunc_bulk_control_and_event_receiver_join.md,2026-10-05,Partialunknowncaller00452780 notfullytyped/classified. EBPvalue/currenttable/gen/invocation/GOG UNKNOWN; no selector4.
BND-235,OBJECT_DISPATCH,PHYSICS_PHYSX,cross_subsystem,STEAM_PC,0044E560/0044E640 ->0040E470 EAX->ECX ->006EAB30,Oppositeactiveobjectflagcontrol followedbyseparately acquiredCPhysicsCore resultasreceiver toopaque006EAB30;pending0/1pushbeforegetter,VERIFIED,findings/boundaries/phase6_cfunc_bulk_control_and_event_receiver_join.md;findings/boundaries/cphysicscore_lifecycle_root.md,findings/boundaries/phase6_cfunc_bulk_control_and_event_receiver_join.md,2026-10-05,Physicscontrol effect/targetfield/operandABI notqualified; no pause/resume orquiescence/safeownership/currentgen/GOG.
BND-236,APPLICATION_LIFECYCLE,APPLICATION_LIFECYCLE,internal_lifecycle,STEAM_PC,00401310 selected00401422/00401429 ->0040CE60 ->0074F25D,AcquiredfixedtrackerR; capturedcount/currentrange indexedrawpointers ->named_free requests; opaque range postboundary,VERIFIED,findings/boundaries/phase6_tracker_application_raw_pointer_retirement.md,findings/boundaries/phase6_tracker_application_raw_pointer_retirement.md,2026-10-05,"Internalapplication lifecycle boundary ending at namedCRT_free interface, notnewCRTsubsystem. InitialendpointCRT_STL_RUNTIME failed existingendpointtaxonomy check; correction retained in sequence139attempt1. No ownership/success/lastuse/quiescence/GOG."
BND-237,EVENT_SCRIPT,EVENT_SCRIPT,internal_lifecycle,STEAM_PC,00441470 -> cached CEvent +34/+38 and selected local mode branches,Decoded cursor words -> numeric state compare/store -> Event/core/game/camera/message/object control interfaces,STRONG_INFERENCE,findings/boundaries/phase6_event_mode_coordinator_and_cmessage_auxiliary.md,findings/boundaries/phase6_event_mode_coordinator_and_cmessage_auxiliary.md,2026-10-05,Event-associated internal integration only; incoming producer/opaque policy/mode meaning/currentgen/ownership/GOG UNKNOWN; does not replace DSB/Event boundaries.
BND-238,EVENT_SCRIPT,EVENT_SCRIPT,internal_lifecycle,STEAM_PC,CEvThreadEx::slot3 0043D400 -> distinct cached CEvent / local state,Receiver flags/counters + mode selector -> computed local branches and cached CEvent consult/publications,STRONG_INFERENCE,findings/boundaries/phase6_ceventhreadex_virtual_mode_coordinator.md,findings/boundaries/phase6_ceventhreadex_virtual_mode_coordinator.md,2026-10-05,Typed virtual seam; incoming dispatch/owner/cadence/mode semantics/runtime/GOG UNKNOWN.
BND-239,OBJECT_DISPATCH,OBJECT_DISPATCH,internal_lifecycle,STEAM_PC,00507E05 ECX=S+80C ->00527170 CMustachesAdmin ensurechildren,Incomingreceiverinterioraddress/pending0 ->accepted typedchildconstruction/registration endpoint,STRONG_INFERENCE,findings/boundaries/phase6_cold_receiver_control_and_thread_initializer_prefix.md,findings/boundaries/phase6_cold_receiver_control_and_thread_initializer_prefix.md,2026-10-05,Inlinecompatibleuse only; Sclass/owner/childgeneration/effects/lastuse UNKNOWN. No Phase5parentretirement reopening.
BND-240,EVENT_SCRIPT,OBJECT_DISPATCH,cross_subsystem,STEAM_PC,0041D970 CDemo request ->selected CLevel factory/model/callback/publication,Numericrequest ->selector28-compatibleobject -> resource-rebind/initialcallbackinterface ->indexedpointer-bitpublication,STRONG_INFERENCE,findings/boundaries/phase6_static_thread_vector_and_demo_level_configuration.md,findings/boundaries/phase6_static_thread_vector_and_demo_level_configuration.md,2026-10-05,No fullworldstreamer/parser/operation-success/owner/payloadtype/generation/retirement/cadence proof. SameoldPhase5CLevel/packetguards.
BND-241,EVENT_SCRIPT,EVENT_SCRIPT,internal_lifecycle,STEAM_PC,00446890 / intended00BDC960 CEvThreadEx vector / current00408960 results,Intended static element addresses -> explicit getter-result DWORD publication cells; ABI composition only,STRONG_INFERENCE,findings/boundaries/phase6_static_vector_address_publication_and_abi.md,findings/boundaries/phase6_static_vector_address_publication_and_abi.md,2026-10-05,No currentsource/table/owner/generation/consumer/virtualmode/actuallifecycle orsafe retirement proof.
BND-242,RESOURCE_LOADING,EVENT_SCRIPT,cross_subsystem,STEAM_PC,00446890 ->0070D3E0/current00408960result,Resource-record18 result plusindependentGameinteriors/counts ->relativeheader fields/pairhandoffs,STRONG_INFERENCE,findings/boundaries/phase6_core_typed_root_descriptor_and_static_cohorts.md,findings/boundaries/phase6_core_typed_root_descriptor_and_static_cohorts.md,2026-10-05,Nopayloadformat/currentgen/ownership/loader/parser/success/consumeralgorithm guarantee.
BND-243,NATIVE_UI,SAVE_GAMERECORD,cross_subsystem,STEAM_PC,00620480 selectedselector1/state12 andstate10,Menu-facinglocalcontrol ->1+27stagingcopyrequests/sharedGameflag/state/preservation/fade interfaces,STRONG_INFERENCE,findings/boundaries/phase6_menu_shared_record_phase_bridge.md,findings/boundaries/phase6_menu_shared_record_phase_bridge.md,2026-10-05,Sclass/admission/runtime/coherence/success/virtual30/owner/lastuse UNKNOWN; priorreconstructionguardspreserved.
BND-245,EVENT_SCRIPT,INPUT_CAMERA,cross_subsystem,STEAM_PC,00522D50 Core-compatibleoperation andselectedcamera path,Coreoperationresult localbranch ->conditionalGame/Input/object camera table/cache interfaces,STRONG_INFERENCE,findings/boundaries/phase6_object_core_camera_local_control_seq0160.md,findings/boundaries/phase6_object_core_camera_local_control_seq0160.md,2026-10-05,Selectedstaticcontrol only; no currentCore/camera identity/owner/gen/invocation/cadence/success/lastuse. BND244 remainsunpromoted/unused.
BND-246,EFFECTS,OBJECT_DISPATCH,cross_subsystem,STEAM_PC,Available004052E0->0069F040/00678BA0->00BD7670/006C5AE0,Typedavailable serviceconsumer join; conditionalresource-backed setup resultO ->knownactive-objectregistration operand,STRONG_INFERENCE,findings/boundaries/phase6_effectadmin_selected_resource_registration.md; reports/PHASE7_ROOT_PRIMARY_ADJUDICATION_SEQ0209.md,findings/boundaries/phase6_effectadmin_selected_resource_registration.md,2026-10-06,Exactselected normalrequest interface only; currentclass/gen/owner/DF/ABI/success/lifetime/safety/fullservice UNKNOWN. BND244 absent.; Phase7 seq209 registration-client placement into available established implementation through app-root operand; not current coherent manager/owner. maps/PHASE7_ROOT_SERVICE_ADVERSARIAL_LIMITS.md
BND-247,NATIVE_UI,RENDER_D3D9,cross_subsystem,STEAM_PC,00633B80 conditionalavailableCRdTexture/01472224->006B58D0/D3DXimports,Selectedliteralread/buffer/resultpublication ->conditionalnamed2D-cubememory importrequest; laterreloadedpresentation/cleanup interfaces,STRONG_INFERENCE,findings/boundaries/phase6_native_instruction_texture_import.md,findings/boundaries/phase6_native_instruction_texture_import.md,2026-10-06,"Resource-loading interface context, notsuccessfulDDS/GPU/type/physicalcontrol/capture/ownership/generation/safe-lifetime. Separatecurrentreads notsamecohort; BND244 absent."
BND-248,NATIVE_UI,RESOURCE_LOADING,cross_subsystem,STEAM_PC,00627AB0 selectedprofile-name request/006B2C30 result->008C4C0C,Profile-format buffer/staged request followed by qualified name-accessor normalresult publication; no load-success/type/cohort guarantee,STRONG_INFERENCE,findings/boundaries/phase6_native_profile_resource_result_publication.md,findings/boundaries/phase6_native_profile_resource_result_publication.md,2026-10-06,Refines established native/resource interface; distinct from BND246Effect registration/BND247texture-D3DX. No new family/factory/class/lifetime/fullprofile protocol; BND244 remains absent.
