claim_id,subject,claim,evidence_state,builds,evidence_for,evidence_against,supersedes,source_report,last_reviewed,notes
C0001,build_identity_steam,Steam PC executable hash is 7a713886...242a029 and matches the static export manifest.,VERIFIED,STEAM_PC,inputs/binaries/steam/DP_STEAM.exe; inputs/decompiler/steam/manifest.json,,,,2026-10-02,"Primary binary and manifest hashes agree. Curator 2026-10-02: last_reviewed records the current metadata/confidence-scope review, not a new primary semantic check. Previously assigned date 2026-10-01 preserved here; Phase 0 ingestion alone does not establish the historical semantic review date. Historical primary checks, where documented, remain in the journal."
C0002,build_identity_gog,GOG PC executable hash is c954c2e3...129415c2 and matches the static export manifest.,VERIFIED,GOG_PC,inputs/binaries/gog/DP_GOG.exe; inputs/decompiler/gog/manifest.json,,,,2026-10-02,"Primary binary and manifest hashes agree. Curator 2026-10-02: last_reviewed records the current metadata/confidence-scope review, not a new primary semantic check. Previously assigned date 2026-10-01 preserved here; Phase 0 ingestion alone does not establish the historical semantic review date. Historical primary checks, where documented, remain in the journal."
C0003,pc_static_export_completeness,Steam and GOG Ghidra packs report zero export errors and complete function/call/xref/string inventories for their analyzed databases.,VERIFIED,STEAM_PC;GOG_PC,Both manifest.json files,,,,2026-10-02,"This establishes export completeness, not semantic completeness. Curator 2026-10-02: last_reviewed records the current metadata/confidence-scope review, not a new primary semantic check. Previously assigned date 2026-10-01 preserved here; Phase 0 ingestion alone does not establish the historical semantic review date. Historical primary checks, where documented, remain in the journal."
C0004,player_state_table,"CPlayer+0x654 is indexed through at least 0x88 and the recovered table contains 137 slots, not 22.",STRONG_INFERENCE,STEAM_PC;GOG_PC,inputs/knowledge/zachfix_research_2026-10-01/disproven.md; player/state-families.md,,old-22-slot interpretation,,2026-10-02,"Primary export confirmation remains a Phase 1 target. Reconciled 2026-10-02: this remains secondary-derived until a current primary export check is recorded. Curator 2026-10-02: last_reviewed records the current metadata/confidence-scope review, not a new primary semantic check. Previously assigned date 2026-10-01 preserved here; Phase 0 ingestion alone does not establish the historical semantic review date. Historical primary checks, where documented, remain in the journal."
C0005,generic_dispatcher,006C5AF0 GOG / 006C5FF0 Steam is a generic object dispatcher with recurring multi-pass phase behavior.,VERIFIED,STEAM_PC;GOG_PC,steam DP_decompiled.c:440978-441305; gog DP_full.asm:006C5AF0-006C6F17; engine/overview.md,,,,2026-10-02,"Curator 2026-10-02: last_reviewed records the current metadata/confidence-scope review, not a new primary semantic check. Previously assigned date 2026-10-01 preserved here; Phase 0 ingestion alone does not establish the historical semantic review date. Historical primary checks, where documented, remain in the journal."
C0006,physx_phase_order,Steam scheduler ordering places state 14 physics submission before state 7 completion/fetch and state 8 Event 6 delivery.,VERIFIED,STEAM_PC,steam DP_decompiled.c:441181-441199; steam DP_full.asm dispatcher; disproven.md,,Event-6-substep interpretation,,2026-10-02,"Direct primary static ordering now checked; runtime cadence remains unresolved. Curator 2026-10-02: last_reviewed records the current metadata/confidence-scope review, not a new primary semantic check. Previously assigned date 2026-10-01 preserved here; Phase 0 ingestion alone does not establish the historical semantic review date. Historical primary checks, where documented, remain in the journal."
C0007,save_layout,"The fixed dp.sav image contains a header followed by 28 0x45CC0 GameRecord images, with the live record at Game+0x8C568.",STRONG_INFERENCE,STEAM_PC;GOG_PC,engine/overview.md; evidence/game_record/ZachFix_GameRecord_RE_2026-09-30.md,,opaque-save-region interpretation,,2026-10-02,"Prior report is secondary; revalidate selected addresses. Curator 2026-10-02: last_reviewed records the current metadata/confidence-scope review, not a new primary semantic check. Previously assigned date 2026-10-01 preserved here; Phase 0 ingestion alone does not establish the historical semantic review date. Historical primary checks, where documented, remain in the journal."
C0008,player_cct_bridge,0048B0A0 -> 004831C0 -> 00481D70 is an NPC/common-character path; York uses a separate post-state CCT path at 004E3350 GOG / 004E3280 Steam.,STRONG_INFERENCE,STEAM_PC;GOG_PC,engine/overview.md; disproven.md; player/cct-bridge.md,,York-missing-bridge interpretation,,2026-10-02,"Ownership correction must not be lost. Curator 2026-10-02: last_reviewed records the current metadata/confidence-scope review, not a new primary semantic check. Previously assigned date 2026-10-01 preserved here; Phase 0 ingestion alone does not establish the historical semantic review date. Historical primary checks, where documented, remain in the journal."
C0009,state38_vehicle_context,"Player state 0x38 is a vehicle-context post-exit/re-entry-capable transition hub, not ordinary on-foot idle.",STRONG_INFERENCE,STEAM_PC;GOG_PC,disproven.md; player/vehicle.md,,ordinary-on-foot-idle interpretation,,2026-10-02,"Exact cleanup gate remains open. Curator 2026-10-02: last_reviewed records the current metadata/confidence-scope review, not a new primary semantic check. Previously assigned date 2026-10-01 preserved here; Phase 0 ingestion alone does not establish the historical semantic review date. Historical primary checks, where documented, remain in the journal."
C0010,input_staging,Normal PC CInput uses one-deep staging and approximately one game-tick sample latency; dormant callback worker is not the normal 30 Hz producer.,STRONG_INFERENCE,STEAM_PC;GOG_PC,disproven.md; engine/overview.md,,30-Hz-callback-cap interpretation,,2026-10-02,"Runtime evidence is preserved only in prior research, not inputs/runtime. Curator 2026-10-02: last_reviewed records the current metadata/confidence-scope review, not a new primary semantic check. Previously assigned date 2026-10-01 preserved here; Phase 0 ingestion alone does not establish the historical semantic review date. Historical primary checks, where documented, remain in the journal."
C0011,camera_mode_table,"0x008A9980 maps committed CPlayer states to CCamera modes, and 0x008A9BC8 dispatches camera mode handlers.",STRONG_INFERENCE,STEAM_PC;GOG_PC,inputs/knowledge/zachfix_research_2026-10-01/input/camera-modes.md;inputs/knowledge/zachfix_research_2026-10-01/disproven.md;findings/boundaries/input_camera_primary_roots.md,,vague-secondary-mode-table interpretation,findings/boundaries/input_camera_primary_roots.md,2026-10-03,"Static recheck pending. Curator 2026-10-02: last_reviewed records the current metadata/confidence-scope review, not a new primary semantic check. Previously assigned date 2026-10-01 preserved here; Phase 0 ingestion alone does not establish the historical semantic review date. Historical primary checks, where documented, remain in the journal. Sequence16 primary Steam numeric mechanism recorded byC0124; exactCPlayer receiver genealogy and newGOG checks remain missing. Broadpaired claim staysSTRONG_INFERENCE; no C0004 tableextent promotion."
C0012,effect_layering,CEffect and CRdObjectEffect share base virtual behavior; CEffect adds resource/catalog/tail state and callback-driven policy.,STRONG_INFERENCE,STEAM_PC;GOG_PC;XBOX360_PAL,engine/effects.md; disproven.md,,CEffect-own-main-virtuals interpretation,,2026-10-02,"Xbox correspondence is comparative. Curator 2026-10-02: last_reviewed records the current metadata/confidence-scope review, not a new primary semantic check. Previously assigned date 2026-10-01 preserved here; Phase 0 ingestion alone does not establish the historical semantic review date. Historical primary checks, where documented, remain in the journal."
C0013,state5_physx,State 5 / FUN_0052E0D0 is not the PhysX submit boundary; the primary submit anchor is state 14.,DISPROVEN,STEAM_PC;GOG_PC,disproven.md,,,,2026-10-02,"Retain as a negative constraint. Curator 2026-10-02: last_reviewed records the current metadata/confidence-scope review, not a new primary semantic check. Previously assigned date 2026-10-01 preserved here; Phase 0 ingestion alone does not establish the historical semantic review date. Historical primary checks, where documented, remain in the journal."
C0014,state11_fetch,"State 11 is not fetchResults; completion/fetch is associated with state 7, while state 11 is PhysicsResist processing.",DISPROVEN,STEAM_PC;GOG_PC,disproven.md,,,,2026-10-02,"Retain as a negative constraint. Curator 2026-10-02: last_reviewed records the current metadata/confidence-scope review, not a new primary semantic check. Previously assigned date 2026-10-01 preserved here; Phase 0 ingestion alone does not establish the historical semantic review date. Historical primary checks, where documented, remain in the journal."
C0015,state38_save_crash,Saving in transient Player state 0x38 necessarily reloads state 0x38 and dereferences record+0x14.,DISPROVEN,STEAM_PC,disproven.md; evidence/save_resume_contract/SaveAnywhere_Corrective_Verification_RE.md,,,,2026-10-02,"The dereference exists, but the claimed post-load edge is not established. Curator 2026-10-02: last_reviewed records the current metadata/confidence-scope review, not a new primary semantic check. Previously assigned date 2026-10-01 preserved here; Phase 0 ingestion alone does not establish the historical semantic review date. Historical primary checks, where documented, remain in the journal."
C0016,tree_billboard,object+0x444/+0x12/+0x416 swaps to a 2D billboard impostor.,DISPROVEN,STEAM_PC;GOG_PC,disproven.md; world/residency.md,,,,2026-10-02,"Current interpretation is alternate low-detail 3D representation. Curator 2026-10-02: last_reviewed records the current metadata/confidence-scope review, not a new primary semantic check. Previously assigned date 2026-10-01 preserved here; Phase 0 ingestion alone does not establish the historical semantic review date. Historical primary checks, where documented, remain in the journal."
C0017,event_a6_common,CEvent A6/4 is a common shipped-gameplay producer of the historical aim bug.,DISPROVEN,STEAM_PC;GOG_PC,disproven.md; input/camera-modes.md,,,,2026-10-02,"Only occurrences are in an internal Shooting Test DSB collection. Curator 2026-10-02: last_reviewed records the current metadata/confidence-scope review, not a new primary semantic check. Previously assigned date 2026-10-01 preserved here; Phase 0 ingestion alone does not establish the historical semantic review date. Historical primary checks, where documented, remain in the journal."
C0018,physx_global_fix,A broad/common realtime PhysX correction with live maxIter=4 is production-safe.,DISPROVEN,STEAM_PC;GOG_PC,disproven.md; unresolved.md,,,,2026-10-02,"Research-only timing questions remain. Curator 2026-10-02: last_reviewed records the current metadata/confidence-scope review, not a new primary semantic check. Previously assigned date 2026-10-01 preserved here; Phase 0 ingestion alone does not establish the historical semantic review date. Historical primary checks, where documented, remain in the journal."
C0019,runtime_presence,The prepared workspace contains sufficient runtime logs/traces for new runtime characterization.,UNKNOWN,NONE,,inputs/runtime contains no supplied runtime traces,,,2026-10-02,"Do not claim new runtime validation from prior research alone. Curator 2026-10-02: last_reviewed records the current metadata/confidence-scope review, not a new primary semantic check. Previously assigned date 2026-10-01 preserved here; Phase 0 ingestion alone does not establish the historical semantic review date. Historical primary checks, where documented, remain in the journal."
C0020,asset_loader_map,"DPserial resource formats, loaders, typed factories, and consumers are fully mapped.",UNKNOWN,STEAM_PC;GOG_PC;DP_SERIAL,Asset corpus and static exports exist,"Current primary work maps archive stream/extraction, CRdData callback dispatch, and selected typed branches, but RESOURCE_TYPE_LEDGER still lacks every factory and most consumers.",,,2026-10-02,"Phase 1/4 target. Reconciled 2026-10-02: generic resource layers are mapped; the claim remains UNKNOWN because full formats, factories, and consumers are not mapped. Curator 2026-10-02: last_reviewed records the current metadata/confidence-scope review, not a new primary semantic check. Previously assigned date 2026-10-02 preserved here; Phase 0 ingestion alone does not establish the historical semantic review date. Historical primary checks, where documented, remain in the journal."
C0021,gog_dispatcher_export_split,GOG FUN_006C5AD0 is exported as noreturn even though raw assembly contains a return; this false attribute truncates the visible continuation of the generic dispatcher around FUN_006C5AF0/006C6B70.,VERIFIED,GOG_PC,inputs/decompiler/gog/DP_full.asm:006C5AD0-006C6F17; inputs/decompiler/gog/DP_decompiled.c:338364-338465,,,findings/boundaries/application_object_dispatch.md,2026-10-02,"Treat GOG decompiler boundary as incomplete and use assembly for dispatcher semantics. Former source_report tag preserved: decompiler-noreturn-split. Curator 2026-10-02: last_reviewed records the current metadata/confidence-scope review, not a new primary semantic check. Previously assigned date 2026-10-01 preserved here; Phase 0 ingestion alone does not establish the historical semantic review date. Historical primary checks, where documented, remain in the journal."
C0022,resource_extension_boundaries,"Literal DPserial extension strings and their xrefs establish executable boundaries for several resource families, but do not by themselves identify complete loaders, factories, or consumers.",STRONG_INFERENCE,STEAM_PC;GOG_PC;DP_SERIAL,ledgers/RESOURCE_TYPE_LEDGER.csv;findings/formats/resource_extension_census.md,,asset-only-loader-claim,,2026-10-01,Keep extension identity
C0023,resource_request_helper_identity,0040A2F0/0040A320 is a generic resource-request helper used by 00627240/006271C0.,DISPROVEN,STEAM_PC;GOG_PC,inputs/decompiler/steam/DP_decompiled.c:9478-9511; inputs/decompiler/gog/DP_decompiled.c:9420-9453,,,findings/formats/resource_loader_anchors.md,2026-10-02,"The reviewed body initializes CSingleton<CGame>; 006B2C30/006B2BA0 are resource-record/cache accessors instead. Former source_report tag preserved: resource-helper-misclassification. Curator 2026-10-02: last_reviewed records the current metadata/confidence-scope review, not a new primary semantic check. Previously assigned date 2026-10-01 preserved here; Phase 0 ingestion alone does not establish the historical semantic review date. Historical primary checks, where documented, remain in the journal."
C0024,dpserial_archive_stream,"The PC engine initializes UPDATA/_FLINK/DPSERIAL, opens numbered .001-.003 segments, and exposes a seek/read/size stream used by the resource-record subsystem.",VERIFIED,STEAM_PC;GOG_PC,006B1500;006AFD60;006AF720;006AF7F0;006AF820;006AF850;DPserial asset corpus,,,findings/formats/dpserial_archive_loader.md,2026-10-01,"This closes archive I/O, not typed payload parsing or object factory ownership."
C0025,dpserial_archive_extraction,"The PC DPserial archive subsystem reads record headers, recognizes XZP1 framing, and inflates compressed payloads with a zlib 1.2.1 interface before returning extracted buffers.",VERIFIED,STEAM_PC;GOG_PC,006B0000;006AF370;006AF5B0;006AFE40;DPserial archive loader finding,,,findings/formats/dpserial_archive_loader.md,2026-10-01,Payload extraction is verified; extension-specific typed interpretation and object construction are not.
C0026,cflkutil_archive_utility,"The local CFlkUtil archive utility has vtables at Steam 008268E4 / GOG 008268D4, with build-specific constructor/destructor candidates 006B4B80/006B4BE0 and 006B4AE0/006B4B40.",VERIFIED,STEAM_PC;GOG_PC,006B4BE0/006B4B40 raw assembly; CLASS_LEDGER.csv; VTABLE_LEDGER.csv,,,findings/formats/dpserial_archive_loader.md,2026-10-01,"Corrected ownership: this is a local archive utility in 006B3760, not proven to be the outer resource-record manager."
C0027,typed_registration_callback,"After archive extraction, 006B33F0/006B3760 pass a 0x30-byte descriptor through an indirect manager callback at +0x10 before committing the record table entry.",STRONG_INFERENCE,STEAM_PC;GOG_PC,006B33F0/006B3760 decompilation; archive extractor; resource manager mutex/record fields,,,findings/formats/dpserial_archive_loader.md,2026-10-01,"The callback is a typed-registration seam, but its target and concrete resource class are unresolved."
C0028,resource_manager_field_layout,"The outer resource-record manager is initialized by 006B2570 with record count and callback pointer, stores the callback at +0x10, allocates records at +0x0C with 0x30 stride, and creates mutex +0x388; its class/vtable identity is otherwise unresolved.",VERIFIED,STEAM_PC;GOG_PC,006B2570/006B2670;006B33F0/006B3760 raw assembly and decompilation,,merged-CFlkUtil-manager-claim,findings/formats/dpserial_archive_loader.md,2026-10-01,Keep outer manager and local CFlkUtil archive utility as separate objects.
C0029,resource_callback_contract,"The outer resource manager invokes the constructor-supplied +0x10 callback as (0, descriptor, record_id) while holding its +0x388 mutex, then commits the 0x30-byte descriptor and increments record validity/reference state.",VERIFIED,STEAM_PC;GOG_PC,006B2570;006B33F0;006B3760 raw assembly,,,findings/formats/dpserial_archive_loader.md,2026-10-01,Callback implementation and typed resource class remain unresolved.
C0030,typed_resource_extension_dispatch,"The resource manager is constructed with callback Steam 00408310 / GOG 004082D0, which dispatches extracted resources by extension and directly covers XMD/XPC plus numerous DPserial families.",VERIFIED,STEAM_PC;GOG_PC,004017C0 raw call setup; 00408310/004082D0 decompilation; RESOURCE_TYPE_LEDGER,,asset-only-loader-claim,findings/formats/typed_resource_dispatch.md,2026-10-01,The dispatcher seam is closed; helper/parser/class semantics remain separate claims.
C0031,xmd_xpc_typed_classes,"The typed resource callback directly associates XMD with CRdMesh and XPC with CRdPicture in both PC builds, with build-specific vtable and lifecycle evidence.",VERIFIED,STEAM_PC;GOG_PC,00408310/004082D0; CRdMesh/CRdPicture constructors/destructors; VTABLE_LEDGER.csv; CLASS_LEDGER.csv,,,findings/formats/typed_resource_dispatch.md,2026-10-01,XPC helper 006B5190 and remaining payload fields still require analysis.
C0032,xpc2_payload_parser,"The XPC callback branch feeds CRdPicture through an XPC2 parser that validates magic 0x32435058, allocates child records, inflates subpayloads, and stores the normalized buffer.",VERIFIED,STEAM_PC;GOG_PC,006B5190/006B50E0; CRdPicture callback branch; BND-012,,,findings/formats/typed_resource_dispatch.md,2026-10-01,Individual child-record semantics and downstream render consumers remain unresolved.
C0033,xpc2_d3d9_texture_boundary,The XPC2 child-payload path reaches a D3D9 texture helper that creates 2D or cube textures from normalized in-memory data and owns/releases the resulting texture slots.,VERIFIED,STEAM_PC,006B5190;006B58D0;006B59A0; D3DX9 texture imports,,,findings/boundaries/xpc2_d3d9_texture.md,2026-10-01,Child-field selection and texture-holder identity remain open.
C0034,xmd_animation_transform_boundary,The XMD callback helper normalizes payload animation state and an adjacent extractor converts 0x90-spaced matrix blocks into quaternion/transform records consumed by CRdMesh-side animation code.,VERIFIED,STEAM_PC;GOG_PC,0070BD20/0070BCC0;0070C020;006BE460; XMD callback branch,,,findings/boundaries/xmd_animation.md,2026-10-01,Exact XMD field names and final renderer ownership remain open.
C0035,crddata_resource_manager_root,Startup initializes a 0x38C CSingleton<CRdData> object and passes its pointer as this to the resource-manager initializer 006B2570 before callback registration.,VERIFIED,STEAM_PC;GOG_PC,004051F0/004051C0;006B2570; startup raw assembly; K0005,,,findings/formats/resource_manager_root.md,2026-10-01,CRdData field responsibilities beyond resource management remain open.
C0036,resource_descriptor_field_roles,Archive record +0x18 maps to a manager-record index and +0x1C supplies the key/path; callback descriptor +0x18/+0x1C hold callback-owned state/object slots and +0x2C tracks committed validity/reference state.,VERIFIED,STEAM_PC;GOG_PC,006AF930/006AFAD0;006B31F0;006B33F0;006B2BE0/006B2C70/006B2D00,,,findings/formats/resource_descriptor_fields.md,2026-10-01,Auxiliary +0x20 and tail-byte semantics remain open.
C0037,resource_handle_object_dispatch,A typed consumer resolves CRdData manager field +0x18 through 006B2BE0 and passes the live handle/state to an object virtual slot +0x54 during animation/resource state transitions.,VERIFIED,STEAM_PC,006118C0;006B2BE0; resource descriptor field map,,,findings/boundaries/resource_handle_object_dispatch.md,2026-10-01,Object class and full indexed-resource semantics remain open.
C0038,message_overlay_dispatch,"Paired high-centrality functions 0045C9F0/0045CA20 initialize/use CMessage, route message IDs through UI/resource helpers, use XPC2 child accessors, and emit overlay/text geometry through 0045A310/0045B710.",STRONG_INFERENCE,STEAM_PC;GOG_PC,0045C9F0/0045CA20; CMessage vtable initialization; typed dispatch/resource helpers,,,findings/boundaries/message_overlay_dispatch.md,2026-10-01,Exact message taxonomy and final UI ownership remain open.
C0039,xmd_actor_lifecycle_consumer,"00461060 gates on valid resource/actor state, then invokes 006BE460 followed by 006C1430(0), establishing the resource-backed XMD animation-to-actor lifecycle sequence.",VERIFIED,STEAM_PC,00461060;006B2F30;006BE460;006C1430,,,findings/boundaries/xmd_actor_lifecycle.md,2026-10-01,Owner class and final renderer invocation remain open.
C0040,xmd_transform_blending_consumer,"006C1850 consumes the XMD-derived 0xA0-stride animation records, invokes owner slot +0x68, and blends node transforms using quaternion slerp/multiply before writing object state.",STRONG_INFERENCE,STEAM_PC,006C1850;0070C130; D3DX quaternion operations,,,findings/boundaries/xmd_transform_blending.md,2026-10-01,Final render handoff and owner class remain open.
C0041,resource_tail_xmd_xpc_lifecycle,"XMD/XPC lifecycle paths use CRdData manager field +0x1C for paired resource object/state checks and release/reconstruction, with +0x18 queried for an optional third record path.",VERIFIED,STEAM_PC,004C60B0;004C62E0;004C63B0;006B2BE0;006B2C70;006B28F0,,,findings/boundaries/resource_tail_xmd_xpc_lifecycle.md,2026-10-01,Concrete field subtype and +0x20 semantics remain open.
C0042,xmd_bounds_visibility_prep,"006C2020 consumes XMD-derived animation records, applies transforms and node flags, and computes owner bounds/visibility state before the unresolved final render handoff.",STRONG_INFERENCE,STEAM_PC,006C2020;006BE6E0; D3DXVec4Transform; animation record +0x70,,,findings/boundaries/xmd_bounds_visibility_prep.md,2026-10-01,Final renderer invocation remains open.
C0043,xmd_object_render_handoff,"006BE6E0 allocates XMD animation state, runs animation/bounds preparation, then invokes owner virtual slot +0x4C before publishing object state, establishing the first post-bounds object/render lifecycle handoff.",STRONG_INFERENCE,STEAM_PC,006BE6E0;006BE460;006C1430;006C2020; owner virtual +0x4C,,,findings/boundaries/xmd_object_render_handoff.md,2026-10-01,Virtual target and final D3D9 draw semantics remain open.
C0044,resource_record_field20_accessor,"The paired 006B2CC0 accessor returns manager record field +0x20 after validity/index checks; both call manifests contain only its internal primitive call and neither PC binary contains a literal reference to either accessor address, so its semantic subtype remains unknown.",VERIFIED,STEAM_PC;GOG_PC,006B2CC0/006B2D00; manager table layout; targeted raw executable literal scan,,,findings/formats/resource_descriptor_fields.md,2026-10-01,No recoverable direct or address-taken consumer is present in supplied static evidence; relationship to callback descriptor +0x20 remains open.
C0045,selector_object_factory,Paired 005E7620/005E76F0 selector factories dispatch selector bytes to dozens of concrete game constructors; selector 0x28 is used before the unresolved 006BE6E0 virtual +0x4C handoff.,VERIFIED,STEAM_PC;GOG_PC,005E7620/005E76F0; representative constructors; selector 0x28 callsites,,,findings/boundaries/selector_object_factory.md,2026-10-01,Complete selector-to-class/vtable mapping remains open.
C0046,selector_28_clevel,"Selector 0x28 resolves to CLevel in both PC builds: constructors write CLevel vtables at 005CCBC0/005CCC90, with paired destructors 005CCC50/005CCD20 and vtables 007798AC/0077989C.",VERIFIED,STEAM_PC;GOG_PC,005E7620/005E76F0;005CCBC0/005CCC90; symbols/vtable ledger,,,findings/boundaries/selector_object_factory.md,2026-10-01,CLevel virtual slot +0x4C target remains unresolved.
C0047,clevel_virtual_slot_4c,Raw CLevel vtable bytes resolve slot +0x4C to Steam 006C0620 and GOG 006C04D0; paired bodies perform CLevel-owned resource/attachment update work.,DISPROVEN,STEAM_PC;GOG_PC,findings/boundaries/clevel_virtual_4c.md,findings/boundaries/phase5_world_resource_retirement.md;C0182,,findings/boundaries/clevel_virtual_4c.md,2026-10-04,Other selector owners using 006BE6E0 require separate slot mapping. Historicalclaim/source retained. Phase5 primarytablecheck contradicts +4C targets andsame-slotroute; superseded byC0182. Independently described helperbody facts are not erased. Original informal evidence_for retained here: raw .rdata vtable bytes;006C0620/006C04D0 paired bodies; CLevel vtables
C0048,selector_1a_1b_effect_classes,"Selector 0x1A resolves to CEffectRain and selector 0x1B resolves to CEffectHaze in both PC builds with concrete constructors, destructors, and vtables.",VERIFIED,STEAM_PC;GOG_PC,005E7620/005E76F0;006697C0/00669710;005F5660/005F5760; effect vtable symbols,,,findings/boundaries/selector_effect_classes.md,2026-10-01,Effect slot ownership and full update lifecycle remain open.
C0049,actor_effect_cleanup,"00718F00 releases actor/effect resource arrays, clears animation node flags, and resets lifecycle state across many high-fan-in object paths.",VERIFIED,STEAM_PC,00718F00; cleanup helpers; animation records +0x70,,,findings/boundaries/actor_effect_cleanup.md,2026-10-01,Owning class and per-selector effect ownership remain open.
C0050,selector_46_cobject,"Selector 0x46 resolves to CObject in both PC builds, with constructors 005479F0/00547AC0 writing vtables 00773EC4/00773EB4.",VERIFIED,STEAM_PC;GOG_PC,005E7620/005E76F0;005479F0/00547AC0; CObject vtable symbols,,,findings/boundaries/selector_object_factory.md,2026-10-01,Concrete subtype and lifecycle remain open.
C0051,selector_34_37_menu_classes,"Paired selector cases 0x34-0x37 resolve directly to CShop, CHelp, CPassword, and CChess through matched allocation sizes, constructors, and named vtable writes in both PC builds.",VERIFIED,STEAM_PC;GOG_PC,005E7620/005E76F0;0062E0E0/0062E030;0062E250/0062E1A0;0062BBB0/0062BB30;0062BC10/0062BB90,,,findings/boundaries/selector_object_factory.md,2026-10-01,Only class construction/dispatch is established; full menu lifecycle virtual slots and render ownership remain open.
C0052,selector_38_cfishing,"Selector 0x38 resolves to CFishing in both PC builds, with matched 0x170 allocations, constructors 0060EED0/0060EFE0, teardown candidates 0060D630/0060D850, and vtables 00780234/00780224.",VERIFIED,STEAM_PC;GOG_PC,005E7620/005E76F0;0060EED0/0060EFE0;0060D630/0060D850;CFishing vtable symbols,,,findings/subsystems/fishing.md,2026-10-01,Fishing task lifecycle virtual slots and rendering remain open.
C0053,selector_39_coption,"Selector 0x39 resolves to COption in both PC builds, with matched 0x768 allocations, constructors 00620050/0061FB90, and vtables 007807AC/0078079C.",VERIFIED,STEAM_PC;GOG_PC,005E7620/005E76F0;00620050/0061FB90;COption vtable symbols,,,findings/boundaries/selector_object_factory.md,2026-10-01,Adjacent Steam UI code calls CMessage
C0054,selector_3b_cfade,"Selector 0x3B resolves to CFade in both PC builds, with matched 0x1D0 allocations, constructors 00449740/00449770, and vtables 0077231C/0077230C.",VERIFIED,STEAM_PC;GOG_PC,005E7620/005E76F0;00449740/00449770;CFade vtable symbols,,,findings/boundaries/selector_object_factory.md,2026-10-01,CFadeManager is a separate singleton root; CFade teardown lifecycle and slots remain open.
C0055,selector_3c_csignoutmessage,"Selector 0x3C resolves to CSignOutMessage in both PC builds, with matched 0x160 allocations, constructors 005F53D0/005F54D0, and vtables 0077EC1C/0077EC0C.",VERIFIED,STEAM_PC;GOG_PC,005E7620/005E76F0;005F53D0/005F54D0;CSignOutMessage vtable symbols,,,findings/boundaries/selector_object_factory.md,2026-10-01,Lifecycle and virtual-slot semantics remain open.
C0056,selector_3d_cmonolog,"Selector 0x3D resolves to CMonolog in both PC builds, with matched 0x5D0 allocations, constructors 0061E280/0061E200, and vtables 0078068C/0078067C.",VERIFIED,STEAM_PC;GOG_PC,005E7620/005E76F0;0061E280/0061E200;CMonolog vtable symbols,,,findings/boundaries/selector_object_factory.md,2026-10-01,Larger state-machine lifecycle and virtual-slot semantics remain open.
C0057,selector_3e_ctarbomb,"Selector 0x3E resolves to CTarBomb in both PC builds, with matched 0x510 allocations, constructors 006AB260/006AB190, teardown candidates 006AB2B0/006AB1E0, and vtables 0078397C/0078396C; each contains a separate CSoundLoop subobject at +0x4D8.",VERIFIED,STEAM_PC;GOG_PC,005E7620/005E76F0;006AB260/006AB190;006AB2B0/006AB1E0;CTarBomb and CSoundLoop vtable symbols,,,findings/boundaries/selector_object_factory.md,2026-10-01,Outer-object lifecycle slots and embedded CSoundLoop field semantics remain open.
C0058,selector_3f_cgeorgeaxe,"Selector 0x3F resolves to CGeorgeAxe in both PC builds, with matched 0x538 allocations, constructors 006A9430/006A9360, and vtables 007838D4/007838C4.",VERIFIED,STEAM_PC;GOG_PC,005E7620/005E76F0;006A9430/006A9360;CGeorgeAxe vtable symbols,,,findings/boundaries/selector_object_factory.md,2026-10-01,Lifecycle and virtual-slot semantics remain open.
C0059,selector_40_cobjectchookchain,"Selector 0x40 resolves to CObjectCHookChain in both PC builds, with matched 0x690 allocations, constructors 005F5000/005F5100, teardown candidates 005F5100/005F5200, and vtables 0077EAFC/0077EAEC; each contains a separate CSoundLoop subobject at +0x434.",VERIFIED,STEAM_PC;GOG_PC,005E7620/005E76F0;005F5000/005F5100;005F5100/005F5200;CObjectCHookChain and CSoundLoop vtable symbols,,,findings/boundaries/selector_object_factory.md,2026-10-01,Outer-object lifecycle slots and embedded CSoundLoop field semantics remain open.
C0060,selector_41_cobjectctacklechain,"Selector 0x41 resolves to CObjectCTackleChain in both PC builds, with matched 0x708 allocations, constructors 005F5130/005F5230, teardown candidates 005F5270/005F5370, and vtables 0077EB8C/0077EB7C; each contains a separate CSoundLoop subobject at +0x434.",VERIFIED,STEAM_PC;GOG_PC,005E7620/005E76F0;005F5130/005F5230;005F5270/005F5370;CObjectCTackleChain and CSoundLoop vtable symbols,,,findings/boundaries/selector_object_factory.md,2026-10-01,Outer-object lifecycle slots and embedded CSoundLoop field semantics remain open.
C0061,selector_42_cobjectcphysicschain,"Selector 0x42 resolves to CObjectCPhysicsChain in both PC builds, with matched 0x5C8 allocations, constructors 005F4F20/005F5020, teardown candidates 005F4FD0/005F50D0, and vtables 0077EA6C/0077EA5C; each contains a separate CSoundLoop subobject at +0x434.",VERIFIED,STEAM_PC;GOG_PC,005E7620/005E76F0;005F4F20/005F5020;005F4FD0/005F50D0;CObjectCPhysicsChain and CSoundLoop vtable symbols,,,findings/boundaries/selector_object_factory.md,2026-10-01,Outer-object lifecycle slots and embedded CSoundLoop field semantics remain open.
C0062,high_fanout_task_callback_registration,"Steam 0064D810 and raw GOG 0064D760–0064D7B1 create native task objects, register 00647730/00647680 through task field +0x44 via 006BAB80/006BAAD0, then immediately dispatch the slot with (task, 0, registration_arg) through 00402870/00402860.",VERIFIED,STEAM_PC;GOG_PC,Steam raw assembly 0064D810-0064D861; GOG raw 0064D760-0064D7B1;006BAB80/006BAAD0;00402870/00402860,,,findings/subsystems/high_centrality_00647730.md,2026-10-01,Recurring event taxonomy and broad dispatcher subsystem ownership remain open.
C0063,selector_43_cfishingperson,"Selector 0x43 resolves to CFishingPerson in both PC builds, with matched 0x858 allocations, constructors 00613960/00613A70, teardown candidates 0060F290/0060F3A0, and vtables 007802A4/00780294.",VERIFIED,STEAM_PC;GOG_PC,005E7620/005E76F0;00613960/00613A70;0060F290/0060F3A0;CFishingPerson vtable symbols,,,findings/subsystems/fishing.md,2026-10-01,Exact fishing gameplay role
C0064,selector_44_cthrowlure,"Selector 0x44 resolves to CThrowLure in both PC builds, with matched 0x4C8 allocations, constructors 005F4E00/005F4F00, teardown candidates 005F4E20/005F4F20, and vtables 0077E9E4/0077E9D4.",VERIFIED,STEAM_PC;GOG_PC,005E7620/005E76F0;005F4E00/005F4F00;005F4E20/005F4F20;CThrowLure vtable symbols,,,findings/subsystems/fishing.md,2026-10-01,Gameplay role
C0065,selector_47_cobjectdoor,"Selector 0x47 resolves to base CObjectDoor in both PC builds, with matched 0x4A8 allocations, constructors 005F2A50/005F2B20, and vtables 0077A87C/0077A86C; several specialized door constructors reuse the base constructor before replacing the vtable.",VERIFIED,STEAM_PC;GOG_PC,005E7620/005E76F0;005F2A50/005F2B20;CObjectDoor vtable symbols,,,findings/boundaries/selector_object_factory.md,2026-10-01,Base teardown
C0066,selector_48_4e_object_range,"Selectors 0x48-0x4E exhaustively resolve to CObjectFreight, CObjectShelf, CObjectLever, CObjectLight, CObjectWater, CObjectTreeshaphand, and CObjectTreeshaphand_Museam in both PC builds, each with matched allocation, paired constructor/teardown vtable writes, and explicit homology.",VERIFIED,STEAM_PC;GOG_PC,005E7620/005E76F0;H0026-H0032;selector_48_4e_object_range.md,,,findings/subsystems/selector_48_4e_object_range.md,2026-10-01,Only direct class/lifecycle anchors are established; behavior
C0067,object_registry_generation_validated_lookup,"The high-fanin wrappers 006C5FD0/006C5AD0 forward packed handles into singleton 01481358, where 006C7780/006C7280 validate an index below 0xA00 and matching generation before returning a pointer-table slot.",VERIFIED,STEAM_PC;GOG_PC,DP_decompiled.c:441564-441593;338722-338750;raw assembly,,,findings/boundaries/object_handle_lifecycle.md,2026-10-01,Lookup semantics remain verified. The formerly unresolved class/lifecycle portion is now resolved by C0069; complete handle producer taxonomy remains open.
C0068,selector_factory_direct_vtable_exhaustion,"Paired selector factories 005E7620/005E76F0 are exhausted for direct recoverable class roots: 136 matching single-vtable roots plus resolved multi-vtable CPlayer/CMustachesAdmin and CNpcKiller/CNpcRecord splits, with remaining exceptions already-censused or class reuse.",VERIFIED,STEAM_PC;GOG_PC,selector factory decompilation; xrefs; scratch selector census,,,findings/subsystems/selector_factory_direct_vtable_census.md,2026-10-01,This bounded conclusion does not establish behavior or lifecycle semantics for every recovered class.
C0069,crd_handle_util_object_handle_lifecycle,"Global 01481358 is a static CRdHandleUtil instance that allocates generation:index packed handles for active objects. Registration writes the handle at object +0x3C, and retirement clears the corresponding pointer slot and generation occupancy flag.",VERIFIED,STEAM_PC;GOG_PC,DP_decompiled.c;DP_full.asm;symbols.csv:CRdHandleUtil::vftable;H0171;H0175-H0180,,C0067,findings/boundaries/object_handle_lifecycle.md,2026-10-01,Supersedes only the formerly unresolved class/lifecycle portion of C0067; complete producer taxonomy remains open.
C0070,active_object_manager_root_00bd7670,"00BD7670 roots a lazily allocated 0x6778-byte vtable-bearing object whose paired startup, registration, frame-retirement, and shutdown paths establish active-object-manager behavior; its exact RTTI class name remains unresolved.",STRONG_INFERENCE,STEAM_PC;GOG_PC,"DP_decompiled.c:204-262,494-495;DP_full.asm;H0172-H0176",,,findings/boundaries/object_handle_lifecycle.md,2026-10-01,Structural role is evidence-backed; do not promote a specific class name without RTTI or equivalent direct evidence.
C0071,cnpc_killer_outer_registry_registration,Source-object type byte +0x30 value 7 selects factory selector 0x08 in both PC builds. Successful CNpcKiller factory completion then directly registers the outer object through the active-object manager and assigns its +0x3C CRdHandleUtil packed handle.,VERIFIED,STEAM_PC;GOG_PC,DP_decompiled.c:127969-127998;113425-113454;selector factory completion;DP_full.asm;BND-049,,,findings/boundaries/cnpc_killer_factory_registration.md,2026-10-01,"Does not establish source-object class identity, CNpcKiller behavioral ownership, or independent embedded CNpcRecord registration."
C0072,cnpc_record_embedded_lifecycle_boundary,"CNpcRecord has paired vtable-only initializer and deleting-destructor helpers, while CNpcKiller construction and teardown write the record vtable directly at outer +0xD28. The reviewed lifecycle paths contain no direct CRdHandleUtil registration/release or active-object-manager operation for the embedded record.",VERIFIED,STEAM_PC;GOG_PC,DP_decompiled.c;DP_full.asm;CNpcRecord vtable xrefs;H0183-H0184,,,findings/boundaries/npc_record_embedded_lifecycle.md,2026-10-01,This bounded static conclusion does not exclude unobserved indirect virtual behavior or runtime-only ownership.
C0073,selector_factory_outer_handle_producer_rule,"Every successful result of paired selector factories 005E7620/005E76F0 reaches active-object registration, which stores a CRdHandleUtil packed handle at outer object +0x3C.",VERIFIED,STEAM_PC;GOG_PC,DP_full.asm:005E951B-005E9526;005E95EB-005E95F6;DP_decompiled.c;C0069,,,findings/boundaries/embedded_object_lifecycle_pattern.md,2026-10-01,Selector-factory registration is verified for successful outer results. CThrowLure is a verified non-idempotent extra-registration exception recorded by C0077; this does not negate the first factory registration.
C0074,embedded_object_lifecycle_pattern,"Across CPlayer/CMustachesAdmin, CNpcKiller/CNpcRecord, CFishingPerson/CMustachesAdmin, and CMenu/CMustachesAdmin, embedded or parent-held subobjects have direct vtable/lifecycle evidence but no direct independent active-object-manager or CRdHandleUtil operation in reviewed code.",STRONG_INFERENCE,STEAM_PC;GOG_PC,CMustachesAdmin and CNpcRecord paired lifecycle functions; outer constructors/destructors; vtable xrefs; BND-048/BND-052,,,findings/boundaries/embedded_object_lifecycle_pattern.md,2026-10-01,"Revised: inspected helpers are not independently registered themselves, but CMustachesAdmin can own separately registered CMustache children. The pattern only forbids automatic inference of a helper object’s own handle from its vtable/allocation."
C0075,non_factory_active_object_registration_producer_census,"Outside paired selector factories, all 45 direct registration call sites (22 Steam caller functions and 19 GOG caller functions) were censused: they include direct new-object producers, caller/global-retained producers, batch producers, pre-existing-object wrappers, and native-task forwarders. Each direct call assigns the registered outer object a CRdHandleUtil handle at +0x3C.",VERIFIED,STEAM_PC;GOG_PC,scratch/direct_active_registration_callers.json;DP_full.asm;DP_decompiled.c,00627240/006271C0 manual re-registration of selector-created CThrowLure; K0007,,findings/boundaries/direct_active_registration_producer_census.md,2026-10-01,Outer type names are deliberately unresolved where only fixed-vtable/allocation evidence is available. The census excludes the already-known selector-factory registration call from net-new producer counts.
C0077,active_object_registration_non_idempotence_cthrowlure,"Paired CThrowLure setup calls selector 0x44 then directly registers the same resulting object again. Both registrations reach the same bucket/mode; registration does not test existing +0x3C or membership, allocates a distinct second CRdHandleUtil handle, overwrites object +0x3C, and self-links active-list pointers. Generic release clears only the second/current mapping.",VERIFIED,STEAM_PC;GOG_PC,findings/boundaries/cthrowlure_registration_invariant.md,,K0007,findings/boundaries/cthrowlure_registration_invariant.md,2026-10-03,Acceptedstaticdouble-registration transformation scope unchanged. Sequence21 citation normalized fornewtypedCFishingLine retainer reliance; no registrationmatrix reanalysis orconfidencepromotion. Runtimefrequency/unreviewedcleanup remainsunknown.
C0078,cthrowlure_stale_handle_cleanup_scope,"For CThrowLure duplicate registration, object-local teardown and manager-local retirement can release only current H2 from object +0x3C. Direct global-reference census finds no manager/bulk CRdHandleUtil clear after startup; no reviewed static cleanup path reaches stale H1 or repairs self-linked list fields before deletion.",VERIFIED,STEAM_PC;GOG_PC,00402DA0/00402D90;006BCB20/006BC630;006C7070/006C6B70;006C58B0/006C53B0;01481358 xref census,,,findings/boundaries/cthrowlure_retirement_reset_scope.md,2026-10-01,Static scope only: no runtime leak/corruption frequency or unreviewed indirect cleanup conclusion is claimed.
C0079,active_object_retirement_mark_and_iterator,"Generic retirement walks the active-object list, not an independent deletion queue. It selects entries only when CRdObject byte +0x29 has bit 0x80 set. The bounded direct field-write census found one exact marker writer, 006BAB20 Steam / 006BAA70 GOG, which sets that bit through virtual slot +0x30.",VERIFIED,STEAM_PC;GOG_PC,0041B5E0/0041B600;0041B640/0041B660;00427320/00427340;006BAB20/006BAA70;006C7070/006C6B70;findings/boundaries/cthrowlure_retirement_marker_iterator.md,,retirement-queue interpretation,findings/boundaries/cthrowlure_retirement_marker_iterator.md,2026-10-01,"This exhausts direct exact marker/release writes in the supplied static exports, not all possible indirect vtable/task invocation sources."
C0080,cthrowlure_reset_marker_iterator_progression,"Manager reset broadcasts CThrowLure's manager-dispatch path before retirement. Its selector accepts every iterated entry, but manager field +0x18E0 == 2 bypasses vtable +0x30; otherwise CThrowLure is marked through +0x29=0x80. Because duplicate registration self-links CThrowLure +0x50/+0x54 and both loops compute next from +0x54 first, a traversal that reaches this object cannot advance past it cleanly: the enabled reset path repeats the marker dispatch, while direct retirement after an out-of-band mark retains the same pointer as post-delete next cursor.",VERIFIED,STEAM_PC;GOG_PC,006C58B0/006C53B0;006C5DF0/006C58F0;006C5DA0/006C58A0;006BAB20/006BAA70;006C7070/006C6B70;CThrowLure vtable 0077E9E4/0077E9D4;findings/boundaries/cthrowlure_retirement_marker_iterator.md,,C0078 reset-clean-traversal uncertainty,findings/boundaries/cthrowlure_retirement_marker_iterator.md,2026-10-01,"Conditional static traversal result only; the reset marker dispatch additionally requires manager +0x18E0 != 2. No runtime nontermination, freed-memory outcome, gameplay consequence, or reset frequency is claimed."
C0081,cmustachesadmin_parent_teardown_no_direct_child_retirement,"Paired CFishingPerson teardown invokes an active-object control-bit broadcast, not CRdHandleUtil release or generic retirement. The selected-object helper changes +0x2B and sends event 13 without writing retirement mark +0x29. The reviewed teardown does not dereference the separately allocated CMustachesAdmin at CFishingPerson +0x7F0 or its three child-handle slots, so this path is not direct CMustache child retirement.",VERIFIED,STEAM_PC;GOG_PC,0060F290/0060F3A0;005E6CF0/005E6DC0;006C5ED0/006C59D0;006BB180/006BB0D0;findings/boundaries/cmustachesadmin_cmustache_children.md,,,findings/boundaries/cmustachesadmin_cmustache_children.md,2026-10-04,"Selector-2 value 0x17 target identity, other parent teardown paths, and runtime child lifetime remain unresolved. Seq84 C0203/C0204 supplementcold event2/helper continuation, notdisproof ofthisoriginalordinaryactor/selectedcontroller/directcensus scope; shellP7F0clear distinctfromdescendanthandleclear/deletion."
C0082,native_task_callback_registration_pair,"Paired registration initializes a selector-0 active task, stores 00647730/00647680 at task +0x44, and immediately invokes the common callback seam with event code 0.",VERIFIED,STEAM_PC;GOG_PC,0064D810;0064D760 raw;006C5930/006C5430;006BAB80/006BAAD0;findings/boundaries/native_task_callback_lifecycle.md,,,findings/boundaries/native_task_callback_lifecycle.md,2026-10-01,"Does not establish later callback cadence, ownership, or teardown."
C0083,native_task_callback_connective_architecture,Paired selector-0 active task callbacks use 01474CF8/01474CFC current/deferred state and repeatedly invoke paired message-presentation helper 0045C9F0/0045CA20. The callback is indirect through task +0x44 and is structurally distinct from direct generic active-object dispatch.,STRONG_INFERENCE,STEAM_PC;GOG_PC,findings/boundaries/native_task_connective_architecture.md,,,findings/boundaries/native_task_connective_architecture.md,2026-10-01,"Exact semantic subsystem, runtime cadence, ordering, and teardown remain unresolved."
C0084,native_task_availability_reset_batch,"Paired high-fanout transition roots clear native-task availability flag 0147693C as part of a grouped reset batch, without direct callback replacement, CRdHandleUtil release, or generic retirement at reviewed write sites.",VERIFIED,STEAM_PC;GOG_PC,findings/boundaries/native_task_availability_reset_boundary.md,,,findings/boundaries/native_task_availability_reset_boundary.md,2026-10-01,Does not establish task lifetime outcome.
C0085,crdpicture_clevel_attachment,"Paired LEVEL%03d resource paths retrieve CRdMesh and CRdPicture pointers from valid CRdData record +0x1C slots and pass them to CLevel setup, which stores the pair at CLevel +0x160/+0x164 before animation/resource attachment work.",VERIFIED,STEAM_PC;GOG_PC,005DCA50/005DCB20;006B2C30;006B2C70;005EA8D0/005EA9A0;006BE6E0/006BE1F0,,,findings/boundaries/crdpicture_clevel_resource_attachment.md,2026-10-02,Does not establish final D3D9 draw ownership or semantics of every CRdPicture record.
C0086,clevel_virtual_attachment_selection,"CLevel vtable slot +0x4C reaches build-specific attachment-update bodies, whose paired continuation resets CLevel selection state, scans three attachment entries for N_HEAD, and stores a selected entry/index without a direct D3D9 submission call.",DISPROVEN,STEAM_PC;GOG_PC,findings/boundaries/clevel_virtual_attachment_selection.md,findings/boundaries/phase5_world_resource_retirement.md;C0182,,findings/boundaries/clevel_virtual_attachment_selection.md,2026-10-04,Slot body homology is build-specific; eventual selected-attachment consumer remains unknown. Historicalclaim/source retained. Phase5 primarytablecheck contradicts +4C targets andsame-slotroute; superseded byC0182. Independently described helperbody facts are not erased. Original informal evidence_for retained here: CLevel vtables 007798AC/0077989C;006C0620/006C04D0;006C07D0/006C02E0
C0087,shared_attachment_compatible_update_scope,"CLevel teardown clears selected attachment state, while paired 006BF550/006BF060 independently read compatible attachment offsets during transform update; a direct CLevel-to-helper edge is not recovered.",STRONG_INFERENCE,STEAM_PC;GOG_PC,006C1320/006C0E30;006BF550/006BF060; raw CLevel vtables lack helper pointer,Prior CLevel-specific helper assignment,C0087 prior wording,findings/boundaries/shared_actor_attachment_interface_correction.md,2026-10-02,Shared layout relationship is plausible but not direct CLevel ownership.
C0088,shared_actor_vslot50_attachment_handler,Twenty paired actor-family vtables contain 00417650/00417620 at slot +0x50; the matched handler conditionally invokes the paired shared attachment-aware transform helper during resource/state handling.,VERIFIED,STEAM_PC;GOG_PC,raw executable pointer scans; CCharacter/CPlayer/NPC/CFishingPerson vtables;00417650/00417620 bodies,,,findings/boundaries/shared_actor_attachment_interface_correction.md,2026-10-02,Does not establish runtime cadence or frame-scheduler reachability.
C0089,shared_actor_vslot50_generic_dispatch_limit,The paired generic active-object dispatchers called by the frame scheduler do not invoke virtual slot +0x50; their explicit phase calls use slots +0x0C/+0x10/+0x14/+0x18/+0x1C/+0x30/+0x48.,VERIFIED,STEAM_PC;GOG_PC,00401A70;006C5FF0/006C5AF0 decompilation and raw assembly,,,findings/boundaries/shared_actor_vslot50_generic_dispatch_negative.md,2026-10-02,Does not establish that virtual +0x50 lacks any other recurring path.
C0090,native_task_availability_reader_scope,"Paired readers of native-task availability byte 0147693C gate action/resource and camera/state work without directly invoking task callback replacement, active-object registration, or retirement.",VERIFIED,STEAM_PC;GOG_PC,005019B0/00501A80;00537270/00537340;006BAB80/006BAAD0;006C5AE0/006C55E0;006C7070/006C6B70,,,findings/boundaries/native_task_availability_reader_scope.md,2026-10-02,Does not establish task lifetime or runtime ordering.
C0091,xam_cobjectspecies_resource_binding,CObjectSpecies XAM receiver calls paired resource-binding setter that releases prior owned storage on resource identity change and records current/previous resource state before attachment continuation.,VERIFIED,STEAM_PC;GOG_PC,005AD940/005ADA10;006C0480/006BFF90;006B9020/006B8F70,,C0091 prior receiver-transition wording,findings/boundaries/xam_resource_binding_state.md,2026-10-02,Does not establish XAM grammar or dedicated resource class.
C0092,xca_crdinterp_parser,"Paired XCA CRdInterp helpers validate XCA1 magic, retain resource pointer, and initialize three zeroed arrays sized from header byte +0x0A.",VERIFIED,STEAM_PC;GOG_PC,006B9E70/006B9DC0;004275E0/00427600,,C0092 prior scene-state wording,findings/formats/xca_crdinterp_parser.md,2026-10-02,Detailed XCA field/array semantics remain unknown.
C0093,xnv_hook_tackle_chain_family,"XNV setup uses paired selector 0x40 to create five CObjectCHookChain objects and selector 0x41 to create one CObjectCTackleChain, then forwards OGE60511.XNV and companion resources to setup.",VERIFIED,STEAM_PC;GOG_PC,006A3BA0/006A3AF0;005E7620/005E76F0;005F5000/005F5100;005F5130/005F5230,,C0093 prior generic selector-family wording,findings/boundaries/xnv_hook_tackle_chain_classes.md,2026-10-02,XNV grammar/payload semantics unknown.
C0094,dsb_event_core_slot_selection,"Paired DSB slot resolver scans existing event-core candidate indices 0..0x17F through predicates and returns first match or 0xFFFF, rather than parsing a DSB-local header.",VERIFIED,STEAM_PC;GOG_PC,0070DD40/0070DCE0;0070E820/0070E7C0,,C0094 prior slot-dispatch wording,findings/formats/dsb_event_core_slot_selection_limit.md,2026-10-02,DSB grammar remains unknown.
C0095,xwp_ceffect_callback_lifecycle,XWP setup creates/configures registered CEffect and assigns paired event lifecycle callback that performs event-0 initialization and event-1 active update/gating.,VERIFIED,STEAM_PC;GOG_PC,00677CF0/00677C40;00676520/00676470;CEffect vtable,,C0095 prior package-only wording,findings/boundaries/xwp_ceffect_callback_lifecycle.md,2026-10-02,XWP grammar/package field schema unknown.
C0096,application_idle_frame_loop,"Paired Windows outer loops handle queued messages separately and, on eligible idle iterations, compute bounded delta then invoke frame root 00401A70 once before post-frame/cursor handling.",VERIFIED,STEAM_PC;GOG_PC,00700650/00700670;00401A70;PeekMessageA;TranslateMessage;DispatchMessageA,,,findings/boundaries/application_idle_frame_loop.md,2026-10-02,Does not establish real-world cadence or denied-gate behavior.
C0097,d3d9_device_resource_reset_lifecycle,"Paired frame reset path releases cached 2D/cube/volume textures and vertex buffers on device loss, then recreates them from descriptor registries after successful D3D9 reset.",VERIFIED,STEAM_PC;GOG_PC,006CC030/006CBAD0;006CBD00/006CB7A0;IDirect3DDevice9 Create calls,,C0097 prior gate-only wording,findings/boundaries/d3d9_device_resource_reset_lifecycle.md,2026-10-02,Does not establish registry ownership outside reset lifecycle.
C0098,d3d9_texture_registry_layout,Paired texture registry accessor bounds-checks index and returns a 0x18-byte descriptor at owner +0x0C + index*0x18; reset lifecycle consumes these entries for texture release/recreation.,VERIFIED,STEAM_PC;GOG_PC,006CCFE0/006CCA80;006CC030/006CBAD0;006CBD00/006CB7A0,,,findings/boundaries/d3d9_texture_registry_layout.md,2026-10-02,Registry owner and fields beyond reset evidence unknown.
C0099,xpc2_d3d9_registry_cleanup,Paired XPC2 texture-holder cleanup is the sole direct caller of a D3D9 texture registry reverse lookup that matches COM texture pointer against descriptor +0x10 and dispatches cleanup.,VERIFIED,STEAM_PC;GOG_PC,006B59A0/006B58F0;006CBAC0/006CB560;006CCFE0/006CCA80,,,findings/boundaries/xpc2_d3d9_registry_cleanup.md,2026-10-02,Does not identify registry owner/provenance.
C0100,win32_mouse_message_noop,"Paired WndProcs store mouse coordinates in shared globals then call 004012B0, whose paired body is a no-op; mouse downstream representation remains the globals.",VERIFIED,STEAM_PC;GOG_PC,00700C90/00700BF0;004012B0;014AFFC4/C8,,C0100 prior message-boundary wording,findings/boundaries/win32_mouse_translator_noop.md,2026-10-02,Gameplay/input mapping unknown.
C0101,win32_resize_message_noop,"Paired WndProcs pass WM_SIZE dimensions to 004012E0, whose paired body is a no-op; no direct resize-to-renderer handoff is recovered.",VERIFIED,STEAM_PC;GOG_PC,00700C90/00700BF0;004012E0;WM_SIZE,,,findings/boundaries/win32_resize_helper_noop.md,2026-10-02,Does not disprove resize behavior through other paths.
C0102,win32_activation_message_noop,"Paired WndProcs pass WM_ACTIVATE parameters to 004012D0, whose paired body is a no-op; no direct activation-state handoff is recovered.",VERIFIED,STEAM_PC;GOG_PC,00700C90/00700BF0;004012D0;WM_ACTIVATE,,,findings/boundaries/win32_activation_helper_noop.md,2026-10-02,Does not disprove activation behavior through other paths.
C0103,win32_dropfiles_message_noop,"Paired WndProcs enumerate/uppercase WM_DROPFILES entries and pass lifecycle/file markers to 004012C0, whose paired body is a no-op.",VERIFIED,STEAM_PC;GOG_PC,00700C90/00700BF0;004012C0;WM_DROPFILES,,,findings/boundaries/win32_dropfiles_helper_noop.md,2026-10-02,Does not disprove drag/drop behavior through other paths.
C0104,win32_directshow_media_event_boundary,"Paired DirectShow setup queries IMediaEventEx and registers HWND message 0x8001; paired WndProc helpers drain GetEvent, FreeEventParams, and latch EC_COMPLETE (1).",VERIFIED,STEAM_PC;GOG_PC,00735D00/00735A10;007364B0/007361C0;IID_IMediaEventEx 56A868C0;CLSID_FilterGraph E436EBB3;0x8001,,,findings/boundaries/win32_directshow_media_event_boundary.md,2026-10-02,Does not establish runtime notification cadence or media/source semantics.
C0076,cmustachesadmin_registered_cmustache_children,"Paired CMustachesAdmin creators make up to three independent 0x628 CMustache active objects, register each through the active-object manager, and store their packed handles at parent +0x2C/+0x30/+0x34; CMustachesAdmin itself is not registered by this operation.",VERIFIED,STEAM_PC;GOG_PC,Steam 00527170; GOG raw 0052728E-005276A6; 006C5AE0/006C55E0; 006C5FB0/006C5AB0,,C0074 partial scope,findings/boundaries/cmustache_gog_creator_raw_recovery.md,2026-10-02,GOG source-level decompiler body is truncated after the first lookup; direct raw executable disassembly resolves it.
C0105,cmustache_parent_handle_access_limit,"Paired CMustachesAdmin controller paths resolve child handles +0x2C/+0x30/+0x34 for child-state operations but do not directly retire children, release packed handles, clear parent slots, or invoke CMustache destructor.",VERIFIED,STEAM_PC;GOG_PC,00527660; raw 00527730 continuation;00527A60;006C5FD0/006C5AD0;006C7070/006C6B70 caller census;00528020/005280F0 call manifests,,,findings/boundaries/cmustache_parent_handle_access_limit.md,2026-10-04,"Does not prove runtime child lifetime; indirect destruction remains a revisit trigger. Seq84 C0203/C0204 supplementcold event2/helper continuation, notdisproof ofthisoriginalordinaryactor/selectedcontroller/directcensus scope; shellP7F0clear distinctfromdescendanthandleclear/deletion."
C0106,cnpc_factory_request_stack_lifetime,"Reviewed paired direct callers construct a 0x40 stack-local factory request, initialize it, and synchronously pass it to the source-type mapper; byte +0x30 is request state, not a CNpcKiller or CNpcRecord member.",VERIFIED,STEAM_PC;GOG_PC,00435920/004359A0; event-interpreter case 0x2B;004B76D0/004B77B0;004AB200/004AB2E0,,,findings/boundaries/cnpc_factory_request_stack_lifetime.md,2026-10-02,"Does not identify full request schema, every producer, or runtime lifetime beyond reviewed synchronous paths."
C0107,cmessage_code_dispatch_boundary,"Paired 0045C9F0/0045CA20 lazily obtain CSingleton<CMessage> at 00BDA000, route param_6 through paired +0x44 record resolvers, and execute code-specific control flow.",VERIFIED,STEAM_PC;GOG_PC,inputs/decompiler/steam/DP_decompiled.c:72222-73520; inputs/decompiler/gog/DP_decompiled.c:64953-66251; findings/boundaries/cmessage_high_centrality_dispatcher.md; inputs/decompiler/steam/DP_full.asm:106948-106985; inputs/decompiler/gog/DP_full.asm:99322-99359; inputs/decompiler/steam/DP_full.asm:104412-104443; inputs/decompiler/gog/DP_full.asm:96794-96825,"The producer/loader for CMessage +0x44, individual code semantics, broader UI ownership, and runtime cadence remain unresolved. Resolver callsites forward ECX from EBX, not the lazy singleton result in EAX; receiver-to-singleton alias is not established by the sampled sequence.",,findings/boundaries/cmessage_high_centrality_dispatcher.md,2026-10-02,This is a narrow control-flow claim. It does not promote the prior STRONG_INFERENCE presentation/UI grouping to a complete subsystem identity. Curator 2026-10-02: raw corroboration preserves CMessage-linked mechanical scope; no claim that the resolver receiver aliases 00BDA000.
C0108,cmessage_constructor_table_base_limit,Paired CMessage constructors 0040A270/0040A240 install the named CMessage vtable and clear object +0x44 to zero; they are not the later record-table loader.,VERIFIED,STEAM_PC;GOG_PC,Steam/GOG DP_full.asm 0040A270/0040A240; CMessage vtable symbols; exact 00BDA000 local provenance census,,,findings/boundaries/cmessage_constructor_table_base_limit.md,2026-10-02,The bounded source contains no nonconstructor singleton-derived +0x44 store. This does not prove the later loader absent; reopen only on independently CMessage-anchored receiver/loader evidence or runtime trace. Curator 2026-10-02: failure of local singleton-derived provenance does not disprove CMessage identity of other receivers; receiver alias and later installation remain unresolved.
C0109,cscenedemo_post_effect_generic_active_object_dispatch_limit,Paired CScenedemoPostEffect singleton cleanup dispatches and clears generic active-object pointers in its 0x32-record array and +0x2C8/+0x2CC fields; the exhausted non-reset direct dispatcher caller matrix contains no CThrowLure-class-discriminated receiver.,VERIFIED,STEAM_PC;GOG_PC,004276C0/004276A0;004277F0/00427810;0066D280/0066D1D0;006C5DA0/006C58A0 direct caller matrix; raw vtable bytes,,,findings/boundaries/cthrowlure_dispatcher_direct_caller_limit.md,2026-10-02,"Does not prove CScenedemoPostEffect never stores CThrowLure at runtime, nor rule out unreviewed indirect dispatch. Reopen requires a CThrowLure storage/receiver edge, raw-boundary evidence, or trace."
C0110,cscenedemo_post_effect_singleton_free_path_limit,"Paired CScenedemoPostEffect vtables resolve to 00427680/004276E0 vector deleting destructors, but all direct writes to singleton root 00BDBCC8 belong to allocation/failure publication and no direct static destructor caller is present.",VERIFIED,STEAM_PC;GOG_PC,raw vtable bytes 0077142C/00771434 and 0077141C/00771424;00427680/004276E0;00BDBCC8 xref writers,,,findings/boundaries/cscenedemo_post_effect_lifecycle_limit.md,2026-10-02,"This bounds direct teardown provenance only. It does not establish whether the virtual deletion path is invoked, whether a root clear occurs indirectly, or runtime singleton lifetime."
C0111,cshop_external_handle_lifetime_dependency,"Three paired constant-selector-0x34 contexts pass the CShop result to setup and retain packed handles; native callback state 11 polls that handle and invokes task +0x30 on null, while CShop slot zero independently provides conditional deleting mechanics.",VERIFIED,STEAM_PC;GOG_PC,findings/boundaries/cshop_external_handles.md,,,findings/boundaries/cshop_external_handles.md,2026-10-02,No CShop callback/retirement invocation or live cadence inferred; raw GOG poll continuation overrides export nonreturn error.
C0112,cshop_positive_active_object_lifecycle,"Selector-0x34 CShop construction and registration connect to a concrete installed event callback, a class-mapped event-one update slot, conditional handler-state-3 CShop retirement marking, and marked-iterator current-handle release/class deleting teardown.",VERIFIED,STEAM_PC;GOG_PC,findings/boundaries/cshop_callback_retirement.md,,,findings/boundaries/cshop_callback_retirement.md,2026-10-02,"Static conditional mechanics only; first missing edges are live selection/state reachability and queried +0x1510 handle semantics. GOG raw bytes, not truncated decompilation, establish update/retirement anchors."
C0113,crdmovie_directshow_organizing_root,"Paired title/control paths acquire named 0x0C CRdMovie singleton at 00BD9E48, pass it to wmv/source/surface setup, and later pass the same root to explicit graph/helper cleanup and state reset; DirectShow is a movie/media path, not proof of a general game-audio manager.",VERIFIED,STEAM_PC;GOG_PC,findings/boundaries/crdmovie_directshow_owner.md,,Overly narrow audio-only canonical naming; original notification mechanics retained,findings/boundaries/crdmovie_directshow_owner.md,2026-10-02,"Singleton allocation free, helper type, full application update placement, and live cadence remain unknown."
C0114,xpc_manager_owner_consumer_retainer_split,"The XPC callback creates a concrete 0x10 CRdPicture wrapper at descriptor +0x1C, successful CRdData commit retains it in the 0x30-stride manager table, and named LEVEL.XPC lookup supplies that same typed record pointer to CLevel +0x164; callback event 1 clears and invokes its typed deleting slot.",VERIFIED,STEAM_PC;GOG_PC,findings/boundaries/xpc_resource_positive_portfolio.md,,Unresolved class-ledger owner/free fields; no confidence change to older mechanics,findings/boundaries/xpc_resource_positive_portfolio.md,2026-10-02,"Existing archive/parser/consumer anchors are reused, not newly discovered. New integrated ownership/interface scope keeps CLevel independent reference and unload coordination UNKNOWN."
C0115,cmap_static_world_level_array_root,"All five reviewed direct named-level attach sites per PC build pass in-place static CMap at 013936F0; paired RTTI-backed constructors initialize its 64-pointer CLevel array +0xA3F98 (absolute 01437688), and raw static construction stubs register embedded-target finalization.",VERIFIED,STEAM_PC;GOG_PC,findings/boundaries/cmap_world_level_owner_root.md,,,findings/boundaries/cmap_world_level_owner_root.md,2026-10-02,"Root/type/acquisition and retention proven; exclusive CLevel lifetime ownership, complete application mode placement, full size and level teardown UNKNOWN. GOG first caller orphan and raw non-exported static stubs preserved."
C0116,crdscenedraw_active_manager_interface_split,00BD7670 is published from cached 00BD9E68 CSingleton<CRdSceneDraw>; raw RTTI and one-slot manager deleting tables are distinct from the 19-slot CRdObject interface consumed by direct registration/dispatch/retirement methods. Application shutdown cleanup/root clear is not the separate destructor/conditional allocation free.,VERIFIED,STEAM_PC;GOG_PC,findings/boundaries/crdscenedraw_active_manager_interface.md,,,findings/boundaries/crdscenedraw_active_manager_interface.md,2026-10-02,"Concrete use/lifecycle endpoints reuse existing CShop/handle evidence. Actual manager deleting invocation/cache clear, full renderer semantics and runtime cadence remain UNKNOWN; no forced CRdObject shared deleting-target homology."
C0117,application_post_dispatch_media_placement,"In both PC builds 00401A70 uses bit 31 of 008A6074 for dispatcher/companion order and a later context selection; both arms converge after the repeat loop on 00401C75 -> 00401440 -> 004016FC -> the same-root CRdMovie update. The update return tests helper presence on entry, not completion; selected local gates do not skip that call.",VERIFIED,STEAM_PC;GOG_PC,findings/boundaries/application_media_phase_placement.md,,,findings/boundaries/application_media_phase_placement.md,2026-10-03,"Static selected conditional order only. Named modes, full world path, repeat counts, cadence, singleton free and helper type UNKNOWN. C0113/C0116 identities reused, not regraded."
C0118,independent_game_audio_roots_and_conditional_task_use,"Steam CSound0138A6E0, CSdCore0138A6E4 and CSdMain00BDBCC0 are distinct raw-type-proven acquired audio receivers. Startup installs raw callback00454D50 whose event1 arm calls CSound; its mode-gated path acquires core for maintenance then main for scalar-fed record update. CMap+0x10==3 selects auxiliary work, not all audio maintenance. Core constructor also receives distinct static014B0400, so backend globals are not exclusive singleton fields.",VERIFIED,STEAM_PC;GOG_PC,findings/boundaries/gameplay_audio_organizing_roots.md,,,findings/boundaries/gameplay_audio_organizing_roots.md,2026-10-03,"Outer roots/use/callback/world condition Steam only; GOG verified only core acquisition/constructor/static source. XACT-oriented backend label is STRONG_INFERENCE, not part of a complete API/format claim. Live cadence/full free/unload unresolved."
C0119,cmap_numeric_task_state_and_retainer_reset,"Steam CMap+0x10 has concrete installed-task event1 producers: selected raw00637C80 gates CMap3->4, selected raw0064DB70 assigns3. Central eventdispatcher005D26B0 state7 issues typed CRdData tag-counter requests, clears64 retained CLevel pointers and writes8. Omitted raw00474830 routes selector15 to this dispatcher and13 to a concrete CMap resource/code consumer, but incoming selection remains unknown.",VERIFIED,STEAM_PC,findings/boundaries/cmap_state_resource_phase_placement.md,,,findings/boundaries/cmap_state_resource_phase_placement.md,2026-10-03,"Numeric private callback states are not CMap states. No human mode name, full scheduling, CLevel deleting/free proof or forced GOG mapping. Exact incoming pointer/E8/E9 source bounded; computed selection remains possible."
C0120,crddata_deferred_counter_request_and_frame_tail_release,"Steam CRdData006B29E0 matches descriptor+2E tags and force-zeros unsigned+2C counters through006B2830, which marks manager+14 rather than deleting there. Frame00401A70 calls same acquired root006B2A40 at00401C98 after object/media work; pending scan006B3AA0 can emit callbackevent1, free payload and clear zero-counter records. This does not establish specific CLevel retainer safety or order against an unplaced central world handler.",VERIFIED,STEAM_PC,findings/boundaries/cmap_state_resource_phase_placement.md,,,findings/boundaries/cmap_state_resource_phase_placement.md,2026-10-03,"Existing release interface knowledge reused/current-raw checked; new producer/typed frame placement earns integration credit, not duplicate discovery. Explicit remaining descriptor-tag/CLevel+164/retirement match; no global scheduling/unload safety."
C0121,cphysicscore_primary_lifecycle_root,"Steam00BDA0C8 is a raw-RTTI proven0x67EDC CSingleton<CPhysicsCore>. Actualgetter0040E470/thunk0040E4F0 feed concrete startupSDK init, state14 common producer and selected later root methods, plus application shutdown sessioncleanup. Its own optional deleting interface is separate from SDK/20 pointer-slot dependencies and actual cache/free invocation remains unknown.",VERIFIED,STEAM_PC,findings/boundaries/cphysicscore_lifecycle_root.md,,,findings/boundaries/cphysicscore_lifecycle_root.md,2026-10-03,"Current-primary organizing acquisition/use reduced at selectedSteam scope. SDK virtual names/ordinary versus synchronous interpretation STRONG_INFERENCE; full worker activation/record transfer, SDK/cache lifetime, GOG and B0001-B0003 runtime remain open."
C0122,both_synchronous_helpers_under_phase7,Both0040B750 and0040B780 execute while active-manager+0x18E0 equals7.,DISPROVEN,STEAM_PC,findings/boundaries/object_physx.md,findings/boundaries/cphysicscore_lifecycle_root.md,,findings/boundaries/cphysicscore_lifecycle_root.md,2026-10-03,Historical narrow attribution retained for anti-loop history. Actual006C6CB4 first-half call precedes006C6CC2 phase7write;006C6CD4 second-half follows. BroadC0006 ordering and C0013/C0014 disproofs remain valid; no Phase2 regrade or GOG transfer.
C0123,input_camera_primary_roots_and_snapshot_use,Steam00BD9E10 is acquired0xBD0 TSiHolder<CInput> with zero-offset CInput; actual aggregate/pending/live copies feed a typed CCamera consumer. Frame commits before conditional producer call.,VERIFIED,STEAM_PC,findings/boundaries/input_camera_primary_roots.md,,,findings/boundaries/input_camera_primary_roots.md,2026-10-03,"Selected types/copies/static calls only. Runtime latency/frequency/dormancy,C0010 broaderPC claims and GOG remain unpromoted; actual finalizer execution unknown."
C0124,camera_control_tables_not_input_staging,"Steam008A9980 maps requested numeric actor state to candidate camera mode with overrides; rawtyped camera+154 feeds17-handler008A9BC8 dispatcher which skipsmode9. These are camera control tables, not sample staging.",VERIFIED,STEAM_PC,findings/boundaries/input_camera_primary_roots.md;findings/boundaries/cgame_record_reconstruction_root.md,,,findings/boundaries/input_camera_primary_roots.md,2026-10-03,"CPlayer receiver identity STRONG_INFERENCE; whole137-slot CPlayer action-handler extent,C0004 and C0011 GOGscope not settled. CALL ECX is codepointer, handlers reacquirecamera. Sequence17 C0126 nowprovesselectedCPlayergenealogy throughtypedselector1callback/event0/reconstruction. EarlierSIhistory retained; nofullC0004/allcallers/GOGpromotion."
C0125,cgame_primary_record_root_and_transition_use,Steam00BDA004 acquired0x838E30 CSingleton<CGame> owns selected backup/live recordregions;0061A830 copies45CC0 from+BE8 to+8C568 and decodes signed domains. Selected event1/private6 invokes live-backup roundtrip00647130.,VERIFIED,STEAM_PC,findings/boundaries/cgame_record_reconstruction_root.md,,,findings/boundaries/cgame_record_reconstruction_root.md,2026-10-03,"PrecopyflagOR notpostcondition becausecopyoverwrites+84. SharedCGame,notSaveManager/CMap. Diskimage/header/28record C0007 remainssecondary; noGOGmap/cadence/freeclaim."
C0126,typed_cplayer_creation_record_reconstruction,Steam selector1 typedCPlayer callbackevent0 publishes/resolvesits handle and reaches00506F70; guardedliveCGame recordvectors feedtypedactor through00509080. Sameactor later callsstate setter00528F40(40).,VERIFIED,STEAM_PC,findings/boundaries/cgame_record_reconstruction_root.md,,,findings/boundaries/cgame_record_reconstruction_root.md,2026-10-03,"Factory/registry/setterexistingfacts reused; newtyped/data/controljoin. Resolvesselectedreceivergenealogy beyondseq16SI, notallcallers/C0004wholehandlerextent or restore-to-creationtemporalcoordination."
C0127,ccar_static_organizing_acquisition_and_task_use,"BothPC exactCCar008C29F0 is PE-initialized static root with two embedded398 CLayout elements, registered finalizer and selected+73C retained lookup/request63/native-task reset mechanics.",VERIFIED,STEAM_PC;GOG_PC,findings/boundaries/vehicle_organizing_root.md,,,findings/boundaries/vehicle_organizing_root.md,2026-10-03,Organizing resource/layout/task semantic interpretation SI. Task+30 retirement is not CCar virtual dispatch. CCar-to-physicalactor ownership/free/cadence UNKNOWN.
C0128,typed_cobjectcar_event5_and_corrected_pc_shape_boundary,"Paired CObjectCar own+A4 event5 route retains typed actor, gates+1FD4/+12F0/+434bit8000 and reaches Steam00555B50/GOG00555C20 with corresponding selected secondary interface outputs/steering.",VERIFIED,STEAM_PC;GOG_PC,findings/boundaries/vehicle_organizing_root.md,,,findings/boundaries/vehicle_organizing_root.md,2026-10-03,"Corrects H0007 prior same-address hypothesis; GOG body_bytes129 is disconnected export coverage. Numeric raw mechanics only; API labels SI, mutable callback installation/fullalgorithm/framecadence unproven."
C0129,scene_submission_pointer_collection_lifecycle_and_placement,"Steam typedCRdSceneDraw allocates18-byte collection retainedat63A8; pre-render collects gated model148 packet pointers, later fixed-context render consumer indexes/classifies samecollection and selectedtag1 continuations; invokedshutdown deletescollection shell/clears63A8.",VERIFIED,STEAM_PC,findings/boundaries/scene_submission_pointer_pipeline.md;findings/boundaries/scene_query_member_lifecycle.md,,,findings/boundaries/scene_submission_pointer_pipeline.md,2026-10-03,"Pointer entries, not inlinepackets. Shellfree notcache/modelpayloadfree; exact query/member/classmembership/fullGPUalgorithm/GOG/cadence UNKNOWN. Sequence24C0140/C0141 suppliesformerlyunvisitedquerytype/member/objectprotocol only; liveconcreteclass/fullGPU/animation/GOG limits unchanged. Sequence25typedmodeltaskcreationcompatible, notobservedmembership."
C0130,typed_model_packet_producer_resource_associations,"Steam rawCLevel/CPlayer installed44/28 interfaces retain/replacepacket atowner148 and populate tag1,packet84<-owner160 andpacket88<-owner164; packetvalidity controls getter andpre-render append.",VERIFIED,STEAM_PC,findings/boundaries/scene_submission_pointer_pipeline.md;findings/boundaries/scene_query_member_lifecycle.md,,,findings/boundaries/scene_submission_pointer_pipeline.md,2026-10-03,"Class-proven interfaceproperties, not actual query membership. ReusedCLevel160mesh/164picture lineage;88 resource receiver isnotactor, borrowingSI/fullpacketgrammar/free safetyunproven. Sequence24C0140/C0141 suppliesformerlyunvisitedquerytype/member/objectprotocol only; liveconcreteclass/fullGPU/animation/GOG limits unchanged. Sequence25typedmodeltaskcreationcompatible, notobservedmembership."
C0131,typed_fishing_actor_and_layout_line_roots,"Steam typedCFishingPerson selector43/nativecallback publishes01470670 alias; construction independentlyacquires408 CLayoutMng at01470678 andA04 CFishingLine retainedat83C, withselectednative/updater uses.",VERIFIED,STEAM_PC,findings/boundaries/fishing_primary_owner_update.md,,,findings/boundaries/fishing_primary_owner_update.md,2026-10-03,Helpertypes/resources notCFishingPersonthis orsingletons; generalUI/exclusiveownership/free/GOG/fullminigame UNKNOWN.
C0132,typed_fishing_conditional_phase2_transform_update,SteamCFishingPerson table+0C=006BCB70 conditionallyreachable throughacceptedobjectphase2; itcalls H0212transformbefore event1 seam/installed00619FD0->00619D40->sameactor00614F00 underexplicitgates.,VERIFIED,STEAM_PC,findings/boundaries/fishing_primary_owner_update.md,,,findings/boundaries/fishing_primary_owner_update.md,2026-10-03,Newtyped+0C source notoldbounded+50dispatcher. No allmode/onceperframe/friendlyprivate state orGOGpromotion.
C0133,cfishingline_new_cthrowlure_pointer_retainer,Steam rawtypedCFishingLine constructor receivesaccepted00627240 CThrowLurecreator resultpointer (EAX=ESI return) andretainsit atline+8; lineitself isretainedatCFishingPerson+83C.,VERIFIED,STEAM_PC,findings/boundaries/fishing_primary_owner_update.md,,,findings/boundaries/fishing_primary_owner_update.md,2026-10-03,Genuinelynew class-discriminatedretainer source meetsoldCTHROWLURE_INDIRECT_CLEANUP trigger. Old matrices/doubleregistration accepted; cleanup/H1/selflink/free/runtime remainunvisited orblocked.
C0134,effects_fade_organizing_acquisition_retention,Steam00BDBCC4 acquires14 CSingleton<CFadeManager>; installedstartup taskevent0 invokes three selector3B CFadepointer acquisition andretains4/8/C withobject160 indices.,VERIFIED,STEAM_PC,findings/boundaries/effects_organizing_roots_and_use.md,,,findings/boundaries/effects_organizing_roots_and_use.md,2026-10-03,Selectedprimarymechanics; organizingSI/exclusiveownership/free/fullmode/livecadence/GOG/fulleffectalgorithm remainunpromoted.
C0135,typed_fade_application_presentation_use,"Steam installedCFade callback forwardssameobject to0044A040 selectedevent1/12; independentconditional00401440 tail0044AC10 copiesmanager4 CFade data andcallsacquiredCRdPrim006E3360, withnumericmode/latch/globalgates.",VERIFIED,STEAM_PC,findings/boundaries/effects_organizing_roots_and_use.md,,,findings/boundaries/effects_organizing_roots_and_use.md,2026-10-03,Selectedprimarymechanics; organizingSI/exclusiveownership/free/fullmode/livecadence/GOG/fulleffectalgorithm remainunpromoted.
C0136,typed_cmap_weather_effect_retainer_use,"Steam acceptedstaticCMap+A3D24/A3D28 areexact01437414/18 Rain/Haze retainers; selectedstate0/1 acquireandstorefactoryresults, installedtypedweather callbacksreachselectedevent1 andHaze event0F geometry/dependency use.",VERIFIED,STEAM_PC,findings/boundaries/effects_organizing_roots_and_use.md,,,findings/boundaries/effects_organizing_roots_and_use.md,2026-10-03,Selectedprimarymechanics; organizingSI/exclusiveownership/free/fullmode/livecadence/GOG/fulleffectalgorithm remainunpromoted.
C0137,cdemo_static_roots_and_context_field,Steam008A6070 isprimaryrawtypedstaticCDemo and008A6074 its+4 field;008A7218 isdistinctCDemoMovie. Numericrouting00428870 switches actualreceiver toCDemo before00427A90 taskcreation.,VERIFIED,STEAM_PC,findings/boundaries/cdemo_context_selector_provenance.md,,,findings/boundaries/cdemo_context_selector_provenance.md,2026-10-03,Selectedprimarymechanics. Scene-demo activationroleSI; fullhumanmodes/centralincomingowner/cadence/algorithms/GOG unpromoted. Separateframe readsnotatomic/latched.
C0138,cdemo_actual_task_context_entry_exit,SteamCDemo requestcreates registeredselector0 task/install004213D0; synchronousevent0 rawbranchsetsbit31. Selectedevent1state6 clears bothdemo flags beforeoriginaltask marker andcancreatea replacementtask whoseevent0 setsbit31again.,VERIFIED,STEAM_PC,findings/boundaries/cdemo_context_selector_provenance.md,,,findings/boundaries/cdemo_context_selector_provenance.md,2026-10-03,Selectedprimarymechanics. Scene-demo activationroleSI; fullhumanmodes/centralincomingowner/cadence/algorithms/GOG unpromoted. Separateframe readsnotatomic/latched.
C0139,cdemo_alternate_numeric_reset_clears,"Steam00642640 selectedevent1/private1 and103 paths clearCDemo+4 andCDemoMovie+4 bit31; secondpathhas concrete acquiredCInputquery/result guard andwritespending014736D8=2, notcommittedD4=2.",VERIFIED,STEAM_PC,findings/boundaries/cdemo_context_selector_provenance.md,,,findings/boundaries/cdemo_context_selector_provenance.md,2026-10-03,Selectedprimarymechanics. Scene-demo activationroleSI; fullhumanmodes/centralincomingowner/cadence/algorithms/GOG unpromoted. Separateframe readsnotatomic/latched.
C0140,scene_query_member_acquisition_type_invoked_lifecycle,"Steam CRdSceneDraw1CA4 retains separately allocated70-byte raw-typedCOctTree; typedstartup configures it, conditionalobject/query use consumes it, invokedscene shutdown recursively deletes selectedchildren/root/node58 storage andclears1CA4.",VERIFIED,STEAM_PC,findings/boundaries/scene_query_member_lifecycle.md,,,findings/boundaries/scene_query_member_lifecycle.md,2026-10-03,"Selectedmember lifecycle, not scene cache/objectpointee free; fullspatial policy/failure safety/GOG/cadence unknown."
C0141,object_query_node_membership_value_and_temporal_interface,Steam CLevel/CPlayer virtual48 installs004029B0: changed selectednode replacesobject14C andcopies originalobject pointer into node58 collection. Conditionalscene phase13 supplies1CA4 tovirtual48; laterpre-render queries same member andreads node58 object entries beforepacket148 submission.,VERIFIED,STEAM_PC,findings/boundaries/scene_query_member_lifecycle.md,,,findings/boundaries/scene_query_member_lifecycle.md,2026-10-03,"Actual inserted value isobject, notpacket/address/handle. Unchangednode no-op; concrete liveclassselection UNKNOWN, non-owning membership SI; no periodicrebuild orsafeallpath claim."
C0142,cmenu_static_organizing_acquisition_and_receiver_identity,SteamrawCMenu007818F4 constructor/staticshim01476978 andregisteredfinalizer use samein-place receiver; selectedreset andrequest callers explicitlytargetit. Root isnotcallbackbearingmodeltask/camera/CMessage/availabilitybyte.,VERIFIED,STEAM_PC,findings/boundaries/cmenu_organizing_task_use.md,,,findings/boundaries/cmenu_organizing_task_use.md,2026-10-03,"9651 lowerbound; staticctor/finalizer registration notactualexecution/heapfree. Selectedinit/use, notuniversalUI ownership."
C0143,cmenu_registered_modeltask_selected_input_camera_temporal_use,SteamCMenu request selectsregistered3B0 CRdObjectModel andinstallsraw00654490; conditionalphase2 modeladapterevent1 switchesreceiver tostaticCMenu. Selectednumericstates feedacquiredCInputquery/nonzero20<-24 andtypedcamera11Cbit1 touch.,VERIFIED,STEAM_PC,findings/boundaries/cmenu_organizing_task_use.md,,,findings/boundaries/cmenu_organizing_task_use.md,2026-10-03,Initialevent0 synchronous infrastructure reused; modeltask distinctfromCMenu. No fullstate/friendlypause/buttonmeaning/actualfrequency/cleanup/GOG orlivequerymembership claim.
C0144,typed_model_animation_update_receiver_and_conditional_phase4,"Steam rawCRdObjectModel0076E704/CPlayer007767FC installvirtual10=006BCBE0; itsflag-gatedcall006BCC88 forwardssameobject to006C1430, whichpassesobject1E8 output/object1E4 state/&98/&200 to0070C130 withresource160 ECX. Selectedhelper writesoutput64-stride matrices; dispatcherphase4 conditionallyinvokesoriginalobject10(0).",VERIFIED,STEAM_PC,findings/boundaries/animation_model_state_submission.md,,,findings/boundaries/animation_model_state_submission.md,2026-10-03,"Actualcreation reusedC0143/C0126. Selectedtypedconditionalroute, not live objectselection/cadence/fullinterpolation/GOG.1E4/1E8 buffers not demonstrated clocks."
C0145,same_model_evaluated_matrix_state_to_submission_packet,Steam same-model006BD4C0 reads1E8 andpassesitwithpacket80 destination to0070CF90 onresource160; selectedmultiply/transpose/indexed48-byte copy writespacketdata. Rawtypedvirtual44->28 andsameobjectpacket148 getter/scene63A8 append joinselectedupdate state toconditional submission. Validexistingpacket maybypassrepopulation.,VERIFIED,STEAM_PC,findings/boundaries/animation_model_state_submission.md,,,findings/boundaries/animation_model_state_submission.md,2026-10-03,ReusedC0117/C0130/C0141 supplyobject-before-pre-render andpointerprotocol. Conditionalfreshpopulation only; actualtypedquerymembership/latestpose-perframe/invalidation/fullGPU/lifetime/GOG UNKNOWN.
C0146,savedata_numeric_request_execution_completion,"Steam selectedop3 requests carrybuffer/count toactualCSaveData callbackexecution, publishingprotocolresult+5C thenlaterclearing+64. ReadFileBOOL/bytesread areunchecked;nonzero filesize producesresult0,notstrictlength/transfervalidation.",VERIFIED,STEAM_PC,findings/boundaries/save_disk_staging_record_chain.md,,,findings/boundaries/save_disk_staging_record_chain.md,2026-10-03,Selectedprimary mechanism chain; C0125/C0126 scopedreuse. C0007 broadschema remainssecondarySI; protocolcompletionnotfullyvalidatedload.
C0147,cpreserve_staging_header_and_record_image_consumer,"TypedstaticCPreserve00BE5970 readcontextrequests00BE5EF0 with7A2620bytes,pollscompletion/result andselectedbranchconsumes120byteheader. Separateselectedcommit gatecopies record0directlytoCGame8C568 plus27tailrecords45CC0stride;no backupBE8transfer inthatcommit.",VERIFIED,STEAM_PC,findings/boundaries/save_disk_staging_record_chain.md,,,findings/boundaries/save_disk_staging_record_chain.md,2026-10-03,Selectedprimary mechanism chain; C0125/C0126 scopedreuse. C0007 broadschema remainssecondarySI; protocolcompletionnotfullyvalidatedload.
C0148,save_commit_numeric_state_and_flag_qualifications,CPreserve operation3 selects embeddedcontext; selectedstate2/step6 invokes00465170 thenstep7. Gate00BE1EB8!=0skipscopies;postcommitflagupdatesareconditional anddo notunconditionallysetrecordbit31. ActualloadtoCPlayercreationtiming/fullschema/free/GOG remainUNKNOWN.,VERIFIED,STEAM_PC,findings/boundaries/save_disk_staging_record_chain.md,,,findings/boundaries/save_disk_staging_record_chain.md,2026-10-03,Selectedprimary mechanism chain; C0125/C0126 scopedreuse. C0007 broadschema remainssecondarySI; protocolcompletionnotfullyvalidatedload.
C0149,physics_typed_fixed_context_available_start_entry,"Steam four2C staticcontexts00BDA010 areCPhysicsThread withCNArraySCENEmember1C. Omittedraw0040B630 passes eachsamecontext to00712A20/CreateThread; entry00712D30 invokes thatcontextslot4=0040BAF0. Actualincomingstart/livesuccess UNKNOWN; exactE8/E9/absolute incominghelperencoding searches bounded,notglobalabsence.",VERIFIED,STEAM_PC,findings/boundaries/physics_context_vector_activation.md,,,findings/boundaries/physics_context_vector_activation.md,2026-10-03,"Selectedconditional-staticPhase4mechanism,notPhase3reopen/allphysics/GOG/cadence/saferelease."
C0150,physics_same_vector_record_dedup_consume_null_protocol,"SelectedSteam producer passesactualcontext+1C to0040BC50, whichusesarray+4/+C (context20/28),samepointer/count consumedbytypedworker0040BAF0. Fullsixworddedup/18append andpercontextscene-pointer nullingareverified; no separatequeued-to-active transfer inthisroute. Twopacktailwordsnot initializedwithinreviewedbody; completefieldmeaning/SDKABI/lifetime notpromoted.",VERIFIED,STEAM_PC,findings/boundaries/physics_context_vector_activation.md,,,findings/boundaries/physics_context_vector_activation.md,2026-10-03,"Selectedconditional-staticPhase4mechanism,notPhase3reopen/allphysics/GOG/cadence/saferelease."
C0151,physics_context_cleanup_vs_worker_quiescence,"SelectedCPhysicsThreaddestructor clearsrunflag18,conditionallysignalsindex0,thenfreesvector20/zeroscount/capacity; registeredstaticarrayfinalizer suppliesactualsamearray/dtoriterator butnotruntimeinvocation orworkerquiescence. No wait/join edge is establishedby wake/free oravailabledeletingimplementation.",VERIFIED,STEAM_PC,findings/boundaries/physics_context_vector_activation.md,,,findings/boundaries/physics_context_vector_activation.md,2026-10-03,"Selectedconditional-staticPhase4mechanism,notPhase3reopen/allphysics/GOG/cadence/saferelease."
C0152,resource_typed_static_worker_invoked_OS_argument,Steam static01481130 is raw-class-proven CLoadThread/CThfunc. CRdData initializer006B2570 invokes006B3BA0 on this receiver; generic CreateThread parameter andentry00712D30 recover same pointer anddispatch actualslot4=006B4DE0. Static invoked route doesnot establish actual OSsuccess/cadence/safe retirement.,VERIFIED,STEAM_PC,findings/boundaries/resource_worker_typed_handoff.md,,,findings/boundaries/resource_worker_typed_handoff.md,2026-10-03,"New selected Phase4 mechanism; accepted callback/root/format/lifecycle scope reused, not enlarged into full ownership/grammar/runtime/build."
C0153,resource_distinct_packed_queue_and_direct_protocol,Steam conditional nonzero-mode006B1310 queue retains packed low16index/control8 in embedded24 four-byte collection andlaterworker reduces queued_counter20 afterconsume; selectedpublic wrapperspassmode0 andcanpublish separate3Eword/40byte/3Cpending slot withcallerpoll. Normal directreturn clearspending irrespectiveofsuccess; no full32bit identifier or per-request concurrencyidentity guarantee.,VERIFIED,STEAM_PC,findings/boundaries/resource_worker_typed_handoff.md,,,findings/boundaries/resource_worker_typed_handoff.md,2026-10-03,"New selected Phase4 mechanism; accepted callback/root/format/lifecycle scope reused, not enlarged into full ownership/grammar/runtime/build."
C0154,resource_worker_control8_to_CRdData_descriptor_commit,"Steam worker006B4F20 sign-compareswidenedindex<30000, zero-extendscontrol8, acquiresCRdData ECX viagetter andcalls006B2780 withthree-stack-word ABI. Successfulcallback006B33F0 commits exactcontrol8 todescriptor2E/status2F=2,twelvedwords to manager0C+index*30 andword2C increment. Resultignoredbyworker; no pendingclear=>resource-success/fullcontrolmeaning/GOG claim.",VERIFIED,STEAM_PC,findings/boundaries/resource_worker_typed_handoff.md,,,findings/boundaries/resource_worker_typed_handoff.md,2026-10-03,"New selected Phase4 mechanism; accepted callback/root/format/lifecycle scope reused, not enlarged into full ownership/grammar/runtime/build."
C0155,audio_parameter_asset_and_inline_named_value,Steam acquiredCSound writer6604 receives CRdData3A0B PRM interior view. Static metadata bindsSND_SE.PRM; suppliedentry4E firstshort64 linksSE_LIST64/plse066->uppercasePLSE066.PCM lookup->successfulinlineP=node20 copiedtoCSound55B0. Outputwrapperaddress isnotP andlookupkey fielddiffersfromP2C. Livepayload/nodefields/type/owninglifetime unproved.,VERIFIED,STEAM_PC,findings/boundaries/audio_descriptor_request_record_chain.md,,,findings/boundaries/audio_descriptor_request_record_chain.md,2026-10-03,Only scoped primary static mechanism/conditional value identity. Exact C0118 roots reused; no Phase3 regrade or actual live/middleware/GOG/ownership promotion.
C0156,audio_selected_main_core_status_record_domains,"Steam selectedmarker1/flags0 requestforwardssameP andcontrols intoactualacquiredCSdMain/Core. Mainrow50/generatedT retainscoreoutputK at18 andselectedwords/controls; core row24 hasindependentstatusQ at0 andbackreferenceA at4. T,K,Q aredistinctnumericdomains; mainreturnsT, coreEAXreturnsoutput-address. No backend-success orfree/cadence guarantee.",VERIFIED,STEAM_PC,findings/boundaries/audio_descriptor_request_record_chain.md,,,findings/boundaries/audio_descriptor_request_record_chain.md,2026-10-03,Only scoped primary static mechanism/conditional value identity. Exact C0118 roots reused; no Phase3 regrade or actual live/middleware/GOG/ownership promotion.
C0157,audio_symbolic_bank_interface_and_result_limit,"ConditionalSteam sameinlineP fields4/14/2C feedcorebankindex/byte/statusname andindexed014B01FC interface. Selectedbyte1 choosesbankslotC outputE14 thenretainedslot0. ConcretePfields/name/bank/API remainUNKNOWN; signedK>=0 isnotcreationvalidation, nameNULL/AXFFFF canpreserveK withoutoutputoperation, andbankcallresultnotchecked. Symbolicconsumerroute isnotcomplete selectedbankcorrespondence.",VERIFIED,STEAM_PC,findings/boundaries/audio_descriptor_request_record_chain.md,,,findings/boundaries/audio_descriptor_request_record_chain.md,2026-10-03,Only scoped primary static mechanism/conditional value identity. Exact C0118 roots reused; no Phase3 regrade or actual live/middleware/GOG/ownership promotion.
C0158,native_ui_numeric_policy_and_conditional_commit_gate,"Steam typedCMenu new00654A80 slicesuseinputpredicates toincrement40/signedrem2 and28plus4;rawmaps5-6/9-10connectfutureconditionaldispatch, notsame-invocation/livecadence. SelectedorderedfloatendpointsgateID80latch/control1request; fullinput/button/mode/NaN/population/refresh/lifetime unknown.",VERIFIED,STEAM_PC,findings/boundaries/cmenu_numeric_game_slot_commit.md,,,findings/boundaries/cmenu_numeric_game_slot_commit.md,2026-10-03,NewselectedPhase4positiveconditionalnumericchain. C0142/C0143/C0125 reusedexactscope. Initialmode/index/count/slotvalue andactualreachability unproved; no Phase3re-audit orfullUI/GOG/runtime.
C0159,native_ui_special85_to_acquired_game_indexed_mutation,"ConditionalSteamM20=1/category1/signedindex>=G837474 special004FECF0writes008A9514=85 andreturnspointer;UIlatchesvalueandadmitscontrol1 request85,999 toactualCGame004FDAF0. G98E48!=85 bypassesactor;85skipsunsigned2-66loop. GetterG983C4 uses32bitSUB999/signednegativeclamp/freshreturn, notunconditionalmathematicalsaturation/fullinventory/actorfree/savepolicy.",VERIFIED,STEAM_PC,findings/boundaries/cmenu_numeric_game_slot_commit.md,,,findings/boundaries/cmenu_numeric_game_slot_commit.md,2026-10-03,NewselectedPhase4positiveconditionalnumericchain. C0142/C0143/C0125 reusedexactscope. Initialmode/index/count/slotvalue andactualreachability unproved; no Phase3re-audit orfullUI/GOG/runtime.
C0160,vehicle_custom_actor_callback_producer_and_conditional_route,"SelectedSteam005ED660 successfulacceptedCObjectCar result remainsESI, word30=0x53/decimal83 andactual005ED853 supplies005C92C0/0 to+44 setter. Low8event1/worldmaskclear path invokesstackactor005C61B0 thenreloadspostcallselector0x53 ->sameactor00543160. Opaquehelper/setup/lifetime/eventactivation/own-event1posteffect remainUNKNOWN; initialevent0 isnotevent1.",VERIFIED,STEAM_PC,findings/boundaries/cobjectcar_callback_control_chain.md,,,findings/boundaries/cobjectcar_callback_control_chain.md,2026-10-03,SelectedstaticconditionalPhase4mechanism; independentOpus branches personallyverified/replayedby main. C0127/C0128/H0063/setter reused exactscope; nofullvehicleprotocol.
C0161,vehicle_selected_numeric_state1_control_endpoint,"ConditionalSteam sameCObjectCar00543160 nonzerobyte1FD4/dword1FD8==1 rawindex1->0054325D writesD8OR8000/DCOR08000000/24OR40,float11D8=-1000,sixzero dwords,byte438=1 anddword1FD8=2 thenRET. Snapshotstores retained; noSDK/state2fallthrough/actualstateinput/finalcallbackstate/fieldpurposes/free/GOG/cadence.",VERIFIED,STEAM_PC,findings/boundaries/cobjectcar_callback_control_chain.md,,,findings/boundaries/cobjectcar_callback_control_chain.md,2026-10-03,SelectedstaticconditionalPhase4mechanism; independentOpus branches personallyverified/replayedby main. C0127/C0128/H0063/setter reused exactscope; nofullvehicleprotocol.
C0162,typed_movie_request_task_callback_and_conditional_fade_route,"Steam005DF190 under BCD0==4 supplies literal CDemoMovie008A7218 request0x40/controls0,0,1,0 to00428870; movie arm installs00427AF0 on returned task T. Selected callback event1/private-state0/currentrequest/R+4 gates returning CMessage state3, F_A NULL and F_B request7 then later R-byte-gated latch. M/T/R/F/L distinct; actualdelivery/helper effects/acceptance/lifetime/completion unknown.",VERIFIED,STEAM_PC,findings/boundaries/presentation_movie_fade_latch_chain.md,,,findings/boundaries/presentation_movie_fade_latch_chain.md,2026-10-03,Main personallyreplayed main/Opus selected checkers; conditional static scope only; no fullmovie/fade/weather/runtime/GOG/lifetime.
C0163,cfade_request7_numeric_data_and_progression_interface,"Conditional valid Steam CFade request7 selects raw table arm, increments+188, writes+164=7/+16C=30/+170 reciprocal, copies+19C..1A8 to+18C..198, snapshots+178=1 to+198 then poststeps+178 using live014AFFE0 with no later+198 snapshot. NULL helper source defaults selected. No freshgeometry/draw/finalstate/lastwriter/free claim.",VERIFIED,STEAM_PC,findings/boundaries/presentation_movie_fade_latch_chain.md,,,findings/boundaries/presentation_movie_fade_latch_chain.md,2026-10-03,Main personallyreplayed main/Opus selected checkers; conditional static scope only; no fullmovie/fade/weather/runtime/GOG/lifetime.
C0164,presentation_latch_to_accepted_consume_guard,"Steam00449690 writes receiverless00BE1EAC=1. Accepted0044AC10 tests latch, compares0146E8C0 before clearing latch, and conditionally reloads manager+4 CFade data+18C..198 to acquired CRdPrim; nonzero guard can consume without draw. F correspondence/order/GPU success unknown.",VERIFIED,STEAM_PC,findings/boundaries/presentation_movie_fade_latch_chain.md,,,findings/boundaries/presentation_movie_fade_latch_chain.md,2026-10-03,Main personallyreplayed main/Opus selected checkers; conditional static scope only; no fullmovie/fade/weather/runtime/GOG/lifetime.
C0165,cmenu_late_state_request3_fade_value_predicate,"Steam typed CMenu event1 adapter006544C0 enters006516E0; raw U+14 states99/100/101 map through006540C0/00654088 to00652ED5/00652F11/00653181. State99 conditionally supplies request3/float30.0/control0,1 to separately loaded CFadeManager+4; selected request3 case3 writes F+164=4, copies source data, computes+170, snapshots current+178 into+198, skips request7 live-step and returns AL=1 only. State100 separately loads manager+4 and tests F+164==7. U/T/F domains and request3->7/F identity remain unknown.",VERIFIED,STEAM_PC,findings/boundaries/cmenu_fade_predicate_camera_policy.md,,,findings/boundaries/cmenu_fade_predicate_camera_policy.md,2026-10-03,Main personallyreplayed raw map/adapter/endpoints and independent Fade3/postpredicate branches; conditional static scope only; no completion/update/cadence/free/GOG/runtime claim.
C0166,cmenu_state101_conditional_camera_mask_endpoint,"Conditional equality in state100 reaches CGame/opaque child-control calls, local pointer zero stores and repeated opaque00458990 calls; entry EBP=1 is overwritten by U+67B8 before its repeated helper calls. Under normal-return/readable-live-memory assumptions,00653175 stores U+14=101 and0065317C jumps common tail, not direct00653181 fallthrough. Later target00653181 invokes T/control helpers and conditionally clears acquired CCamera+0x11C bit1, reloads00BE1EA4, then sets bit4. Virtual+30/helper calls are not typed as free/destructors or harmless, and camera masks are not assigned friendly-mode/cadence semantics.",VERIFIED,STEAM_PC,findings/boundaries/cmenu_fade_predicate_camera_policy.md,,,findings/boundaries/cmenu_fade_predicate_camera_policy.md,2026-10-03,Main personallyreplayed 132-instruction postpredicate branch and later camera endpoint; conditional static scope only; no immediate101/reentry/lifetime/cadence/GOG claim.
C0167,world_object_selector46_desired_state_producer,"Steam conditional world representation path 0040D0D0->005F0A50->005EEC20 uses raw desired-mode control; fallback0074EE20 with exact literal0077A4A4=OBL\0 selects factory selector0x46, whose raw table target constructs named CObject via005479F0. The returned ESI receives dword+0x444=1 and is immediately passed as ECX to exact005C8720. 005EB600 builds a local descriptor and005E7620 conditionally copies descriptor+0x50 to object byte+0x416 when descriptor+0x58 bit0x100 is set. Incoming context, fallback reachability,005EA200 value meaning and object ownership remain unknown.",VERIFIED,STEAM_PC,findings/boundaries/world_object_representation_policy.md,,,findings/boundaries/world_object_representation_policy.md,2026-10-03,"Main personallyreplayed 316/1082 selected windows and independent consumer branch; raw ASM and matched C labels agree on005F0A50 scalar order; conditional static only, no full residency/lifetime/GOG/runtime claim."
C0168,world_object_representation_pair_consumer_commit,"Exact Steam005C8720 gates object byte+0x416/current byte+0x12 versus desired dword+0x444. Desired-nonzero path sign-extends+0x416 as paired-table index, calls006B2C70 twice, restores same object ESI as ECX for006BE6E0, then common tail stores low byte of desired+0x444 to current+0x12. The commit is not setup success:006BE6E0 is not used as a boolean result and null/resource/index/ownership/last-use/final-draw/unload semantics remain unknown.",VERIFIED,STEAM_PC,findings/boundaries/world_object_representation_policy.md,,,findings/boundaries/world_object_representation_policy.md,2026-10-03,Main personallyreplayed consumer windows and branch checker; accepted resource/CLevel interfaces reused exact scope; no pair identities/CLevel transfer/GOG/runtime claim.
C0169,cpreserve_live_cgame_staging_builder,"Steam typed CPreserve operation4 entry004394D2->00449620 passes embedded+28C to006ACAB0. The builder zeroes staging00BE5EF0 with count0x7A2620, copies acquired CGame live+8C568 to00BE6010 with count0x45CC0, and performs a bounded repeated stride-copy loop (mechanically27 iterations). First opaque sync004524C0 and staging generation/last-writer chronology remain unknown; no full28-record/schema/image claim.",VERIFIED,STEAM_PC,findings/boundaries/save_writer_staging_write_policy.md,,,findings/boundaries/save_writer_staging_write_policy.md,2026-10-03,"Main personallyreplayed208/713 selected windows; independent builder branch scope; conditional static only, no write success/lifetime/GOG/runtime."
C0170,save_embedded_context_operation6_to_physical_writer_boundary,"Steam same embedded save context dispatch00468980->006ACF30->006AC720 reaches gated+120=4/+148=4359 operation6 request through CSaveData004094C0 with buffer00BE5EF0/count0x7A2620, then accepted00409790 operation table maps op6 to00408BD0 and passes retained buffer/count to imported WriteFile for savedata/dp.sav. Builder+4=1 and selected write-dispatch+4=2 do not prove chronology; admission, write success and error policy remain unknown.",VERIFIED,STEAM_PC,findings/boundaries/save_writer_staging_write_policy.md,,,findings/boundaries/save_writer_staging_write_policy.md,2026-10-03,Main personallyreplayed op6/writer windows; independent writer branch scope; no full transaction/schema/WriteFile success/lifetime/GOG/runtime.
C0171,citem_factory_payload_native0_numeric_field,"Steam004DEDA0 argument2 becomes transient payloadP[0]; wrapper005EA8D0 storesP at descriptor4C (not58) and supplies selector0x14(decimal20) to005E7620. Observed4B8/005F2DE0/0077AFEC CItem original pointer receives installed004DEE70 native0 with the sameP, writing+4A8. Optionalglobalhook/intermediate helpers and normal-return/object/payload validity qualify value preservation; no Player owner/Event44 or retained payload lifetime claim.",VERIFIED,STEAM_PC,findings/boundaries/citem_factory_value_resource_binding.md,,,findings/boundaries/citem_factory_value_resource_binding.md,2026-10-04,Main223/705 producer windows/raw table/RTTI/ESP assertions plus fresh Opus299/993. Main34/114 separately proves CGame indexed dword input/creator argument2 bridge; no allcallers or semantic ID/range proof.
C0172,citem_numeric_field_name_buffer_lookup_result_slots,"Steam sameCItem004DEE70 native0/22 arm rereads4A8, obtains CGame835000/DC-stride row addresses, supplies literal%s.XMD/%s.XPC format/buffer arguments, then looks up XPC-named buffer first and XMD-named buffer second through separately acquired typedCRdData.006BE6E0 on the sameCItem receives(R_M,R_P,0,0) and storesR_M to160/R_P to164 before null gates. N0/N_M/N_P invariance, valid row/actual formatted contents, opaque returnedk, pointee types, success/lifetime/runtime remain unknown.",VERIFIED,STEAM_PC,findings/boundaries/citem_factory_value_resource_binding.md,,,findings/boundaries/citem_factory_value_resource_binding.md,2026-10-04,Main231/795 consumer and52/125 formatter interface/raw arguments independently checked; fresh Opus353/1150. Formatting name ANALYSIS-sourced only corroboration; no actual string/parser/load-success/Player/GOG claim.
C0173,cnpcenemy_typed_event_and_gated_policy_admission,"Steam factory3/rawCNpcEnemy00774574 original pointer installs0047F830; own0C0047C1F0/006BCB70 emits event1 on that pointer, selected callback/current8C00482FE0 gates to current980049EB30 with same numeric receiver.",VERIFIED,STEAM_PC,findings/boundaries/npc_enemy_camera_scalar_marker_policy.md,,,findings/boundaries/npc_enemy_camera_scalar_marker_policy.md,2026-10-04,Currentcallback/table/gate/opaque helper/lifetime dependencies explicit; initialevent0 is not event1; no live persistence/cadence/allNPC/GOG.
C0174,cnpcenemy_selected_camera_scalar_numeric_bit_policy,"Steam selected separate raw9/1 context samples pass typed camera addressC+0C to00479DD0 mode3 on original NPC; rounded float5C-minusC10/FABS localS drives69C bit2000: orderedS<=80 clears, S>=90 sets, openband/unordered-status retain priorbit, conditional on normal x87 completion.",VERIFIED,STEAM_PC,findings/boundaries/npc_enemy_camera_scalar_marker_policy.md,,,findings/boundaries/npc_enemy_camera_scalar_marker_policy.md,2026-10-04,"No camera/member valuewriter/readability/null safety/friendlymeaning or unmasked exception guarantee. DistinctS-versus100/D8 masks; no call beforethresholds, laterlookupbridge may mutate flag."
C0175,cnpcenemy_reloaded_numeric_bit_conditional_marker_interface,Steam0049EE15 reloads same-address69C bit2000 after opaque lookupbridge; bit1 plus separate later raw0/0 context tests or698:800 reaches currentown30 with sameECX. RawCNpcEnemy slot resolves006BAB20; unmarked arm writes29=80/2A=0 and calls event2 on saved original receiver.,VERIFIED,STEAM_PC,findings/boundaries/npc_enemy_camera_scalar_marker_policy.md,,,findings/boundaries/npc_enemy_camera_scalar_marker_policy.md,2026-10-04,Laterbit not proven equal earlierwrittenbit; repeatedroots/currentvptr and opaque preservation remain conditional. Marker/event2 endpoint notdelivery/free/safe retirement/allfunctioneffect/GOG.
C0176,cobjectcar_selected_first_argument_model_block_transport,"Steam005ED660 selectedI=[entryESP+4] signed>=0 arm passesopaquehelper localA=S60/B=S50 to00541760 withoriginalsuccessfulCObjectCar ESI; S=T-7C. SettercopiesA4dwords to58-64, rereadsB to78-84 and68-74, ORs43420000000, thenrequests006BABF0(1,0) and006C1430(0) on same savedM.",VERIFIED,STEAM_PC,findings/boundaries/cobjectcar_model_base_cache_production.md,,,findings/boundaries/cobjectcar_model_base_cache_production.md,2026-10-04,"ExactABI/statictransport; unaff_retaddr notliteralreturnaddress. Upstreamhelper completeinitialization/content/index/row andactorresource/lifetime unknown; no callerresulttests, fullsetup orpacketfreshness."
C0177,cobjectcar_selected_base98_production_and_current_state_evaluation,"Steamselected006BABF0(1,0) savedM/DC80bytesnapshot ->006B6E40(local,&M120,&M110,local,b) and006B6E40(&M98,&M78,&M58,&M88,b), namedrotationdestination/directC8-CC-D0floattransfers thenD3DXMatrixMultiply(&M98,&M98,local). Opaqueposttail precedesexplicit006C1430(0), whoseacceptedconditionalinterface suppliescurrent&98/current1E4/current1E8 tocurrentresource160; rawCar28/44installacceptedconditionalpacketconsumer.",VERIFIED,STEAM_PC,findings/boundaries/cobjectcar_model_base_cache_production.md,,,findings/boundaries/cobjectcar_model_base_cache_production.md,2026-10-04,"Observedbaseproduction != provenunchangedmultiplyresult atevaluation. Opaque00461870/initializers/posttail, actualresource/output/query/population/cacheinvalidation/latestpose/frame/lifetime/GOG UNKNOWN. SelectednamedAPIargument/directwrite evidence, notcompletealgebra."
C0178,static_csdcore_cleanup_receiver_shared_backend_attempts,"Steam0076DF60 supplies literal static014B0400 to0072C2E0, which saves that receiver and writes rawCSdCore00828548. A shared014B01E4 nonzero sample admits slot1C then8 calls with separately reloaded slot-source and stack-receiver values; returns are untested and the finite body has no direct backend-cell reset. This is available local cleanup, not observed registered dispatch or lazy-root deletion.",VERIFIED,STEAM_PC,findings/boundaries/audio_static_core_backend_cleanup.md,,,findings/boundaries/audio_static_core_backend_cleanup.md,2026-10-04,C0118/H0268 acquisition/registration reused only at accepted scope. Foreign operation identities/success/release counts/reloadaliases/runtime/shared-user order unknown; GOG not transferred.
C0179,audio_cleanup_asymmetric_handle_storage_view_reset_contract,"Steam0072C2E0 forced loop-entry wrappers precede signed12-domain014B0268 handle-close attempts without direct array reset, then signed13-domain014B029C independent guard/opaque0074EE0B argument calls with unconditional dword clears. A separate014B0298 guard/reload conditionally attempts UnmapViewOfFile before unconditional cell0 and CoUninitialize. Clear/return order does not establish helperfree, successful cleanup, balanced COM or safe retirement.",VERIFIED,STEAM_PC,findings/boundaries/audio_static_core_backend_cleanup.md,,,findings/boundaries/audio_static_core_backend_cleanup.md,2026-10-04,"Ordinary frame-preserving returning-call static scope only. Absolute arrays are not staticreceiver fields; separate samples/currentindex, ignoredresults and first opaquefree edge explicit; PLSE066/bank/lazyfree/cadence remain unknown. NewC0199 checks ONLY11-byte0074EE0B adaptertaildeallocationboundary fromtypedmodelargument; formeraudioopaquehelper firstedge narrowedatboundaryscope, notmatchedB13types/generation/destructor/success/lastuse oraudiofinalizerdispatch. Originalclaimtext/history retained."
C0180,world_category_retirement_mark_interface,"Selected Steam worldstate6 calls005E0F50, which broadcasts006C5DF0(2,K,0) for18 literalK values; selector2 compares zero-extended objectword2C, and eligible manager dispatch can reach currentvirtual30. CLevel rawtable30 names marker006BAB20; actual named-instance selection is unproved.",VERIFIED,STEAM_PC,findings/boundaries/phase5_world_resource_retirement.md;P5-WORLD-PRIMARY-20261004,,,findings/boundaries/phase5_world_resource_retirement.md,2026-10-04,"Conditional interface only. No resource-tag equality, concrete CLevelcategory, actual world/frame occurrence, deletion/free orsafe unload."
C0181,clevel_model_resource_clear_rebind_and_packet_reference,"Steam CLevel available deleting/basecleanup chain reaches same-this006BE220, whose initial160/164 operations clear without reading oldpointers; concrete006BE6E0 invokes thiscleanup before replacing160/164. CLeveltable28 can reach commonpacket producer copying current160/164 into84/88.",VERIFIED,STEAM_PC,findings/boundaries/phase5_world_resource_retirement.md;P5-CLEVEL-PRIMARY-20261004,,,findings/boundaries/phase5_world_resource_retirement.md,2026-10-04,"Available full deletingroute versus actuallycalled localrebindcleanup distinguished. Packetpopulation occurrence/currentgeneration, oldpointertransitive release/ownership/lastuse andnamedLEVEL retirement UNKNOWN."
C0182,clevel_raw_slot_4c_50_correction,"Paired typed rawCLevel tables map Steam007798AC+4C->005CCDD0/+50->006C0620 andGOG0077989C+4C->005CCEA0/+50->006C0130; oldGOG006C04D0 is+58. Steam006BE6E0 actually loads currentvtable+4C, disproving inheritedC0047/C0086 setup-to-attachment route.",VERIFIED,STEAM_PC;GOG_PC,findings/boundaries/phase5_world_resource_retirement.md;P5-CLEVEL-PRIMARY-20261004,,C0047;C0086,findings/boundaries/phase5_world_resource_retirement.md,2026-10-04,"Rawtable correction only, noGOGbodyhomology/fullalgorithm. Currentvptr across opaque calls remainsconditional. C0114 pointerhandoff preserved; H0210 independenthelperbody scope not re-audited."
C0183,resource_session_cleanup_release_before_worker_stop,Steamapplication00401310 conditionallycalls typedCRdData006B2670 on00BD768C andthen clearsapplicationroot; nonnulltable branch force-releases descriptors/callbackpayloads and deallocates/zeros D+0C before actuallycalling sameCLoadThread01481130 stop006B3D70; later closesmanager mutex withoutstatus test.,VERIFIED,STEAM_PC,findings/boundaries/phase5_resource_worker_shutdown_coordination.md;P5-WORKER-REPLAY-20261004;P5-WORKER-MAIN-20261004,,,findings/boundaries/phase5_resource_worker_shutdown_coordination.md,2026-10-04,Conditional-staticlocalroute only; upstreamadmissionclosure/same-thread-request-tablegeneration/lastuse/quiescence UNKNOWN. No runtime race/failure/free ofstaticW orsuccessfulAPIclaim.
C0184,resource_worker_stop_mutex_not_thread_join,"CompleteSteam006B3D70 clearsW19/normalvalidqueueend/count20, acquiresW14 mutex with ignoredAL result, then setsperiod1 inanothermutexinterval. No threadhandle wait/termination/localcompletion receipt inselectedstop; started18/directpending3C/storage/workerhandles notclearedthere.",VERIFIED,STEAM_PC,findings/boundaries/phase5_resource_worker_shutdown_coordination.md;P5-WORKER-REPLAY-20261004;P5-WORKER-MAIN-20261004,,,findings/boundaries/phase5_resource_worker_shutdown_coordination.md,2026-10-04,Conditional-staticlocalroute only; upstreamadmissionclosure/same-thread-request-tablegeneration/lastuse/quiescence UNKNOWN. No runtime race/failure/free ofstaticW orsuccessfulAPIclaim.
C0185,resource_worker_registered_storage_teardown_not_quiescence,RegisteredSteamfinalizer0076DE60 suppliesstaticW01481130 toordinary006B4F80; its embeddedqueue destructor deallocatesbackingstorage andzerosbegin/end/capacity beforeopaquecontainersupport and CThfuncbase00409E80 vptr-onlyteardown. Registration/body isnot actualexitdispatch; availabledeleting006B4F50 notinvokedbyfinalizer.,VERIFIED,STEAM_PC,findings/boundaries/phase5_resource_worker_shutdown_coordination.md;P5-WORKER-REPLAY-20261004;P5-WORKER-MAIN-20261004,,,findings/boundaries/phase5_resource_worker_shutdown_coordination.md,2026-10-04,Conditional-staticlocalroute only; upstreamadmissionclosure/same-thread-request-tablegeneration/lastuse/quiescence UNKNOWN. No runtime race/failure/free ofstaticW orsuccessfulAPIclaim.
C0186,cmenu_inline_layout_reset_not_task_destruction,ActualSteamworldstate6 passesCMenu01476978 to005FF350; wrapper switchesECX toU+6EE8 andtailcalls00458990. Specificconstructor004592B0 andordinarydestructor004592C0 installRTTI-provenCLayout0077294C andcall/tailthatsamecompletefieldreset bodywithnodeallocation ordestructordispatch.,VERIFIED,STEAM_PC,findings/boundaries/phase5_cmenu_task_layout_retirement.md;P5-MENU-MAIN-20261004,,,findings/boundaries/phase5_cmenu_task_layout_retirement.md,2026-10-04,Conditionalstatic interfaces: reset/marker/event2 nottask/Fade/controller destruction/free; no pointerequality/inequality/ownership/generationchronology/lastuse/cadence assumed.
C0187,cmenu_task_event2_distinct_fade_retainer_flag_clear,"SteamCMenuinstalledtask00654490 event2 rawmaptarget00654556 callsCFadeManagergetter, loadsretainer+8 andANDsF+168 withFFFFFFFA. Typedtaskcompatiblevirtual30 marker emitslocal2 throughoptionalglobalhook/storedcallback44; actualselection/preservedcallback/lifetime conditional. Thisretainerstorage differsfromaccepted+4 request/predicate route.",VERIFIED,STEAM_PC,findings/boundaries/phase5_cmenu_task_layout_retirement.md;P5-MENU-MAIN-20261004,,,findings/boundaries/phase5_cmenu_task_layout_retirement.md,2026-10-04,Conditionalstatic interfaces: reset/marker/event2 nottask/Fade/controller destruction/free; no pointerequality/inequality/ownership/generationchronology/lastuse/cadence assumed.
C0188,fishing_parent_event2_line_deleting_call,"SteaminstalledCFishingPerson callback00619FD0 admitslowbyte2 undercurrent81C0, calls0060E800 thencommits81C1. CleanupreloadscurrentP83C, conditionallycallsitscurrentslot0 withflag1 at0060E90A andclearsP83C afterreturn; actoralias01470670 ispublishedbefore81Cgate.",VERIFIED,STEAM_PC,findings/boundaries/phase5_fishing_parent_line_aux_retirement.md;P5-FISHING-MAIN-20261004,,,findings/boundaries/phase5_fishing_parent_line_aux_retirement.md,2026-10-04,Conditionalnormalreturn/currentvptr/type/generation/lifetime scope. Actualcallback/deleting/lastuse andP7E0-L8alias unproved; omissionnotglobalabsence/leak/H1release/safeownership.
C0189,fishing_line_ordinary_field_handling_and_lure_identity_limit,"TypedSteamCFishingLine table00780284 slot0=0061A220, whoseavailable same-this chain calls0060DB50 thenconditionalfree. Completeordinarybody marks/clears currentline4/C throughvirtual30, withno directline8operation; separatelymarkedparent7E0 versusacceptedline8CThrowLure generation equality remainsUNKNOWN.",VERIFIED,STEAM_PC,findings/boundaries/phase5_fishing_parent_line_aux_retirement.md;P5-FISHING-MAIN-20261004,,,findings/boundaries/phase5_fishing_parent_line_aux_retirement.md,2026-10-04,Conditionalnormalreturn/currentvptr/type/generation/lifetime scope. Actualcallback/deleting/lastuse andP7E0-L8alias unproved; omissionnotglobalabsence/leak/H1release/safeownership.
C0190,physics_scene_slot_provider_invalidation_clear,"Steam006F9040 reaches006FA480 provider whichcanpublish unvalidatedGvirtual10 return intoC50[k]; later20-slot cleanup passescurrentS1 totypedcontextnullhelper0040B700, reloadsS2 forcurrentGvirtual14 thenclearsphysicalslot withoutpost-call equality/status. Same-address notsame-generation/workercompletion.",VERIFIED,STEAM_PC,findings/boundaries/phase5_physics_scene_controller_release.md;P5-PHYSICS-REPLAY-20261004;P5-PHYSICS-MAIN-20261004,,,findings/boundaries/phase5_physics_scene_controller_release.md,2026-10-04,Conditional-static ABI/order/slot/type scope. Unnamedvirtualrelease semanticsSI; actualexternaloperation/generation/lastuse/quiescence/exclusiveownership UNKNOWN. Localabsence notglobalabsence/SDKimmortality.
C0191,physics_controller_support_named_release_and_wrapper_deallocation,"Steam006F9040 purgesW0 via006FE900, reloadsW1 andactuallycalls006FB020(flag1). Its006FE800 body invokesNxReleaseControllerManager(M2=W1[0]), reloadsA1=W1[4] forconditionalcurrentvirtual1C deleting, thenreturnsfor same-W1 deallocation; core67CD4 subsequentlycleared. Allocator00827034 RTTI ControllerManagerAllocator/NxUserAllocator andinstalled1C006FF2C0 verified; WnominaltypeUNKNOWN.",VERIFIED,STEAM_PC,findings/boundaries/phase5_physics_scene_controller_release.md;P5-PHYSICS-REPLAY-20261004;P5-PHYSICS-MAIN-20261004,,,findings/boundaries/phase5_physics_scene_controller_release.md,2026-10-04,Conditional-static ABI/order/slot/type scope. Unnamedvirtualrelease semanticsSI; actualexternaloperation/generation/lastuse/quiescence/exclusiveownership UNKNOWN. Localabsence notglobalabsence/SDKimmortality.
C0192,physics_shared_sdk_alias_lifetime_limit,"SelectedSteam006F9040 afterscene-slotclear still conditionallyinvokes currentC11C virtual24; allseven G01493FA8/R11C references areloads/comparison withnoexplicitclear or establishedSDKselfrelease. NamedNxReleaseControllerManager targetisM, notG/R. Startupalias doesnotprovecurrentSDKgeneration/lastuser.",VERIFIED,STEAM_PC,findings/boundaries/phase5_physics_scene_controller_release.md;P5-PHYSICS-REPLAY-20261004;P5-PHYSICS-MAIN-20261004,,,findings/boundaries/phase5_physics_scene_controller_release.md,2026-10-04,Conditional-static ABI/order/slot/type scope. Unnamedvirtualrelease semanticsSI; actualexternaloperation/generation/lastuse/quiescence/exclusiveownership UNKNOWN. Localabsence notglobalabsence/SDKimmortality.
C0193,application_csi_holder_deferred_root_code_carrier,Steamapp0040141D reaches006E19A0 viaJMPwrapper00408D40. RawtypedCSiHolder0148CA40/00826D8C hasobserved194-byte allocation/100code slots; constructorregistersSaveData/Sysutil root-finalizerliterals withoutcapturingobjectcontext. Dispatchercurrent-codecall/unlock/reload/AL1current-recordclear/repeatpass andcurrentcarrier slot0flag1/rootclear areconcrete; retention/generation/operationclosure unproved.,VERIFIED,STEAM_PC,findings/boundaries/phase5_save_sysutil_deferred_root_lifetime.md;P5-SAVE-REPLAY-20261004;P5-SAVE-MAIN-20261004,,,findings/boundaries/phase5_save_sysutil_deferred_root_lifetime.md,2026-10-04,"Conditionalvalidreadableroot/currenttable/normalreturn/local-control scope. Dependency-basedretirement interpretationSI; counts/registration/carrier/currentU-A-T-buffer generations, callbacks/admission/lastuse/quiescence/externalsuccess unproved. No observedruntimefailure. NewC0201/C0202 qualifyformerlyunexpandedprogresshelper: unsignedpair/1000 low32toSleep; literal1000/0 requestsDWORD1, notSleep1000. Localguard/uncheckedreturn notparticipantclosure/join; originalcodecarrier/currentgeneration scope unchanged."
C0194,savedata_holder_finalizer_idle_dependency_cleanup,"Steamraw00408A70 tests currentSaveDataholder70 zero thenslot0flag1 androotclear/AL1; namedholder00409C40 invokes00409B20 plusconditionaldeallocationboundary. Cleanup lockpolls28 untilzero, decrementsreacquiredSysutil220, rewritesembeddedcallbackvptr/deleteslock withoutexplicitC8detach/bufferrelease. ConstructionU220 increment andfinalU220 gate areseparategenerationobservations.",VERIFIED,STEAM_PC,findings/boundaries/phase5_save_sysutil_deferred_root_lifetime.md;P5-SAVE-REPLAY-20261004;P5-SAVE-MAIN-20261004,,,findings/boundaries/phase5_save_sysutil_deferred_root_lifetime.md,2026-10-04,"Conditionalvalidreadableroot/currenttable/normalreturn/local-control scope. Dependency-basedretirement interpretationSI; counts/registration/carrier/currentU-A-T-buffer generations, callbacks/admission/lastuse/quiescence/externalsuccess unproved. No observedruntimefailure."
C0195,sysutil_holder_counter_gate_member_thread_lifetime,"Steamraw00409240 tests currentSysutil220 zero thennamedholder00409890 cleanup00707310/deallocationboundary/rootclear. Explicitmemberorder deletesU+A8 lock, rewritesU94callback, callsCCallBackThreadT=U8 cleanup deletingU74 lock/vptr-onlyCThfuncbase; noexplicitC8detach/stopjoin incheckedmemberexpansion. Otherproviders opaque; actualquiescence/generationUNKNOWN.",VERIFIED,STEAM_PC,findings/boundaries/phase5_save_sysutil_deferred_root_lifetime.md;P5-SAVE-REPLAY-20261004;P5-SAVE-MAIN-20261004,,,findings/boundaries/phase5_save_sysutil_deferred_root_lifetime.md,2026-10-04,"Conditionalvalidreadableroot/currenttable/normalreturn/local-control scope. Dependency-basedretirement interpretationSI; counts/registration/carrier/currentU-A-T-buffer generations, callbacks/admission/lastuse/quiescence/externalsuccess unproved. No observedruntimefailure."
C0196,cinput_registered_currentroot_guarded_finalizer,"Steam00409370 suppliesliteral00408A30 tocode-onlyCSiHolder006E1930; reusedapp/current-code interface mayselectit. Finalizer tests currentI00BD9E10/BC8zero, unlocks/callscurrenttable0flag1 on savedI, clearscurrentroot/AL1. Rawholder004098C0 invokes00708280 andflag1 deallocationboundary00403540. No joinedregistration/carrier-slot/currentI orpostcallclearedgeneration proof.",VERIFIED,STEAM_PC,findings/boundaries/phase5_input_registered_finalizer_lifetime.md,,,findings/boundaries/phase5_input_registered_finalizer_lifetime.md,2026-10-04,"Validreadableroot/currenttable/normalreturn/selectedconditionalstatic mechanism only. DependencyretirementintentSI; no BC8balancedcount, samegeneration/exclusiveownership/admissionclosure/deallocationsuccess orsafe callback/threadretirement. K0022/K0023 histories preserved."
C0197,cinput_sysutil_dependency_callback_retainer,SteamselectedInputctor Sysutilgetter00409A40->004098F0 result isexact004091E0 ECXforU220INC; cleanupcurrentrootaccessor004043E0 result isexact00409200 ECXforU220DEC. DistinctUconstruct/Ucleanup/Ufinal generations unjoined. TypedI94callbackretainsexactI/target00709840 atI98/I9C; ordinarycleanup resetsvptr notreceiver/target; ctorcurrentvirtual4=007037F0 distinctfromtargetexecution.,VERIFIED,STEAM_PC,findings/boundaries/phase5_input_registered_finalizer_lifetime.md,,,findings/boundaries/phase5_input_registered_finalizer_lifetime.md,2026-10-04,"Validreadableroot/currenttable/normalreturn/selectedconditionalstatic mechanism only. DependencyretirementintentSI; no BC8balancedcount, samegeneration/exclusiveownership/admissionclosure/deallocationsuccess orsafe callback/threadretirement. K0022/K0023 histories preserved."
C0198,cinput_member_teardown_callback_lastuse_boundary,"Steamordinary00708280 callslockedI668 cleanup00709C30(no-op11bytes), separateopaqueintegrationproviders/U220decrement, I+A4lockdelete, I94callbackvptrcleanup andtypedT=I8 ordinaryCCallBackThreadteardown beforeholderstorageboundary. Configuredcallback00709840 T25nonzero observation clearsnext-passstackflag butstillreaches007032C0(T) beforeloop-top exit; noactualactivation/detach/stopjoin/lastuse closure.",VERIFIED,STEAM_PC,findings/boundaries/phase5_input_registered_finalizer_lifetime.md,,,findings/boundaries/phase5_input_registered_finalizer_lifetime.md,2026-10-04,"Validreadableroot/currenttable/normalreturn/selectedconditionalstatic mechanism only. DependencyretirementintentSI; no BC8balancedcount, samegeneration/exclusiveownership/admissionclosure/deallocationsuccess orsafe callback/threadretirement. K0022/K0023 histories preserved. NewC0202 qualifies remainingTuse ascomputedpointerargumentonly: complete007032C0 neverdereferencesorusesstoredthis. Latecall provescallbacknotreturned, notlateTmemoryaccess; literalreachability/member/retainer mechanism staysV, allgeneration/lastuse/join limits retained."
C0199,model_buffer_deallocation_rebind_and_narrow_adapter,"Steamactualrebind006BE720 reaches006BE220 selectedM1E4/M1E8 guard-reload pointers->0074EE0B->11-byte unchangedstackargument tailJMPacceptedfreeboundary0074E82B->currentfieldzero, thenselectedA0/40 stride replacement/publication. D8/DC maskhelper distinctfrompacket138validity; opaquevirtual64/tail effects unresolved. OldaudioC0179 helperboundaryqualifiedonly, notaudioownership/dispatch.",VERIFIED,STEAM_PC,findings/boundaries/phase5_model_buffer_packet_retirement.md,,,findings/boundaries/phase5_model_buffer_packet_retirement.md,2026-10-04,Conditionalnormalreturn/currenttable/savedpointer code-and-interface scope. Rebind/destruction/capacityreplacement/vectorerase distinct. Borrowing/retainerroleSI; actualcurrentfield/generation/opaque-preservation/lastuse/success/GOGUNKNOWN. C0047/C0086/H0209disproval conserved.
C0200,typed_model_base_packet_retirement_before_query_detach,"SteamrawCRdObjectModel ownslot00402E50 invokesordinary00402DA0/conditionalouterdeallocation; ordinarymembercleanup precedesbasevptr0076E6B4/006BA850. Base passescurrentM148 toadapterfreeboundary, clearscurrentfield THENcurrentvirtual48(0); rawCRdObject48=accepted004029B0 querydetach-compatible. Availabletypeddestruction notactualselectedgeneration orscenevectorlastuse.",VERIFIED,STEAM_PC,findings/boundaries/phase5_model_buffer_packet_retirement.md,,,findings/boundaries/phase5_model_buffer_packet_retirement.md,2026-10-04,Conditionalnormalreturn/currenttable/savedpointer code-and-interface scope. Rebind/destruction/capacityreplacement/vectorerase distinct. Borrowing/retainerroleSI; actualcurrentfield/generation/opaque-preservation/lastuse/success/GOGUNKNOWN. C0047/C0086/H0209disproval conserved.
C0201,shared_delay_unsigned64_divide_low32_sleep_request,"Steamcomplete00408AF0 loadsunsignedlow/highstackpair, dividesbyfixed1000 viareachable__aulldiv path, pushesonlyquotientEAX toPElinkedKERNEL32.dll!Sleep, thenRETwithoutcompletionstatus. ActualCSiHolder(1000,0) thereforeSleepDWORD1 request, not1000; documentedmilliseconds/void separatefromruntimeelapsedclock/participantcompletion.",VERIFIED,STEAM_PC,findings/boundaries/phase5_shared_progress_delay_retirement_limit.md,,,findings/boundaries/phase5_shared_progress_delay_retirement_limit.md,2026-10-04,"Conditionalnormalreturn/rawABI/on-diskimport/localguard scope; externalAPIcontractnotobservedgamebehavior. Runtimebinding/actualelapsedtime, opaquecallbackguarddepth, participantgeneration/admissionclose/detach/lastuse/stopjoinUNKNOWN. C0198 remainingTuse qualifiedaspointertransport, noentireclaimdisproval."
C0202,shared_delay_caller_guard_unused_receiver_completion_limit,"SteamCSiHolder explicit0148CA44 guardprotocol issuesnoLeave before006E1A3E delay anddoesnotinspecthelperreturn beforepassflag retry. CompleteCCallBackThread007032C0 savesbutneveruses/dereferencesthis, forwardsargumentpairtohelper andRET8. SelectedInputcallback latewrappercall beforelocalcleanup/RET provesnotreturned, notlateTmemoryaccess orjoinedretirement.",VERIFIED,STEAM_PC,findings/boundaries/phase5_shared_progress_delay_retirement_limit.md,,,findings/boundaries/phase5_shared_progress_delay_retirement_limit.md,2026-10-04,"Conditionalnormalreturn/rawABI/on-diskimport/localguard scope; externalAPIcontractnotobservedgamebehavior. Runtimebinding/actualelapsedtime, opaquecallbackguarddepth, participantgeneration/admissionclose/detach/lastuse/stopjoinUNKNOWN. C0198 remainingTuse qualifiedaspointertransport, noentireclaimdisproval."
C0203,fishing_cold7f0_typed_shell_writer_current_deleting_clear,"SteamCFishingPerson exactconstructor00613C26 stores unchangedsuccessful3C allocationpointer withinlineRTTI-backedCMustachesAdmin007713F4 table. Invokedevent2cleanup loadsP7F0 for00526BA0, independentlyreloadsP7F0 forconditionalcurrentslot0flag1 at0060E945 thenzeroesP7F0; construction/currentoccupant generations notjoined.",VERIFIED,STEAM_PC,findings/boundaries/phase5_fishing_cold_7f0_shell_retirement.md,,,findings/boundaries/phase5_fishing_cold_7f0_shell_retirement.md,2026-10-04,Conditionalnormalreturn/currenttable/localtransport scope; shell isCMustachesAdmin notCMustache. Cleanupnotdestruction/fieldclearnotfree/retentionnotexclusiveowner/localteardownnotglobal lastuse/addressnotsamegeneration. Old C0081/C0105 retaintheirsourcebounds.
C0204,fishing_shell_descendant_doublelookup_cleanup_and_deletion_limit,"CompleteSteam00526BA0 invokedfromtypedparent iteratesA2C/30/34, separatelyreloadsslot/manager fortwo006C5FD0 results, testsfirstonly andcallssecondcurrentvirtual30. Nolocalhandleclear/release/childdeleting; namedshellslot004274E0 availablevptr-reset/flagbit0same-shell deallocation hasno descendantaccess. Actualselectedtable/childidentity/destruction/lastuseUNKNOWN.",VERIFIED,STEAM_PC,findings/boundaries/phase5_fishing_cold_7f0_shell_retirement.md,,,findings/boundaries/phase5_fishing_cold_7f0_shell_retirement.md,2026-10-04,Conditionalnormalreturn/currenttable/localtransport scope; shell isCMustachesAdmin notCMustache. Cleanupnotdestruction/fieldclearnotfree/retentionnotexclusiveowner/localteardownnotglobal lastuse/addressnotsamegeneration. Old C0081/C0105 retaintheirsourcebounds.
C0205,input_provider_result_arithmetic_currentroot_generation_break,SteamInputconstructor exactStopWatch/Actuator acquisitionresult becomesECX toguardedDWORDincrement atprovider1C50/60; ordinarycleanup insteadsamples currentroots00BD9E1C/0148CA34 andpasses those separate results todecrements. ProvideroffsetsnotInputpointerfields; arithmetic helpersdo notinvoke finalizers orguardunderflow. Rawholder type/resulttransport verified; balanceddependency/currentgenerationUNKNOWN.,VERIFIED,STEAM_PC,findings/boundaries/phase5_input_provider_accounting_finalizers.md,,,findings/boundaries/phase5_input_provider_accounting_finalizers.md,2026-10-04,Directtransport/rawtypes/localinterfaces only; dependency-accounting interpretationSI. Sameaddress/rootcell notsamegeneration; balancedcount/admissionclosure/lastuser/actualcallback/currenttable/deallocation successUNKNOWN. Allseq83corrections conserved.
C0206,provider_registered_code_currentroot_count_gate_deleting_clear,"SteamtypedStopWatch/Actuator holdersregister literals004035E0/0070BA50 withcode-only006E1930. Completeavailablefinalizers samplecurrentroots/countzero, leaveguard beforecurrenttable0flag1, re-enterguard andclearcurrentrootwithoutoccupantcompare, returnAL1; nonzeroAL0. RawStopWatchentryomittedfromexport; actualcarrier selection/invocation/lastuser/admissionclosureUNKNOWN.",VERIFIED,STEAM_PC,findings/boundaries/phase5_input_provider_accounting_finalizers.md,,,findings/boundaries/phase5_input_provider_accounting_finalizers.md,2026-10-04,Directtransport/rawtypes/localinterfaces only; dependency-accounting interpretationSI. Sameaddress/rootcell notsamegeneration; balancedcount/admissionclosure/lastuser/actualcallback/currenttable/deallocation successUNKNOWN. Allseq83corrections conserved.
C0207,provider_named_holder_member_backing_retirement_interfaces,"SteamStopWatchnamedslot00407BD0 invokesDeleteCriticalSection atS1C18 andopaqueS8membercleanup beforeflagbit0 backingboundary00403540. Actuatorslot0070BA00 invokes0070BA30/sameA00735B60/lockcleanupA4 beforeflagbit0→007068A0 thinargumentadapter→opaque00404490. Implementationsavailable/dispatchconditionaloncurrenttable, notactualsuccess/safecomplete destruction/lastuse.",VERIFIED,STEAM_PC,findings/boundaries/phase5_input_provider_accounting_finalizers.md,,,findings/boundaries/phase5_input_provider_accounting_finalizers.md,2026-10-04,Directtransport/rawtypes/localinterfaces only; dependency-accounting interpretationSI. Sameaddress/rootcell notsamegeneration; balancedcount/admissionclosure/lastuser/actualcallback/currenttable/deallocation successUNKNOWN. Allseq83corrections conserved.
C0208,typed_light_querynode_detach_request_current_field_clear,"SteamrawCRdObjectLight0077A5A4/CLight0077B1D4 table48=005F27E0. Zeroqueryarm loadsN=O14C, conditionallycalls006BC060(N,originalO) thenzeroscurrentO14C. Exacttypedinterface/transport/clearV; matchingpointerremoval retainsC0141SI, notO/Ndeletion/lastuse.",VERIFIED,STEAM_PC,findings/boundaries/phase5_spatial_light_detach_cleanup.md,,,findings/boundaries/phase5_spatial_light_detach_cleanup.md,2026-10-04,"Availabletypedinterface/conditionalnormalreturn/localargument/vptr-entry scope. C0141removeSI/C0200opaque-currentvptr qualification bind; actualselectedtable/generation/aliaslastuse/safe freeUNKNOWN. H0056constructoronly, equalcrossbuildaddressnotidentity."
C0209,light_available_cleanup_distinct_vptr_helper_entry_order,"SteamCRdObjectLight ownslot005F2890 invokesordinary005F26C0 thenflagbit0sameO outerdeallocationboundary. Ordinarywriteslighttable then006BA850(O), opaqueO194cleanup, restoresO/writesCRdObjectbasetable then006BA850(O) again. Differentprecedingtablewrites notprooflatercurrentvirtual48 targets preserved oractualsamegenerationretirement.",VERIFIED,STEAM_PC,findings/boundaries/phase5_spatial_light_detach_cleanup.md,,,findings/boundaries/phase5_spatial_light_detach_cleanup.md,2026-10-04,"Availabletypedinterface/conditionalnormalreturn/localargument/vptr-entry scope. C0141removeSI/C0200opaque-currentvptr qualification bind; actualselectedtable/generation/aliaslastuse/safe freeUNKNOWN. H0056constructoronly, equalcrossbuildaddressnotidentity."
C0210,audio_singleton_available_cleanup_before_optional_receiver_deallocation,SteamrawCSingleton-CSdCore00773154 slot0046F8F0 savesincomingreceiver andcallsaccepted0072C2E0 BEFOREargumentbit0test; bit0onlygates same-savedreceiver outerdeallocationboundary. Completelocalinterface no direct0138A6E4rootread/clear orsharedcounttest; actualcurrentroot-to-invokedinterface/lastuserUNKNOWN.,VERIFIED,STEAM_PC,findings/boundaries/phase5_audio_singleton_cleanup_interface_limit.md,,,findings/boundaries/phase5_audio_singleton_cleanup_interface_limit.md,2026-10-04,Compactavailableinterface supplementnotsharedlifetimeportfolio. Argbit0notsharedusergate; static014B0400 notlazycachegen; actualinvocation/success/free/lastuse/GOGunknown.
C0211,movie_installed_callback_event2_local_retirement_candidate_limit,"Steaminstalledcallback00427AF0 new00427B55subtract11/00427B58JNZ routeseventlowbyte2 to004287B2 commoncookieepilogue undernormalreturn/carrierconditions. Selectedselector-to-epilogue route no localMdetach/Tdeleting/00427A70invocation/typedcontext handoff; prelude/epilogue effects opaque, firsttypedretirement-generation/lastuseedgeUNKNOWN.",VERIFIED,STEAM_PC,findings/boundaries/phase5_movie_event2_retirement_candidate_limit.md,,,findings/boundaries/phase5_movie_event2_retirement_candidate_limit.md,2026-10-04,"FiniteBOUNDED_NEGATIVE candidateseam only, notglobalcleanupabsence/completecallback semantics/positive lifetimeportfolio. M/T/R distinct; M18xrefnottypedvalue. Allseq83corrections retained."
C0212,cmap_rain_current_virtual30_then_retainer_store,"Steam receiverless005D26B0 event1/state6 selected continuation tests typedCMap+8 mask200, loads current01437414, conditionally invokes its currentvirtual30 then stores EBX to retainedfield onnormalreturn. NamedRain00782124 compatibility+30=accepted006BAB20 marker distinctfromslot0deleting. Construction/currenttable/postcallfieldgeneration and actualmarker/deleting/lastuseUNKNOWN.",VERIFIED,STEAM_PC,findings/boundaries/phase5_weather_retainer_grid_retirement.md,,,findings/boundaries/phase5_weather_retainer_grid_retirement.md,2026-10-04,Localconditionaltransport/tablecompatibility/availableinterfaces only. EBXzero setup subjecttoordinarycallee-savedpreservation. Clear notfree; marker notdeleting; Efield nottypedresource/Haze field. Allseq83-93guards preserved.
C0213,rain_available_grid_member_backing_cleanup_before_outer_boundary,"NamedSteamRain ownslot0066C110 calls ordinary00669950 beforeargbit0optional savedR outerboundary0074E82B. Ordinary supplies E=R+2424 toGrid005C9F80; E3C=R2460 pointee passedconditionally toaccepted0074EE0B thenfieldclear. NamedRain/basevptr helperentry ordering/localinterfaces verified, actualsamegenerationinvocation/backingidentity/lastuse/successUNKNOWN.",VERIFIED,STEAM_PC,findings/boundaries/phase5_weather_retainer_grid_retirement.md,,,findings/boundaries/phase5_weather_retainer_grid_retirement.md,2026-10-04,Localconditionaltransport/tablecompatibility/availableinterfaces only. EBXzero setup subjecttoordinarycallee-savedpreservation. Clear notfree; marker notdeleting; Efield nottypedresource/Haze field. Allseq83-93guards preserved.
C0214,player_teardown_two_independent_physics_numeric_operand_requests,NamedPlayerownslot005348E0 callsordinary0052EAF0 beforeargbit0outerboundary. OrdinarysignedDWORD94C/950 guards precedeseparatecurrentrootacquisitions; aftergetterreloads numericoperand andsupplies currentrootECX/indexstack to006F97B0. No94C/950storeincompletebody; priorD38/D3C/D44zeros/lateroriginalPbaseentry nottypedchilddestruction.,VERIFIED,STEAM_PC,findings/boundaries/phase5_player_physics_dependency_teardown.md,,,findings/boundaries/phase5_player_physics_dependency_teardown.md,2026-10-04,Seq96 finite typedcaller/localindexed-interface scope; currentgeneration/indexdomain/Qtype/table/lastuse/success UNKNOWN. Availableouterdeletion notactualretiredPlayer; K0023 game-service notexclusivecompiledorigin; no SDK/start/handle/fishing/CMustache/oldmatrix reopening.
C0215,physics_full_dword_index_pointer_forward_then_local_slot_clear,Complete006F97B0 fullDWORD n selectsC67CD8+4n withoutbounds/truncation; zero skipsbothcall/store. Nonzero reloadQvalue/currentW=C67CD4→accepted006FE8D0 thennormalreturnindexedfieldzero withnoresult/occupant/generationcheck. ReturnEAX indexnotreleasesuccess; Qtabledtype/lastuse UNKNOWN.,VERIFIED,STEAM_PC,findings/boundaries/phase5_player_physics_dependency_teardown.md,,,findings/boundaries/phase5_player_physics_dependency_teardown.md,2026-10-04,Seq96 finite typedcaller/localindexed-interface scope; currentgeneration/indexdomain/Qtype/table/lastuse/success UNKNOWN. Availableouterdeletion notactualretiredPlayer; K0023 game-service notexclusivecompiledorigin; no SDK/start/handle/fishing/CMustache/oldmatrix reopening.
C0216,cmap_reset_then_new_lensflare_shell_table_cache_publication,"TypedCMapcalled005E0D30 zerosselectedCrelativefields/Rain-Haze retainers/two64DWORD ranges beforeseparate014379B4 cachepath. Nullcache requests454/zero-fill, pushesnewLbeforeopaqueacquisition/adapter, theninstallsrawCSingleton-CEffectLensflare00779FD8 andpublishesL; commonL8zero. Address/table/orderV, actualgeneration/initialization/registration/ownershipUNKNOWN.",VERIFIED,STEAM_PC,findings/boundaries/phase5_cmap_reset_lensflare_cache_publication.md,,,findings/boundaries/phase5_cmap_reset_lensflare_cache_publication.md,2026-10-04,Seq98 localnormal-return/ABIconditional order/type/interface only; currentC/L/V/Dgeneration/backing/argumentcontinuity/ownership/lastuse/successUNKNOWN. No allocator/debug/manager/tree/CLevel/weather/oldhandle-free-registry bodies. Rawcache ownslotbodyunvisited; no cachedcleanupinvocation.
C0217,generic_argument_slot_address_adapter_conditional_pointer_value_copy,"Complete0040CF30 takesaddressAofownargumentslot, pushesA andcallsaccepted0040D910 withECX unchangedintoentry, thenRET4. Retainedcapacity-availableappendloads[A]=X andcopiesX intoend/advances4, notAor*X. ActualVroot/backing/opaque00403690 callingconvention/Largcontinuity/growth/lastuseUNKNOWN; oldN58notimported.",VERIFIED,STEAM_PC,findings/boundaries/phase5_cmap_reset_lensflare_cache_publication.md,,,findings/boundaries/phase5_cmap_reset_lensflare_cache_publication.md,2026-10-04,Seq98 localnormal-return/ABIconditional order/type/interface only; currentC/L/V/Dgeneration/backing/argumentcontinuity/ownership/lastuse/successUNKNOWN. No allocator/debug/manager/tree/CLevel/weather/oldhandle-free-registry bodies. Rawcache ownslotbodyunvisited; no cachedcleanupinvocation.
C0218,save_prepare_mode_guard_and_independent_live_game_value_samples,"ActualbuilderG1→004524C0 K3/4skip, otherwiseoriginalECX→00451450; builderreacquiresG2beforelivecopy. Leaf capturesG/runtime-lowbytesorflagsentinel, copiesfourDWORDs each intoinline99048/99058 fromnonzero suppliedaddresses orindependentcurrenthandle-result R1+58/R2+78 withoutlocalnullguard. NotR1=R2/samegen/ownedvector/stablesnapshot.",VERIFIED,STEAM_PC,findings/boundaries/phase5_save_preparation_world_player_values.md,,,findings/boundaries/phase5_save_preparation_world_player_values.md,2026-10-04,Seq100 conditionaltypedentry/localvaluecopies/32-bitfoldedslotobservation only. G1-G2/currenthandle-root-R1-R2/worldslot generation/sourcevalidity/coherent snapshot/stagingadmission/lastuse/success UNKNOWN. No savegate/schema/event/worker/finalizer/registry/free/handlematrix bodies.
C0219,save_prepare_64_worldslot_nonzero_observations_fold_to_32_bits,"Completeleaf zerosG99068 DWORD, scans64CMapretainedslots01437688..01437784, ORsrotating32-bitone-bit fornonzero samples. Slots i/i+32 contribute samebit; not64independentbits. No pointeeaccess/free/slotclear inloop; returntraversaladdress0143778C/ECX1 notsnapshot-success; coherence/schema/gen/lastuseUNKNOWN.",VERIFIED,STEAM_PC,findings/boundaries/phase5_save_preparation_world_player_values.md,,,findings/boundaries/phase5_save_preparation_world_player_values.md,2026-10-04,Seq100 conditionaltypedentry/localvaluecopies/32-bitfoldedslotobservation only. G1-G2/currenthandle-root-R1-R2/worldslot generation/sourcevalidity/coherent snapshot/stagingadmission/lastuse/success UNKNOWN. No savegate/schema/event/worker/finalizer/registry/free/handlematrix bodies.
C0220,ccar_retained_game_interior_cell_address_not_predicate_return,"AcceptedCCar005F5DD0 retainsresult00452270(0) at73C. Completeproducer savesG, scansn0..127 underopaquequery48/n andreceiverlessbytepredicate, successreturnsLEAG+CD368+4n, fail0; optionalnonnullindexout only. ReturnisGameinteriorcelladdress notqueriedpointee/handle/newactorallocation; celltype/G-CCargen/owner/lastuseUNKNOWN.",VERIFIED,STEAM_PC,findings/boundaries/phase5_ccar_retained_game_interior_address.md,,,findings/boundaries/phase5_ccar_retained_game_interior_address.md,2026-10-04,Seq102 compactexactresult/address/unusedreceiver/interface qualification only; U/Q/opaquepredicate meaning/currentG/cellcontents/byte-table generation/owner/lastuseUNKNOWN. RetainedGameinterioraddress notnewreturnedphysicalvehicleobject/owningallocation; no getter/helper/event/vehiclemath/physics/factory/handle/free/registry bodies.
C0221,ccar_predicate_leaf_opaque_return_and_unused_incoming_this,"Complete0070E0B0 savesU, forwards48/n→opaque0070DFE0 Q, thenU→opaque0070FE90(Q,0), returnslatterEAX. Complete005E6E10 overwritesincomingECX withn andreturns32-bitbyte008BF560[n]==1; incoming0143C078 thisunused, notcontextreceiver/base. Opaquequerymeaning/currentU/G/tablegen unproved.",VERIFIED,STEAM_PC,findings/boundaries/phase5_ccar_retained_game_interior_address.md,,,findings/boundaries/phase5_ccar_retained_game_interior_address.md,2026-10-04,Seq102 compactexactresult/address/unusedreceiver/interface qualification only; U/Q/opaquepredicate meaning/currentG/cellcontents/byte-table generation/owner/lastuseUNKNOWN. RetainedGameinterioraddress notnewreturnedphysicalvehicleobject/owningallocation; no getter/helper/event/vehiclemath/physics/factory/handle/free/registry bodies.
C0222,cgame_available_own_cleanup_before_optional_original_receiver_boundary,"Exact namedGame wrapper/base ownslot0040A010/00455D50 saveincomingG, invoke00450830 thenbit0ofstackargument conditionallypassesoriginalG to0074E82B; returnG/RET4. Wrapperprewritesownvptr, ordinarywritesbasevptr. Availableinterfaces/localorder VERIFIED, actualcurrentrootinvocation/generation/lastborrower/free-success UNKNOWN.",VERIFIED,STEAM_PC,findings/boundaries/phase5_cgame_inline_layout_composition.md,,,findings/boundaries/phase5_cgame_inline_layout_composition.md,2026-10-04,"Seq104 exact local interface/transport only; current00BDA004 invocation/G-table/member generation, ownership, borrower final use and successfulsafe release UNKNOWN. Independent/personal/schema proofs before promotion; failed first target assertion preserved. No GOG/body/source widening."
C0223,cgame_two_exact_inline_clayout_compatible_cleanup_receivers,"Complete00450830 savesG andsuppliesLEA G+838A50 thenG+8386B8 toretained004592C0 tablewrite/reset00458990, thenwritesG835014=0076E67C. Exactreceiver/order VERIFIED; twoinlineCLayout-compatible compositionregions STRONG_INFERENCE, notownedheapallocations/sizeof/currentmembergen. Resetnotpointeefree; separateCarGCD368 borrowing notjoined.",VERIFIED,STEAM_PC,findings/boundaries/phase5_cgame_inline_layout_composition.md,,,findings/boundaries/phase5_cgame_inline_layout_composition.md,2026-10-04,"Seq104 exact local interface/transport only; current00BDA004 invocation/G-table/member generation, ownership, borrower final use and successfulsafe release UNKNOWN. Independent/personal/schema proofs before promotion; failed first target assertion preserved. No GOG/body/source widening."
C0224,audio_client_postgetter_operand_unused_this_to_current_main,"OneclientX454guard!=FFFFFFFF precedesCSoundgetter; hreloadaftergetter then0/h to0046B0E0. CompletewrapperignoresincomingCSoundthis, copiesh/q, acquirestypedMain00427700 andECX=EAX to007201F0, forwardsoperationEAX/RET8. Guardh/reloadh/oldcreator-currentMain gen andrequesteffectsUNKNOWN.",VERIFIED,STEAM_PC,findings/boundaries/phase5_audio_client_selected_record_operation.md,,,findings/boundaries/phase5_audio_client_selected_record_operation.md,2026-10-04,Seq106 selectedoperand/mapping/interface scope only; guardedh/postgetterh/currentA-R-M-T-U generation and actualeffect/finaloperand/lastuse/safe release UNKNOWN. No directrecordclear; lowbyteindexnot128extentguard; auto0046FA70thunktargetnotrawproof. Main/branch/personal/explicitcomparison beforepromotion; no callee/root/bank/backend/source/GOG widening.
C0225,audio_main_full_id_interior_address_mapping_and_zeroq_opaque_operation,"Complete00720830 rejectsFFFFFFFF, i=h&FF, firstsentinelread/secondfullIDequality ->LEA A30+50i or0, no i<128guard. Complete007201F0 selectedq0 invokesR18 helper/exactAL1 thenMaddress/stackT preparation/helper/Ureturn-to-ECX operation; no directA/Rclear. Conditionalrecordtyping/currentgen/finalarg/effect/lastuseUNKNOWN.",VERIFIED,STEAM_PC,findings/boundaries/phase5_audio_client_selected_record_operation.md,,,findings/boundaries/phase5_audio_client_selected_record_operation.md,2026-10-04,Seq106 selectedoperand/mapping/interface scope only; guardedh/postgetterh/currentA-R-M-T-U generation and actualeffect/finaloperand/lastuse/safe release UNKNOWN. No directrecordclear; lowbyteindexnot128extentguard; auto0046FA70thunktargetnotrawproof. Main/branch/personal/explicitcomparison beforepromotion; no callee/root/bank/backend/source/GOG widening.
C0226,npc_event2_exact_map_selected_current_virtual90_not_nominated_direct_arm,"Exactevent2map0047F99A=02/selectedDWORD0047F97C=0047F8E2; retainedroutingadmits event2. Onearm loads currentNtable+90, ECX=N indirectcall, JMPcommon0047F931; nominateddirect0047F92C->0047F770 notinselectedarm. Actualvirtualtarget/transitiveeffect/currentNgen/tail/lastuse UNKNOWN.",VERIFIED,STEAM_PC,findings/boundaries/phase5_npc_event2_selected_virtual90_routing_limit.md,,,findings/boundaries/phase5_npc_event2_selected_virtual90_routing_limit.md,2026-10-04,"Finite routingnegative only; no globalcleanupabsence oranotheropcodeinference. Prior wrongexpected8count failure preserved, corrected7/31 beforepromotion."
C0227,crdtexture_zero_offset_constructor_and_exact_named_vptr,"Complete00402220 preservesincomingH inEAX, writes0076E68C andzerosDWORD4/8/10/14/18/1C, WORDC/E thenRET. Exact0076E688->COL00873C68 offset0->.?AVCRdTexture@@ verifiesnamedconstructedH; actualcurrentM8/type/gen/ownership remainsUNKNOWN.",VERIFIED,STEAM_PC,findings/boundaries/phase5_crdmovie_constructed_texture_setup_descriptor.md,,,findings/boundaries/phase5_crdmovie_constructed_texture_setup_descriptor.md,2026-10-05,"Seq113 actualMoviehelper construction/descriptor interface only; currentH/M8/table/resourcegen/APIeffect/ownership/free/finaluseUNKNOWN. Original8byte minimumsourceNOTPASS/wrongcutoff preserved; prospective128/448+88metadata passedbeforepromotion, no cleanoriginal40/160/112pass. PersonalcriticalPE/ASM andexplicit-schema agreement beforecanonicalwrites, replaysnonadditive."
C0228,crdmovie_actual_helper_allocation_ctor_result_publication_seven_slot_setup,"SelectedtypedMoviecaller emits20hex toallocationboundary, nonzeroretH->ctorECX/EAX(fail0), staging->Mlocal8 publication00700435; latercurrentM8 ECX->006B5CF0 with slots{500,2D0,1,3,0,0,0}hex. Exactnew/currentoperandgeometry notgeneration/allocatorfailure/runtime/success proof.",VERIFIED,STEAM_PC,findings/boundaries/phase5_crdmovie_constructed_texture_setup_descriptor.md,,,findings/boundaries/phase5_crdmovie_constructed_texture_setup_descriptor.md,2026-10-05,"Seq113 actualMoviehelper construction/descriptor interface only; currentH/M8/table/resourcegen/APIeffect/ownership/free/finaluseUNKNOWN. Original8byte minimumsourceNOTPASS/wrongcutoff preserved; prospective128/448+88metadata passedbeforepromotion, no cleanoriginal40/160/112pass. PersonalcriticalPE/ASM andexplicit-schema agreement beforecanonicalwrites, replaysnonadditive."
C0229,texture_setup_descriptor_immediate_context_current_interface_numeric_store_partial_ax_return,"Complete006B5CF0 Hcleanupbefore s6guard; zeroarm passesaddress of{s1,s2,A[s4],B[s5],H14,H}->006CBA40 literalECX0148BBD8->opaque006CD010. Separate01480984reads->currenttable5C/nineargs; commonH8=s4/C=low16s1/E=low16s2; rawEAXatRET=(H_at_DBB&FFFF0000)|low16s1, notAPIresult/success. CurrentAPI/gen/lastuseUNKNOWN.",VERIFIED,STEAM_PC,findings/boundaries/phase5_crdmovie_constructed_texture_setup_descriptor.md,,,findings/boundaries/phase5_crdmovie_constructed_texture_setup_descriptor.md,2026-10-05,"Seq113 actualMoviehelper construction/descriptor interface only; currentH/M8/table/resourcegen/APIeffect/ownership/free/finaluseUNKNOWN. Original8byte minimumsourceNOTPASS/wrongcutoff preserved; prospective128/448+88metadata passedbeforepromotion, no cleanoriginal40/160/112pass. PersonalcriticalPE/ASM andexplicit-schema agreement beforecanonicalwrites, replaysnonadditive."
C0230,texture_descriptor_context_unsigned_two_arm_forwarding_without_local_capture,"Complete006CD010 savesR, twoopaquequeries/currentunsignedcompare chooseDpointer/currentR10value/1 request andpostreturnR10=EAX, orofferedlocaladdr->returnedP/P4 two-wordcopy->localaddr/words/currentDrequest. RET4 unqualifiedopaqueEAX; no Dsixfielddereference/copy/localHcapture. Hiddeneffect/gen/lastuseUNKNOWN.",VERIFIED,STEAM_PC,findings/boundaries/phase5_texture_descriptor_consumer_request_limit.md,,,findings/boundaries/phase5_texture_descriptor_consumer_request_limit.md,2026-10-05,"Seq115 capture/retention/lifetime NOT_READY at exactonecaller; Dforwardedafteropaque effects, Ptwo-wordcopy notDalias, R10poststore notsuccessfulcapture. R/D/P/H/storage gen/type/lastuse UNKNOWN; fivecallees unacquired. Newclean45/115fit notretroactiveMovieoriginalNOTPASSpass. PersonalPE/ASM andexplicit45rows beforepromotion."
C0231,model_inline_and_initializer_receiver_transport_to_reset,"MinimumModel prefix formsE=M+1B4, writesliteral0076E6AC thenCALL006B9FD0; initializer saves/reloads incomingECX thensameCALL. Exact localreceivertransport V, currentowner/destruction-selection/type/generation UNKNOWN; CRdInterp-compatible composition SI fromprior typedseed, no newRTTI.",VERIFIED,STEAM_PC,findings/boundaries/phase5_model_crdinterp_backing_reset_boundary.md,,,findings/boundaries/phase5_model_crdinterp_backing_reset_boundary.md,2026-10-05,"Seq118 exact69/224 threewindows/no newdata-RTTI, personalPE/ASM and explicit-schema agreement before promotion. E4clear notresourcefree; backingguard/reload/call/clear notsameallocationgen, success, owner/currentdispatch, lastborrower/use orsafe retirement. CRdInterp-compatible type SI from cited prior map; no newnamed/current RTTI. GOG/actualowner/opaquehelper/allocator widening excluded. All70+18/originalMovieNOTPASS/disconnect107failurehistory preserved."
C0232,crdinterp_resource_link_clear_and_three_backing_boundary_attempts,"Complete006B9FD0 savesincomingECX, explicitlyclearsE4withoutoldvalueload/passing andunnamedscalars beforeguards. E8/C/10 independently guard/reload/spill/PUSH->0074EE0B inthatorder, eachpostnormalreturnADDESP/receiverreload/clear; zeroarm skipscall/clear. Throughacceptedadapter concrete deallocationboundaryattempts, notresourcespecificrelease, ownership, success, generation continuity orlastuse.",VERIFIED,STEAM_PC,findings/boundaries/phase5_model_crdinterp_backing_reset_boundary.md,,,findings/boundaries/phase5_model_crdinterp_backing_reset_boundary.md,2026-10-05,"Seq118 exact69/224 threewindows/no newdata-RTTI, personalPE/ASM and explicit-schema agreement before promotion. E4clear notresourcefree; backingguard/reload/call/clear notsameallocationgen, success, owner/currentdispatch, lastborrower/use orsafe retirement. CRdInterp-compatible type SI from cited prior map; no newnamed/current RTTI. GOG/actualowner/opaquehelper/allocator widening excluded. All70+18/originalMovieNOTPASS/disconnect107failurehistory preserved."
C0233,hookchain_available_outer_interface_and_inline_component_transport,"005F5100 savesO/writesliteral0077EAFC/calls005F4E50 beforeargbit0 optionalO->0074E82B. Ordinarybody writesliteral0077A50C, transportsO420 throughcurrentmanager/opaquehelper/currenttable30, thenL=O434/O420=-1/literal0077A504/CALL0069E710 beforeopaquebase. Availablelocalinterface V; actualselection/type/ownership/gen/success/lastuse UNKNOWN; CSoundLoop-compatibleinline label SI.",VERIFIED,STEAM_PC,findings/boundaries/phase5_hookchain_csoundloop_operand_retirement_limit.md,,,findings/boundaries/phase5_hookchain_csoundloop_operand_retirement_limit.md,2026-10-05,"Seq121 staged4ids4windows82instructions288bytes/rawdata-RTTI0; outer54/204 and downstream28/84; personal PE/ASM plus explicit28row/named-schema agreement before promotion. L=O434 geometry, twoq observations/currentA/interiorB-or0/opaque-tail/normal-return sentinel store only. q not proven pointer/handle/resource; no backing relationship/ownership/actualselecteddispatch/gen/success/lastuse/safe retirement. CSoundLoop-compatible SI by retained legacyseed, not newnamed/currentRTTI; GOG no equivalence. No helper/getter/constructor/sibling/allocator/XNV/runtime widening; all70+18/oldfailedchecks/NOTPASS/disconnect119 preserved."
C0234,inline_loop_two_value_observations_csound_record_mapping_and_sentinel_store,"0069E710 testsq0=L4 against-1 beforegetter; continuingpath acquiresA and reloadsq1, suppliesECX=A/argsq1,0 to0046CBC0. q1=-1 RET8; otherwise i=q1&FF/currentA54i34 fullmatch selectsB=A54i0C or0, replacesarg1 andtailJMP0046B870. ABI-compatible normalreturn stores-1 atL4 withoutresulttest. qdomain/opaqueeffect/backing-resource/gen/success/lastuse UNKNOWN.",VERIFIED,STEAM_PC,findings/boundaries/phase5_hookchain_csoundloop_operand_retirement_limit.md,,,findings/boundaries/phase5_hookchain_csoundloop_operand_retirement_limit.md,2026-10-05,"Seq121 staged4ids4windows82instructions288bytes/rawdata-RTTI0; outer54/204 and downstream28/84; personal PE/ASM plus explicit28row/named-schema agreement before promotion. L=O434 geometry, twoq observations/currentA/interiorB-or0/opaque-tail/normal-return sentinel store only. q not proven pointer/handle/resource; no backing relationship/ownership/actualselecteddispatch/gen/success/lastuse/safe retirement. CSoundLoop-compatible SI by retained legacyseed, not newnamed/currentRTTI; GOG no equivalence. No helper/getter/constructor/sibling/allocator/XNV/runtime widening; all70+18/oldfailedchecks/NOTPASS/disconnect119 preserved."
C0235,selected_save_event_getter_result_member_receiver_operand_transport,"00430A10 saves incomingI, independently obtains G0/E0, formsP=G0+CDD80 andR=E0+7B4 into00430A2D->0072A470. Later separate E/G results drive conditional fields and fixed REP transfer; no selected-result success test or generation equality. Actual upstreamI/domain/type/owner/lastuse UNKNOWN.",VERIFIED,STEAM_PC,findings/boundaries/phase5_save_event_core_member_value_transport.md,,,findings/boundaries/phase5_save_event_core_member_value_transport.md,2026-10-05,"Seq1242identities2windows87instructions303encodedbytes/rawdataRTTI0; main46/195 then freshleaf41/108 after local transport PASS. Personal PE/ASM and explicit41row named-schema comparison before promotion. Getter-result occurrences/I/R/P, values and generations separate; name associations SI only. Untyped interleaved bit copies, not owning-reference transport/cleanup/success/finaluse/safe retirement. DF/validity/alias/frame integrity explicit; no getter/upstream/helper/constructor/GOG/runtime widening. All70+18/original failures/corrections/NOTPASS retained; Phase5ACTIVE/noPhase6."
C0236,selected_untyped_core_member_value_copy_not_pointee_retirement,"0072A470 saves rawR/loadsP and interleaves eight DWORD transfers R8..24 toP0..1C; reloadsR/P, REP20DWORDs R+A0 toP+20. Conditional DF0 gives112-byte destination footprint; no in-body cleanup/free/refcount/call/branch/explicitclear; residualEAX notsuccess andRET4 onlystackreclamation. Alias/frame/validity/domain/gen/lifetime UNKNOWN.",VERIFIED,STEAM_PC,findings/boundaries/phase5_save_event_core_member_value_transport.md,,,findings/boundaries/phase5_save_event_core_member_value_transport.md,2026-10-05,"Seq1242identities2windows87instructions303encodedbytes/rawdataRTTI0; main46/195 then freshleaf41/108 after local transport PASS. Personal PE/ASM and explicit41row named-schema comparison before promotion. Getter-result occurrences/I/R/P, values and generations separate; name associations SI only. Untyped interleaved bit copies, not owning-reference transport/cleanup/success/finaluse/safe retirement. DF/validity/alias/frame integrity explicit; no getter/upstream/helper/constructor/GOG/runtime widening. All70+18/original failures/corrections/NOTPASS retained; Phase5ACTIVE/noPhase6."
C0237,STEAM00404390 sharedallocationboundary,Ownbody returns saved nonzero allocation after zero-fill and opaque00403690 receiver acquisition then0040CF30 operand adapter; null repeats exactsingleton failurediagnostic. Trackingtype/operandcontinuity/ownership/success/free UNKNOWN.,VERIFIED,STEAM_PC,findings/boundaries/phase6_shared_service_qualification.md,,,findings/boundaries/phase6_shared_service_qualification.md,2026-10-05,Phase6 positive localstaticreduction; all88 strongerguards unchanged; no exemplar-wide callerpromotion.
C0238,STEAM00405360/00BD9E58 availableCSingleton<CEvent> cache,Owncachedload or3B9C request/opaqueinitializer/literal0076E858 RTTI-backedtable/publication returns selectedcacheP. Availabletypedconstruction notcurrenttype/allcallerpolicy/ownership/gen/invokedcleanup/free/GOG.,VERIFIED,STEAM_PC,findings/boundaries/phase6_shared_service_qualification.md,,,findings/boundaries/phase6_shared_service_qualification.md,2026-10-05,Phase6 positive localstaticreduction; all88 strongerguards unchanged; no exemplar-wide callerpromotion.
C0239,STEAM0040EDE0/00BDA0CC availableCSingleton<CFunc> cache,Owncachedload or18request/fieldinitialization/literal0076FEE8 RTTI-backedtable/publication returns selectedcacheP. Service/subsystempolicy/currenttype/gen/ownership/retirement/GOG UNKNOWN.,VERIFIED,STEAM_PC,findings/boundaries/phase6_shared_service_qualification.md,,,findings/boundaries/phase6_shared_service_qualification.md,2026-10-05,Phase6 positive localstaticreduction; all88 strongerguards unchanged; no exemplar-wide callerpromotion.
C0240,STEAMinplacetrackingroot/registeredcallbackroute,00403690 cachedorfixed00BD9E20 return/guard/initializer/atexitregistration;0040CEE0 savedreceiver shellinit/rangeinterfaces; registerednonexport0076D9D0 setsECXfixedroot andJMP0040CE20. CompatiblepointertrackingroleSI; actualcallback/targeteffects/ownership/free/GOG UNKNOWN.,VERIFIED,STEAM_PC,findings/boundaries/phase6_inplace_static_pointer_tracking_root.md,,,findings/boundaries/phase6_inplace_static_pointer_tracking_root.md,2026-10-05,Personalqualifiedstatic scope only; no88guard waived or earlierrecord rewritten.
C0241,STEAM00405690 CRdModel fixedaggregate,"Ownfixedtablewrites/14shaderregions/nestedarrays/state/texture andthreeiteratoroperandtuples support in-placeCRdModel construction, not20-wayfactory. Extent31C notsizeof; shaderbasehierarchies notModelinheritance; allocation/policy/callbacks/ownership/GOG UNKNOWN.",STRONG_INFERENCE,STEAM_PC,findings/subsystems/phase6_crdmodel_fixed_shader_composition.md,,,findings/subsystems/phase6_crdmodel_fixed_shader_composition.md,2026-10-05,Personalqualifiedstatic scope only; no88guard waived or earlierrecord rewritten.
C0242,STEAM00446AF0 eventassociatednumericorganizer,Own0..9selector/reset andtypedacquiredEventCameraCore/gamefadeinterfaces supports sharedtransitionorganizer. IncomingR class/producer/mode unknown; Rvptr untouched; acquiredtables notR lineage; currentgen/ownership/GOG UNKNOWN.,STRONG_INFERENCE,STEAM_PC,findings/boundaries/phase6_event_associated_numeric_transition_organizer.md,,,findings/boundaries/phase6_event_associated_numeric_transition_organizer.md,2026-10-05,Personalqualifiedstatic scope only; no88guard waived or earlierrecord rewritten.
C0243,STEAMregisteredstatictracker selectedshellteardown,Available0040CE20 suppliesR+C andR0 to0074E82B->_freeboundary withC/10/14clears; completeownbodyhasno pointer-entryloop/pointeevirtualdelete. No actualinvocation/success/currentgen/globalpointeeabsence/ownership/GOG.,VERIFIED,STEAM_PC,findings/boundaries/phase6_static_tracker_shell_teardown_and_crdmodel_cache.md,,,findings/boundaries/phase6_static_tracker_shell_teardown_and_crdmodel_cache.md,2026-10-05,"Localownsourceabsence only; counterfactualowned-pointee-loop interpretation disprovenatthisscope, all88guards unchanged."
C0244,STEAM00406EF0/00BD9E60 CSingletonCRdModelcache,Owncachedload or368allocationrequest/base00405690construct/0076F038 wrappertable/publication/return; rawRTTIdeclaresCRdModelbase0. Separatecachedrendererroot fromCRdSceneDraw/CObjectModel; fullpolicy/ownership/lifetime/GOG UNKNOWN.,VERIFIED,STEAM_PC,findings/boundaries/phase6_static_tracker_shell_teardown_and_crdmodel_cache.md; reports/PHASE7_ROOT_PRIMARY_ADJUDICATION_SEQ0209.md,,,findings/boundaries/phase6_static_tracker_shell_teardown_and_crdmodel_cache.md,2026-10-06,"Previouslymissingadditivecanonicalrendererroot; earlierselectedrootacceptance preserved, no all-renderer-root exhaustiveness.; Phase7 seq209 SURVIVES_WITH_QUALIFICATION: rendererroot means renderer-associated available cache/configuration receiver, not active/current authority or owner; C0241/C0243 not whole-claim attacked. maps/PHASE7_ROOT_SERVICE_ADVERSARIAL_LIMITS.md"
C0245,SelectedSTEAM00452928 Eventorganizerreceiver,"Ownwindow PUSHcurrentEBP;00405360 EAX->ECX->00446AF0. AvailableCEventrootproducerassociationSI; currenttype/gen/ownership/EBPvalue unknown, earlierEAX4jumpoutnotselectorproof.",VERIFIED,STEAM_PC,findings/boundaries/phase6_cfunc_bulk_control_and_event_receiver_join.md,,,findings/boundaries/phase6_cfunc_bulk_control_and_event_receiver_join.md,2026-10-05,"Specificown-sourcepositive staticreduction; class/subsystemassociationSI atqualifiedcallercontext, no88guard waiver orPhase5rewrite."
C0246,STEAM CFunc oppositebulkcontrolpair,"OwnR11gate,activeiterator/54chainadmission andu16N2C/exclusiondomain driveNDC40set/clear plusD8samevaluestore, localR10/C updates andseparateU4/physicsrootinterfaces. Fullhumanpolicy/units/GOG/termination/ownership/ABIeffects UNKNOWN.",VERIFIED,STEAM_PC,findings/boundaries/phase6_cfunc_bulk_control_and_event_receiver_join.md,,,findings/boundaries/phase6_cfunc_bulk_control_and_event_receiver_join.md,2026-10-05,"Specificown-sourcepositive staticreduction; class/subsystemassociationSI atqualifiedcallercontext, no88guard waiver orPhase5rewrite."
C0247,STEAM in-place tracker application raw-pointer retirement boundary,Selected00401422getterEAX->ECX00401429/0040CE60 joins fixedtracker to captured-count indexedpointer->_free requests followedbyopaque range boundary. Distinctfromregistered0040CE20 shell-onlyteardown; no pointeevirtualdelete/exclusiveownership/success/gen/quiescence/lastuse/GOG.,VERIFIED,STEAM_PC,findings/boundaries/phase6_tracker_application_raw_pointer_retirement.md,,,findings/boundaries/phase6_tracker_application_raw_pointer_retirement.md,2026-10-05,"SI raw-allocationregistry role from independent allocation/append andretirement facts; C0243exactlocalabsence preserved, no fullshutdownchronology."
C0248,STEAM CTimer cached state shell,"00449480 cached00BE1EA0 allocation0x24->00470880; owninitializer installsCTimer table and zeros fields+04..+14/+20/+21, stores0.0/+18 and1.0/+1C through+21. Direct cachedCTimer/CEvFlag composition; clock units/update/policy/ownership/lifetime/sizeof/GOG UNKNOWN.",STRONG_INFERENCE,STEAM_PC,findings/boundaries/phase6_timer_root_and_bulk_shared_word_interfaces.md,,,findings/boundaries/phase6_timer_root_and_bulk_shared_word_interfaces.md,2026-10-05,Named RTTI/cache construction is direct; timing meaning is not promoted.
C0249,STEAM fixed014940F8 multi-participant interface,"006EAB30 atomically increments or exchanges fixed014940F8 basedlowbyte;006EB0F0 separately tests fixed globals thenpasses014940F8/-1 toopaque00712D50. Shared coordination is a candidate, not proved scheduling/ownership/readiness orPhysicsCore+67CC8 alias.",STRONG_INFERENCE,STEAM_PC,findings/boundaries/phase6_timer_root_and_bulk_shared_word_interfaces.md,,,findings/boundaries/phase6_timer_root_and_bulk_shared_word_interfaces.md,2026-10-05,Exact two-function static participation; opaque helper/other readers/current owner remain unknown.
C0250,STEAM Event stream mode transition coordinator,"Own00441470 decodes two cursor words, gates numeric state changes against acquiredCEvent+34/+38 and runs large mode0/1 integration branches across Event/core/game/camera/message/object interfaces. Event-associated coordinator SI; generic dispatcher/incomingCEvent/grammar/ownership/currentgen/GOG UNKNOWN.",STRONG_INFERENCE,STEAM_PC,findings/boundaries/phase6_event_mode_coordinator_and_cmessage_auxiliary.md,,,findings/boundaries/phase6_event_mode_coordinator_and_cmessage_auxiliary.md,2026-10-05,Repeated cache construction explains fanout; no universal Event layer claimed.
C0251,STEAM local state handler with CMessage auxiliary,Own0063ED30 tests incoming stack selector and usesS+4 receiver-relative state on selector0; all eight0076F6B4 writes follow fresh00404390 allocator results and publish00BDA000. Local state-handler/auxiliary SI; incoming table/producer/manager/root/cluster-wide membership UNKNOWN.,STRONG_INFERENCE,STEAM_PC,findings/boundaries/phase6_event_mode_coordinator_and_cmessage_auxiliary.md,,,findings/boundaries/phase6_event_mode_coordinator_and_cmessage_auxiliary.md,2026-10-05,Allocator-result tablewriter provenance VERIFIED; actualincomingtable UNKNOWN notDISPROVEN; no memberwide/classidentity promotion.
C0252,STEAM fixed-word opaque-hook mask/update wrapper,"Complete00712D50 calls opaque00712D80, captures [P], stores [P] AND mask from stack after reload, calls opaque00712DB0 and returns pre-store [P]. In retained014940F8/-1 use the visible mask transform is identity; synchronization/admission/ownership/Core+67CC8 alias remain UNKNOWN.",VERIFIED,STEAM_PC,findings/boundaries/phase6_event_incoming_and_fixed_word_mask_wrapper.md,,,findings/boundaries/phase6_event_incoming_and_fixed_word_mask_wrapper.md,2026-10-05,Local body fact only; no hook-body expansion or concurrency inference.
C0253,STEAM fixed-word mutex API bracket qualification,"00712D80 lazily publishes unchecked CreateMutexA(NULL,FALSE,NULL) result to014B0068 thenWaitForSingleObject(current,-1);00712DB0 ReleaseMutex(current). Accepted00712D50 brackets localRMW with these attempts. Success/serialization/admission/coordination/Corealias/callback0148132C join UNKNOWN.",VERIFIED,STEAM_PC,findings/boundaries/phase6_fixed_word_mutex_hook_qualification.md,,,findings/boundaries/phase6_fixed_word_mutex_hook_qualification.md,2026-10-05,Fresh62byte/source/importpersonalreplay; genericplumbing inference separate; no scheduling/service claim.
C0254,STEAM short receiver and Demo boolean gate,"0042D010 returnsEAX1 iff receiver+44 bit40000clear,receiver+34zero andfixed008A6074 bit31clear; otherwiseEAX0. Ownbody no writes/calls. CEventcompatibleuseSI; coherentgeneration/tasksuccess/scheduling UNKNOWN.",VERIFIED,STEAM_PC,findings/boundaries/phase6_short_gate_and_record_scan_qualification.md,,,findings/boundaries/phase6_short_gate_and_record_scan_qualification.md,2026-10-05,"Exact36bytes; refines knownEvent/Demo taskgate, not newtopology."
C0255,STEAM relative record stride90 local scan,"00417C40 obtainsB=[ECX+4], relativeB+68-orNULL, WORDcountB+2A, passescandidate/originalarg toopaque0040ECB0, advances90hex, returnsfirstzero-resultindex or-1 andRET4. Typedproducer/comparator semantics/ownership/stablecount UNKNOWN.",VERIFIED,STEAM_PC,findings/boundaries/phase6_short_gate_and_record_scan_qualification.md,,,findings/boundaries/phase6_short_gate_and_record_scan_qualification.md,2026-10-05,Exact84bytes; local scan qualification not a newmanager/dispatcher.
C0256,STEAM optional callback word second delivery context,"006BB0F0 publishes stackDWORD to0148132C;00401080 qsorts8-byte records and on signedkey<10 calls current0148132C then currentpayload+44 with(payload,12h,incoming stack DWORD), drains count/flag; known narrow optional pre-callback transport second untyped client, not new service. Producer/typed target/generation/effects/cadence UNKNOWN.",STRONG_INFERENCE,STEAM_PC,findings/boundaries/phase6_optional_callback_record_delivery.md,,,findings/boundaries/phase6_optional_callback_record_delivery.md,2026-10-05,No direct00402870 call and no native-task event18 identity.
C0257,STEAM CEvThreadEx virtual mode coordinator,0043D400 exact slot3 of RTTI CEvThreadEx table007721DC; receiver ECX retained in ESI; primary16-entry and nested computed dispatches mutate receiver flags/counters and consult distinct cached CEvent00BD9E58. Role CEvThreadEx virtual mode coordinator SI; incoming provenance/cadence/ownership/mode meanings/runtime/GOG UNKNOWN.,STRONG_INFERENCE,STEAM_PC,findings/boundaries/phase6_ceventhreadex_virtual_mode_coordinator.md,,,findings/boundaries/phase6_ceventhreadex_virtual_mode_coordinator.md,2026-10-05,Own body/table/RTTI direct; no callee expansion.
C0258,STEAM Camera source extent/count discrepancy,Function metadata/body_bytes5125 vs selected envelope width5838 with5836 defined ASM bytes and2byte gap; 711-byte instruction-cardinality shortfall cannot be assigned without exact Ghidra body address set. No Camera promotion and no sequence141/142 claim affected.,STRONG_INFERENCE,STEAM_PC,findings/boundaries/phase6_camera_source_geometry_residual.md,,,findings/boundaries/phase6_camera_source_geometry_residual.md,2026-10-05,"Geometry residual, not semantic role claim; excluded neighbor remains excluded."
C0259,GOG CGame cached accessor,"GOG0040A2F0 exact cached00BDA004 accessor: null path requests838E30, initializes, writes RTTI-typed CSingleton<CGame> table0076F66C, publishes; build-specific cache/accessor not new service and no Steam homology.",VERIFIED,GOG_PC,findings/boundaries/phase6_gog_cgame_accessor_qualification.md,,,findings/boundaries/phase6_gog_cgame_accessor_qualification.md,2026-10-05,No owner/destructor/currentgen/Steam address transfer.
C0260,STEAM acquired Game paired masked words,"004FD860 callsacceptedCGamegetter0040A320, readsacquiredresult+8C5C8/+8C5CC intoEAX/EDX, ANDs twoincomingDWORDs andRET8. Localpair notnormalizedboolean; 64bitintersectionABI SI, coherentgeneration/fieldpolicy/ownership/cadence UNKNOWN.",VERIFIED,STEAM_PC,findings/boundaries/phase6_cgame_mask_pair_and_resource_tuple_wrapper.md,,,findings/boundaries/phase6_cgame_mask_pair_and_resource_tuple_wrapper.md,2026-10-05,Own30bytes only; no newroot/service/allcallersemantics.
C0261,STEAM cold receiver selector/control andinlinechild boundary,"Own00507BA0 holdsincomingS, branchesonacquiredGame+8CA12, writesreceiverstate andhasauxiliaryCFunc tablewriterlineage independentofS. Selected00507E05 receivesECX=S+80C/stack0 atacceptedCMustachesAdmin ensure-childendpoint. Localsetup/control andinlinecompatibleuse SI; actualStype/runtimealias/owner/generation/cadence/typed effects UNKNOWN.",STRONG_INFERENCE,STEAM_PC,findings/boundaries/phase6_cold_receiver_control_and_thread_initializer_prefix.md,,,findings/boundaries/phase6_cold_receiver_control_and_thread_initializer_prefix.md,2026-10-05,No CFuncincomingtype byfeature orCPlayer byoffset. Known0044C060 ignoresincomingECX; no supportbodyreopen.
C0262,STEAM CEvThreadEx literal table/reset prefix,"Selected0042D3B071bytes copyECXtoEAX, install007721DC, zeroreceiverDWORD4/B8/9C/C0/A8,WORD AE/BC,BYTE A7/A2/A3; highestwriteextentC4. EndnoRET conflictswithindexeddecompileextraB0zero/98one/return; completeconstructor/producer/invocation/owner/root UNKNOWN.",VERIFIED,STEAM_PC,findings/boundaries/phase6_cold_receiver_control_and_thread_initializer_prefix.md,,,findings/boundaries/phase6_cold_receiver_control_and_thread_initializer_prefix.md,2026-10-05,Prefixfacts only; functionownership UNKNOWN retained.
C0263,STEAM CEvThreadEx raw-only available reset continuation,"Explicitgap0042D3F7..0042D410 yields exactrawWORD[EAX+B0]=DX0,BYTE[EAX+98]=1,RET atD405,15bytes/3instructions. Combinedretained71prefix givesavailablelinear86byte reset/returnpath, whileexport71/ASM omissionremainunchanged. Actualbodymembership/invocation/owner/generation/scheduling UNKNOWN.",VERIFIED,STEAM_PC,findings/boundaries/phase6_evthreadex_raw_available_reset_path.md,,,findings/boundaries/phase6_evthreadex_raw_available_reset_path.md,2026-10-05,"No afterRET/padding/nextfunction acquisition; manualtransparentx86encodingcheck, notdecompiler-only proof."
C0264,STEAM intended static CEvThreadEx vector constructor transport,"Orphan0076AC60..AC87 pushes(00BDC960,C4,50,0042D3B0,0042BA30) tonamedCRT0074E836 and0076DBA0 toatexit. Intended80elementCEvThreadEx initializationvector SI fromrawconstructor/table/stride; directctorinvocation/ABI/currentcontents/owner/success/generation/cadence UNKNOWN. No14-regionjoin.",STRONG_INFERENCE,STEAM_PC,findings/boundaries/phase6_static_thread_vector_and_demo_level_configuration.md,,,findings/boundaries/phase6_static_thread_vector_and_demo_level_configuration.md,2026-10-05,Noorphanfunctioninvented;39bytes/firstRETonly.
C0265,STEAM Demo selected Level configuration andpublication,"0041D970 CDemo+8 numericrequest maps1..91 into16slots/15targets; selectedroute usesCLOUDliteral/CRdData-result unknownnameboundary, selector28CLevel-compatibleEAX->ESI, knownrecord1C/modelrebind/genericinitialcallbackinterfaces, thenESIbits->008A63E4+4*current008A6704/countincrement. SI configuration/cohort boundary, notXMDparser/loader/success/ownership/currentgen.",STRONG_INFERENCE,STEAM_PC,findings/boundaries/phase6_static_thread_vector_and_demo_level_configuration.md,,,findings/boundaries/phase6_static_thread_vector_and_demo_level_configuration.md,2026-10-05,Corrected914/3614definedscope/gap3/rawenvelope3617; nofieldD8/DC-pointer orCRdMesh/Picturetransfer.
C0266,STEAM coldreceiver incoming lookup-register transport,Selected005D4F08 aftercurrent008A9BA4word/current00BD7670/PUSH boundarycalls006C5FD0; postcallEAX->ECX005D4F0D directlyfeeds00507BA0 at005D4F0F. Registertransport VERIFIED; returnedtype/Playeridentity/stackdisposition/lookupsuccess/generation UNKNOWN.,VERIFIED,STEAM_PC,findings/boundaries/phase6_static_thread_vector_and_demo_level_configuration.md,,,findings/boundaries/phase6_static_thread_vector_and_demo_level_configuration.md,2026-10-05,67containedbytesin69cap; no outsidecaller/helper body andno DISPROVENtype bylackofproof.
C0267,STEAM CRdData named-index conditional counter/pending request,"006B28F0 exact23/58 savesentryECX, callsacceptednamed-control helper(firstword,1,0), theniff signedactualEAX K>=0 callsacceptedcounter/pending helper(K,0,secondword) on savedECX; RET8/no normalization. No safe release/loader/parser/success/typegen/CEvThreadEx join.",VERIFIED,STEAM_PC,findings/boundaries/phase6_named_resource_request_and_cold_source_qualification.md,,,findings/boundaries/phase6_named_resource_request_and_cold_source_qualification.md,2026-10-05,"Accepted exact callee and selected typedcaller scopes reused, not reacquired; old general release label not DISPROVEN."
C0268,STEAM three static-address cohorts published into current getter-result cells,"00446890 own599bytes publishes32 addresses00BDBEE0+54*i at each00408960-result+10EC+4*i,80addresses00BDC960+C4*i at116C+4*i,384addresses00BE06A0+10*i atAEC+4*i. Static nominal geometry only; separatelyreacquired results not joined. No source element read/invoke/owner/gen/success.",VERIFIED,STEAM_PC,findings/boundaries/phase6_static_vector_address_publication_and_abi.md,,,findings/boundaries/phase6_static_vector_address_publication_and_abi.md,2026-10-05,Main175/599/gap3excluded; current destination/table/element identity unknown.
C0269,STEAM intended CEvThreadEx vector address-table and compiler ABI composition,Exact00BDC960/C4/80 consumerpublication matches accepted39byte staticrequest andavailable71+15 initializer; own77 CRT slot/ECX mechanics support intended CEvThreadEx-vector-to-CEvCore-associated address-table composition SI. Not a newmanager/root/scheduler/currentinitializedelement/virtualinvocation/ownership/runtime guarantee.,STRONG_INFERENCE,STEAM_PC,findings/boundaries/phase6_static_vector_address_publication_and_abi.md,,,findings/boundaries/phase6_static_vector_address_publication_and_abi.md,2026-10-05,"ABI frame support/ESI-return conditions and recovered00408960 naming explicit; fifthslot ordinaryuse absent, exception cleanup unknown."
C0270,STEAM independently typed static process/data cohorts,Own36/39orphan requests match32*54/384*10 publication; available16/9 callbacks installrawCEvProcessEx/CEvDataEx tables. SI intendedthreecohortcomposition withaccepted80*C4CEvThreadEx; no liveelements/owner/runtime/scheduling/formatidentityjoin.,STRONG_INFERENCE,STEAM_PC,findings/boundaries/phase6_core_typed_root_descriptor_and_static_cohorts.md,,,findings/boundaries/phase6_core_typed_root_descriptor_and_static_cohorts.md,2026-10-05,Selectedfinite primaryscope; failures/source/runtime/88guards preserved.
C0271,STEAM CEvCore available cached type/acquisition,00408960 own35/115 returnsloadednonzero00BD9FE8 oraccepted13ECrequest/opaque0070D150/table0076F2BC/publication-or0. RawRTTI namesCSingleton<CEvCore>/CEvCoreoffset0/CEvManage+4; currentcachedtype/gen/owner/init/success/lifetimeUNKNOWN.,VERIFIED,STEAM_PC,findings/boundaries/phase6_core_typed_root_descriptor_and_static_cohorts.md,,,findings/boundaries/phase6_core_typed_root_descriptor_and_static_cohorts.md,2026-10-05,Selectedfinite primaryscope; failures/source/runtime/88guards preserved.
C0272,STEAM fiveword relative-header configuration and pairhandoffs,"0070D3E0 usesP0/currentR12AC independentreloads for12AC/12B0/12B4 then(P1,P2) andpostopaque-call(P3,P4) pairhandoffs;RET4/EAX1. Selectedresource19F3/Gameinterior/counttuple consumed, notschema/parser/coherence/success/ownership.27bytefollowup onlysame-receiver twoopaque calls.",VERIFIED,STEAM_PC,findings/boundaries/phase6_core_typed_root_descriptor_and_static_cohorts.md,,,findings/boundaries/phase6_core_typed_root_descriptor_and_static_cohorts.md,2026-10-05,Selectedfinite primaryscope; failures/source/runtime/88guards preserved.
C0273,STEAM menu-facing record reintegration/control bridge,00620480 own3082/menusstrings/dispatch structure supportsSI UI/resource/shared-record/preservation/fade bridge. State12 submitsdefaultplus27indexed45CC0copyrequests thennewGame80000bit/localstate2. ActualS/cadence/type/gen/copy/restore/success/virtual30/owner/lastuseUNKNOWN.,STRONG_INFERENCE,STEAM_PC,findings/boundaries/phase6_menu_shared_record_phase_bridge.md,,,findings/boundaries/phase6_menu_shared_record_phase_bridge.md,2026-10-05,Selectedfinite primaryscope; failures/source/runtime/88guards preserved.
C0274,GOG CRdModel fixed aggregate initialization,00405650 own193/1040/rawCRdModel table/fixed14shaderregions/nestedarray/tailwriteextent31C supportsSI aggregateinitializer; ownmultitablefactory/root hypothesis collapses. Noalloc/currentowner/callerlifecycle/normalcompletion/shadersemantics/success/Steamhomology.,STRONG_INFERENCE,GOG_PC,findings/subsystems/phase6_gog_crdmodel_fixed_aggregate_qualification.md,,,findings/subsystems/phase6_gog_crdmodel_fixed_aggregate_qualification.md,2026-10-05,Selectedfinite primaryscope; failures/source/runtime/88guards preserved.
C0275,STEAM available local member/request/index/stack mechanics,"37/37 setters alwayswrite3C/34; signedpositivearg1 onlywrites40/38, nonpositivepreservescompanion.71 rawzero-gated current3C/40 request thennormalreturn/postcall34/38shift2 request.183 nominal80/32 opaquehelperEAX->directECX handoffs/localstores.20 entrystackw0->ECX/w1w2stack;entryECXignored.",VERIFIED,STEAM_PC,findings/boundaries/phase6_core_member_requests_reviewed_seq0158.md,,,findings/boundaries/phase6_core_member_requests_reviewed_seq0158.md,2026-10-05,Firstpromotion158 afterindependentreplay;155failedprewrite. No joinedgen/type/sourcebank/calleeeffect/success/owner/runtime/lastuse.
C0276,STEAM conditional relative-member Core-compatible configuration/request surface,"AcceptedindependentGame-interior/positive306-C7 bindings writeCore-compatible3C/40 and34/38; laterseparatelyacquiredreceiver raw-gated requests use same-relativecurrentmembers. SI conditional producer/consumer interface, notobservedpersistedbinding. Ifsamegen/valuespersist, nominal306/31C requestedextents only.",STRONG_INFERENCE,STEAM_PC,findings/boundaries/phase6_core_member_requests_reviewed_seq0158.md,,,findings/boundaries/phase6_core_member_requests_reviewed_seq0158.md,2026-10-05,No E0=E1/G1=G2/gen/schema/extent/reset/success/ownership/runtime proof; intervening183 andpostcallreload retained. BND244 direction unsupported/unpromoted.
C0277,STEAM current indexed word lookups and fixed receiver recipes,"27/27 returnDWORD[R+116C/10EC+4*U16(I)],RET4unchecked.247 fixedstores thenR+4 directcall;199 fixedprefix/R+4 arg2 call thennormalreturntailstores.85 tworesultgates/EAXwordstore/codeaddressliteral handoff. Own targetbodies no vptr/indirectdispatch/typeproof.",VERIFIED,STEAM_PC,findings/boundaries/phase6_core_current_bank_and_fixed_recipes_seq0160.md,,,findings/boundaries/phase6_core_current_bank_and_fixed_recipes_seq0160.md,2026-10-05,Own585 only; no currentsource/type/gen/reset/success/runtime/owner guarantee; 199 callorderqualified.
C0278,STEAM conditional32/80 publication-layout indexedconsumer composition,"Currentlookup offsets matchaccepted32cells10EC..1168 and80cells116C..12A8; nominal80/32 caller loops takeimmediateword asECX forfixedrecipes. SI availableinterface composition ifpublishedvaluespersist/samegen, notactualtypedstaticcontents/ownership/scheduling.",STRONG_INFERENCE,STEAM_PC,findings/boundaries/phase6_core_current_bank_and_fixed_recipes_seq0160.md,,,findings/boundaries/phase6_core_current_bank_and_fixed_recipes_seq0160.md,2026-10-05,Accepted32/80/384 scopepreserved; no sharedroot/generation orCEvThreadEx/ProcessEx actualtype guarantee.
C0279,STEAM rank11 ownedgeometry andavailablecamera publication,Headerowned1457/5125 bytes qualify00522D50;711orphan+2gap excluded. Ten1AC requests/conditional007721BC installs/00BE1EA4 publications; rawCSingleton<CCamera> RTTI. Two25cell maps selectown arms fromraw20..44 selectorvalues.,VERIFIED,STEAM_PC,findings/boundaries/phase6_object_core_camera_local_control_seq0160.md,,,findings/boundaries/phase6_object_core_camera_local_control_seq0160.md,2026-10-05,Owninstruction/tablemechanics only; no completealgorithm/gapjoin/currentcachetype/gen/init/success/owner/runtime.
C0280,STEAM selected existingObject/Core/Game/Input/Camera local control composition,"Openingobject-resultESI; consecutiveEvent/Core acquisitions withno EventEAX-to-Coretransfer;CoreEAXreceiver34/5 opaqueoperation fullEAXbranch precedesselectedGame/Input/object-gated syntacticcamera path. SI localexistingrootcontrol seam, notnewmanager/service/scheduler.",STRONG_INFERENCE,STEAM_PC,findings/boundaries/phase6_object_core_camera_local_control_seq0160.md,,,findings/boundaries/phase6_object_core_camera_local_control_seq0160.md,2026-10-05,71instructionwitness not runtime/pathfeasibility; separatecameraorigin/currentgen/type/owner/meaning/lastuse UNKNOWN.
C0281,STEAM selectedCore-compatible index/strictbit interfaces,"Own34 returnsDWORD[currentU12B4+(A<<5)]+I mod2^32. Own87 selectsnonzeroBrawbase elsecurrentU3C, signedQ>>3byteoffset/Q&7bit, returnsstrict0/1. No externalwrites/directglobal/type/bounds.",VERIFIED,STEAM_PC,reports/PHASE6_RETAINED_BRANCH_ADJUDICATION_2026-10-05_SEQ0164.md,,,reports/PHASE6_RETAINED_BRANCH_ADJUDICATION_2026-10-05_SEQ0164.md,2026-10-05,Configuredreceiver-use identity/preservation/bitmeaning UNKNOWN; closedC0221 contextonly.
C0282,STEAM rank20 selected stack/global/return-relative interface,"Stackw0savedEBP/low8w1 routes0/1/18; global14dispatch selectedarm rawEBX stores/exclusions, conditionalREP28DWORDstarts andnamedmemset request. GlobalDWORDsum->signedFILD/singleFSTP->Game-compatibleECX/005FAC00; laterSslot30.",VERIFIED,STEAM_PC,reports/PHASE6_RETAINED_BRANCH_ADJUDICATION_2026-10-05_SEQ0164.md,,,reports/PHASE6_RETAINED_BRANCH_ADJUDICATION_2026-10-05_SEQ0164.md,2026-10-05,RawEBX/DF/calleeABI qualified; no currentGamecoherence/validextent/zeroinvariant/clearresult/reward/savecommit/runtime.
C0283,STEAM rank20 localpresentation/sharedGame composition,"Selectedstrings/CMessageauxiliary plus stack/localstate andGame-compatible return-relative mutations supportlocalpresentation/sharedstate seam, notpuredisplay ornewmanager/controlroot.",STRONG_INFERENCE,STEAM_PC,reports/PHASE6_RETAINED_BRANCH_ADJUDICATION_2026-10-05_SEQ0164.md,,,reports/PHASE6_RETAINED_BRANCH_ADJUDICATION_2026-10-05_SEQ0164.md,2026-10-05,No typedincomingS/ownership/retention/policy/newcross-subsystemboundary; opaqueadmission/numericconsumer remain.
C0284,GOG CEvThreadEx slot3 and separateCEvent table relationship,Raw007721CC CEvThreadEx slot3=0043D480/declaredThread0-Flag4; own4651 ECX->ESI/localcomputedcontrol andseparate00BD9E58/0076E848 wrapperEvent0-Manage4 interface.,VERIFIED,GOG_PC,reports/PHASE6_RETAINED_BRANCH_ADJUDICATION_2026-10-05_SEQ0164.md,,,reports/PHASE6_RETAINED_BRANCH_ADJUDICATION_2026-10-05_SEQ0164.md,2026-10-05,67+29gapsexcluded. BoundedSteamcorrespondenceSIonly/no formalhomology/parity/currentconstructedinstance/scheduling.
C0285,STEAM availableWeather cache/table/base graph,Own115 nonzerocache00BDA0F4 return; zero18E0request/nonzeroopaque00471C50ECX/007702BCinstall/ESI-or0publication. RawtabledeclaresCSingleton<CWeather>0/CWeather0/CEvFlag4.,VERIFIED,STEAM_PC,reports/PHASE6_RETAINED_BRANCH_ADJUDICATION_2026-10-05_SEQ0164.md,,,reports/PHASE6_RETAINED_BRANCH_ADJUDICATION_2026-10-05_SEQ0164.md,2026-10-05,Requestnotsizeof/currentacquisition/owner/lifetime/runtime. World/Effects consumerintegration UNKNOWN; no newsubsystem/displacement.
C0286,STEAM CEvCore availableinitializer own436 mechanics,SavedR:+4basecall before008276A4store;13fixedinteriorreceiverrequests; selectedAA8/AA9/AAC/AA4/12B8/24/AC0 stores; R->0070D6F0 before0070E4C0; normalreturntwo4DWORDzero regionsA6C/A7C andEAX=R.,VERIFIED,STEAM_PC,findings/subsystems/phase6_cevcore_available_constructor_composition.md,,,findings/subsystems/phase6_cevcore_available_constructor_composition.md,2026-10-05,RawtabledeclaresCEvCore0/CEvManage4. No opaquehelper/exception/runtime/currenttype/owner/sizeof proof.
C0287,STEAM selectedCEvCore inlineconstruction surface,"Savedreceiver/tableinstallation/interiorrequests/returnR plusacceptedwrappercall supportsavailableCEvCoreconstructor/in-placecomposition refinement, notnewmanager/service/factory.",STRONG_INFERENCE,STEAM_PC,findings/subsystems/phase6_cevcore_available_constructor_composition.md,,,findings/subsystems/phase6_cevcore_available_constructor_composition.md,2026-10-05,13distinctstartoffsets are not13typedownedclasses; no current+3C/+12B4/configuration-query generation/cohorttype/scheduling join.
C0288,STEAM selectedWeatherconsumer546 interfaces,Eleven00418460 returns: sevenimmediaterelative+4bit/RMW or+1270byteread paths andfourEAX->ECX opaque00472D00/00472240/00471E30/00471450 requests. Separateselector5 CMapstaticECX requestarm containsno Weatherreturnjoin.,VERIFIED,STEAM_PC,reports/PHASE6_INDEPENDENT_CLUSTER_SYNTHESIS_2026-10-05_SEQ0167.md,,,reports/PHASE6_INDEPENDENT_CLUSTER_SYNTHESIS_2026-10-05_SEQ0167.md,2026-10-05,Own159/546; no namedbits/typedcallee/currentrootgeneration/World-effect/Event topology/owner/runtime.
C0289,STEAM independentinput-native1862 localcontrol,SavedR70 unsigned0..6 seven-targetdispatch; existingCInputgetter/query EAXbranch gateslocalR68/6C/70 transitions andseparateGame-compatible return-relative scans. Twoformat/localbufferrequests; directglobalbyte/mask transport.,VERIFIED,STEAM_PC,reports/PHASE6_INDEPENDENT_CLUSTER_SYNTHESIS_2026-10-05_SEQ0167.md,,,reports/PHASE6_INDEPENDENT_CLUSTER_SYNTHESIS_2026-10-05_SEQ0167.md,2026-10-05,Own536/1862; physicalinput/receiverclass/currentrecordgen/helperload/policy/success/runtime UNKNOWN.
C0290,STEAM independentCamera4713 localcontrol/cache surface,Owned1246/4713 includes12available1ACrequest/conditionalCamera007721BC install/cache00BE1EA4 motifs;008C5388 minus1/unsigned21 bound/34bytemap/5targets;selectedopaquelookup resultECX->00528F40.,VERIFIED,STEAM_PC,reports/PHASE6_INDEPENDENT_CLUSTER_SYNTHESIS_2026-10-05_SEQ0167.md,,,reports/PHASE6_INDEPENDENT_CLUSTER_SYNTHESIS_2026-10-05_SEQ0167.md,2026-10-05,Notnewroot/sizeof/currentobjects/typedPlayer/resourcebridge/owner/runtime; ownrawtable identity only.
C0291,STEAM sharedGame-associated readonlybit query,"Own12 returnsstrict0/1 frombit1 ofcurrentDWORD[incomingECX+8C5EC],plainRET; no calls/directglobal/externalwrite/guards/type.",VERIFIED,STEAM_PC,reports/PHASE6_INDEPENDENT_CLUSTER_SYNTHESIS_2026-10-05_SEQ0167.md,,,reports/PHASE6_INDEPENDENT_CLUSTER_SYNTHESIS_2026-10-05_SEQ0167.md,2026-10-05,Receiver/flagmeaning/currentgen remainsUNKNOWN; priorselectedGamecaller context notall159users proof.
C0292,STEAM independentlocal integration/control roles,"Weathercompatiblelocalreceiver requests,input-gatedUI selection andknownCamera/presentationcontrol refineexistinginterfaces; highfanout/localtables do notestablishnewroot/genericdispatcher/manager/subsystemboundary.",STRONG_INFERENCE,STEAM_PC,reports/PHASE6_INDEPENDENT_CLUSTER_SYNTHESIS_2026-10-05_SEQ0167.md,,,reports/PHASE6_INDEPENDENT_CLUSTER_SYNTHESIS_2026-10-05_SEQ0167.md,2026-10-05,Boundednegative topology result notDISPROVEN universalarchitecture; all opaque/currenttype/gen/ownership/runtime guards preserved.
C0293,STEAM untyped7DC guardedcache acquisition interface,"Own122 cache00BD9E54nonzerobypass;zero7DCallocationrequest;nonnullEAX->ECX/opaque00403360; postcallEAXpublication+return, firstresultzeroexplicit0publication. No owntype/table/collection semantics.",VERIFIED,STEAM_PC,reports/PHASE6_ROOT_COUNTERFACTUAL_SYNTHESIS_2026-10-06_SEQ0169.md,,,reports/PHASE6_ROOT_COUNTERFACTUAL_SYNTHESIS_2026-10-06_SEQ0169.md,2026-10-06,Notoriginalallocationalias/currentroot/service/class/owner/gen/lifetime/scheduling/success. Firstnewedge00403360.
C0294,STEAM availableCRdInput typedcache/table graph,Own112 zero10request/nonzeroESIopaque006E1750/table0076E830install/cache00BD9E44publication; rawRTTIdeclaresCSingleton<CRdInput>0/CRdInput0.,VERIFIED,STEAM_PC,reports/PHASE6_ROOT_COUNTERFACTUAL_SYNTHESIS_2026-10-06_SEQ0169.md,,,reports/PHASE6_ROOT_COUNTERFACTUAL_SYNTHESIS_2026-10-06_SEQ0169.md,2026-10-06,Newboundedtypedidentity notcompleteinputbackend/currentinstance/sizeof/owner/retirement/runtime orrelationtoCInput.
C0295,STEAM selectedexistingroot gating/query/Corefallback transport,Own153 sevenseparateGame-compatible834FE0 comparisons0/42/43/44/4F/55/5C;S+C pluscurrent00BD7670->006C5FD0; nonzeroEAXreturn elseindependentGameU16(9906C)/Core-compatibleECX->00710030.,VERIFIED,STEAM_PC,reports/PHASE6_ROOT_COUNTERFACTUAL_SYNTHESIS_2026-10-06_SEQ0169.md,,,reports/PHASE6_ROOT_COUNTERFACTUAL_SYNTHESIS_2026-10-06_SEQ0169.md,2026-10-06,Opaquequery/fallbackeffect/currentgen/types/returnmeaning UNKNOWN; nogenericdispatcher/newmanager/runtime.
C0296,STEAM highfanin124 receiverinitialization recipe,Own124 stackw0->R0;eightindependent014812B8/BC/C0/C4 wordloads->R4..20;R24float0/R28..38+40DWORD0/R3C-1/R44WORD1000;returnR RET4.,VERIFIED,STEAM_PC,reports/PHASE6_ROOT_COUNTERFACTUAL_SYNTHESIS_2026-10-06_SEQ0169.md,,,reports/PHASE6_ROOT_COUNTERFACTUAL_SYNTHESIS_2026-10-06_SEQ0169.md,2026-10-06,Readonlyglobals/unconditionalownstores;58callerfan-in notroot/manager; no fieldtype/owner/equalvalues/sizeof.
C0297,STEAM rootcounterfactual architecture qualification,TypedCRdInput cacheidentity anduntyped7DCguardedacquisition addexactavailableloci requiringconsumer/type qualification. Sevenvaluequery/Corefallback and124recipe collapsemanager/dispatcher counterfactuals atownscope.,STRONG_INFERENCE,STEAM_PC,reports/PHASE6_ROOT_COUNTERFACTUAL_SYNTHESIS_2026-10-06_SEQ0169.md,,,reports/PHASE6_ROOT_COUNTERFACTUAL_SYNTHESIS_2026-10-06_SEQ0169.md,2026-10-06,Counterevidence toblanketconvergence/exhaustion; no newsubsystem/typedbackend/ownership/runtime/boundary/homology.
C0298,STEAM CRdInput available same-receiver construction geometry,Retained006E1750 savedECX=R installs00826CDC and4DWORD1/8DWORD0/Cfloat0; finalEAX=R. Acceptedgetter supplies savednonzeroESI asECX thenoverwrites sameESI0 with0076E830 andpublishesESI to00BD9E44. Both declaredtable graphs shareCRdInput descriptor/type atmdisp0.,VERIFIED,STEAM_PC,findings/subsystems/phase6_crdinput_available_construction.md,,,findings/subsystems/phase6_crdinput_available_construction.md,2026-10-06,Available normal-path recipe only. No service/currentinstance/gen/owner/runtimeacquisition/sizeof/lifecycle orjoin/nonaliasguarantee withseparate7DC cache. Stopped170agents uncredited.
C0299,STEAM receiver-local numeric control/audio/callback transport,Owned1069 unsignedN-1<=10 selects11 PE-backed targets. Selected N5/6 originalR6770 twoDWORD traversal/current00BD7670 query/nonzeroO->optional0148132C thenreloadedO44 callback withcode76/local1or0. Selected N7/8 acceptedGame-compatible8C5EC OR20/ANDFFFFFFDF andguardedaudio-request-beforelocal--1 stores; explicitreceiverfloat/state writes.,VERIFIED,STEAM_PC,findings/subsystems/phase6_numeric_control_audio_callback_layer.md,,,findings/subsystems/phase6_numeric_control_audio_callback_layer.md,2026-10-06,Operand/control facts only; numericpolicy/Rtype/callbacktarget/effects/currentgen/owner/success/lastuse unknown. Localnewrootcounterfactual deprioritized; otherWorldEvent candidates unclosed.
C0300,STEAM local packed-sequence native-control transport,"Own1507 low8stackw1 branches0/1/18; selectedglobalstate1/2, low-nibble8-entry queries andsequenceDWORDright8publication. Selectedterminalrouteswrite008A93B0 byte1/2 anddelivercurrent008A93AC receiver/code7D/fixed008A93AC address throughoptional0148132C thenreloadedreceiver44. Raw18 deriveslocalASCIIA/B/X/Y bytes; knownCMessage available-cache recipe reused.",VERIFIED,STEAM_PC,findings/subsystems/phase6_native_packed_sequence_control.md,,,findings/subsystems/phase6_native_packed_sequence_control.md,2026-10-06,IncomingS/sequenceproducer/queryeffect/currentcallback/fieldpolicy/generation/ownership/success/cadence unknown. Localhandler-shaped relation SI only; notnamedbuttonchallenge/fullnativeUI dispatcher. Independentothercandidates remainopen.
C0301,STEAM availableCEffectAdmin typedconstruction/cache,Own80 incomingR installsCEffectAdmin0076E7D0 thenCSingleton<CEffectAdmin>0076E850; optionalCMutex-compatibleP/P4CreateMutexArawresult retainedR7D8; R8/EAX0/ECX500 REP operands; finalEAX=R composesacceptedC0293 availabletypedcachepublication.,VERIFIED,STEAM_PC,reports/PHASE6_READINESS_WAVE_SYNTHESIS_2026-10-06_SEQ0179.md,,,reports/PHASE6_READINESS_WAVE_SYNTHESIS_2026-10-06_SEQ0179.md,2026-10-06,Forwardclear conditionalDF0/flatES; normalcallee-preserved ABI only. No actualsize/success/currentinstance/gen/owner/service/lifecycle/synchronization.
C0302,STEAM selectedCRdInput consumer transport,Own543 three locallygated00405270 getterresults immediatelyEAX->ECX006E15F0; getter-time stackwords0/controlFFFF-or8000/0/float10; directselector/record-relativegates. No direct7DCcache/sourcejoin inthisbody.,VERIFIED,STEAM_PC,reports/PHASE6_READINESS_WAVE_SYNTHESIS_2026-10-06_SEQ0179.md,,,reports/PHASE6_READINESS_WAVE_SYNTHESIS_2026-10-06_SEQ0179.md,2026-10-06,Operanduse notformalgetterparameters/backend/service/physicalinput/currentrecord/gen/owner; firstmeaningedge006E15F0 remainsopaque.
C0303,STEAM cursorcontrol Event/itemmanager availablecache interfaces,Own1383 savedR18DWORDlittle-endianconsume/advance beforeopaque00729040; selectedknownCEvent-table/cachepublication; separatezero00BDA0F8 request590/nonzero007702C4install/EAXpublication andsignedEDI16->opaque00456FB0. Raw007702C4declaresCSingleton<CItemManager>; CRdMotiontable stackauxiliarynotRtable.,VERIFIED,STEAM_PC,reports/PHASE6_READINESS_WAVE_SYNTHESIS_2026-10-06_SEQ0179.md,,,reports/PHASE6_READINESS_WAVE_SYNTHESIS_2026-10-06_SEQ0179.md,2026-10-06,No Rtype/fullgrammar/typedbasegraph/currentinstance/service/owner/gen/success/sizeof; auxiliaries notincomingclass.
C0304,STEAM readiness-wave architecture qualification,CEffectAdmin availableconstruction/cache andpreviouslyuntyped00BDA0F8 CItemManagerwrapper publication addboundedtypedidentities. CRdInput localuse andknownEvent/Motion routes refineinterfaces; blanketknown-local/exhaustion disposition is insufficient.,STRONG_INFERENCE,STEAM_PC,reports/PHASE6_READINESS_WAVE_SYNTHESIS_2026-10-06_SEQ0179.md,,,reports/PHASE6_READINESS_WAVE_SYNTHESIS_2026-10-06_SEQ0179.md,2026-10-06,Positiveavailableidentities notcompleteeffect/item/inputservices/newsubsystem/owner/runtime. Readiness168NOT_READY unchanged; finiteusage andindependentlarge sources remain.
C0305,STEAM CRdInput gated requestpair andremembered operands,Own91 savedR4nonzero gate; currentthirdstackDWORDlogical>>6; two006E1840 resultsindependentlyEAX->ECX00735B80/00735BB0 withexplicitstackwordsetup; laterR8currentfirststackDWORD/RCfourthwordfloat;normalEAXR RET10. C0302 availablecallerstack0/controlFFFF-or8000/0/float10 composesnormalgetter ABI.,VERIFIED,STEAM_PC,findings/subsystems/phase6_crdinput_gated_provider_request.md,,,findings/subsystems/phase6_crdinput_gated_provider_request.md,2026-10-06,Notformalhelper/methodconsumption/provideridentity/samegeneration/physicalinput/timeunits/success/serviceowner/runtime. Firsthelper identity remainsfinitequalification candidate.
C0306,STEAM CRdInput requests joinestablishedActuator provider seam,"C0305 two006E1840 results areeachforwarded006E1850 saved0148CA34 samples afteracceptedguardentry/leave. Selectedretainedhelper16/39 andActuatorholder/type/base receipts matchPEASM. ThusselectedCRdInput-compatible directrequests useestablishedActuatorcache operand interface, notnewprovider acquisition inthesegetter bodies.",VERIFIED,STEAM_PC,findings/subsystems/phase6_crdinput_existing_actuator_join.md,,,findings/subsystems/phase6_crdinput_existing_actuator_join.md,2026-10-06,Currenttable/providerinstance/gen/effect/physical/timepolicy/owner/lifecycle/runtime UNKNOWN; separate samples notsamegeneration. ReusedC0205source notnewdiscovery orPhase5scopewidening.
C0307,STEAM independent shared byte150 gated adapter,"Exact15/43 firststackwordP and byteP150=0 gate four ordered PUSH P/direct CALLs0040AE10,0040A970,0040ABF0,0040AC50 then ADDESP10/restoration/RET. Nonzero byte skipscalls. No ownincomingECXread/global/cache/table/root acquisition or explicitEAXassignment.",VERIFIED,STEAM_PC,findings/subsystems/phase6_byte150_four_request_adapter.md,,,findings/subsystems/phase6_byte150_four_request_adapter.md,2026-10-06,Local counterfactual collapse only; opaque transitive effects/type/meaning/ABI/currentgen/owner/success/lastuse remainUNKNOWN. Doesnotclose retainedreadinessquestions.
C0308,STEAM availableEffectAdmin selectedconsumer/resource/setup/registration,Own128 exact004052E0 EAX->ECX00678BA0 joinsacceptedavailabletypedcache; own891 savedR/nonnullD/signedopaqueS/optionalR7D8 wait-result gate/resource scratch B/B20/conditional348request initializerO/localsetup/00BD7670 known006C5AE0 registration/originalRrelease/normalOreturn mechanics.,VERIFIED,STEAM_PC,findings/boundaries/phase6_effectadmin_selected_resource_registration.md,,,findings/boundaries/phase6_effectadmin_selected_resource_registration.md,2026-10-06,No concreteOclass/physicalnonalias/sameG-R-Ogen/DF-ES-ABI/success/format/synchronization/ownership/safety; acceptedctor locator notnewre-audit.
C0309,STEAM boundedEffectAdmin administrative placement,SelectedavailableCEffectAdmin-compatible service has resource/setup/knownactive-registration placement. RD_ROOT59 firstselectedservice responsibility sufficientlybounded; registration-as-newregistry locallysubsumed byknownmanager.,STRONG_INFERENCE,STEAM_PC,findings/boundaries/phase6_effectadmin_selected_resource_registration.md; reports/PHASE7_ROOT_PRIMARY_ADJUDICATION_SEQ0209.md,,,findings/boundaries/phase6_effectadmin_selected_resource_registration.md,2026-10-06,"Not completeeffectservice/newindependentmanager/visualonly policy/runtimeowner.006753E0 policy optionalabsentnewmaterialdependency; overall168NOT_READY andotherfinitebranches unchanged.; Phase7 seq209 SURVIVES_WITH_QUALIFICATION: establishedactive manager means available established active-object registration implementation via app-root operand, not current coherent owned manager; registration EAX savedmanager bits, caller normalresult independentlyO. maps/PHASE7_ROOT_SERVICE_ADVERSARIAL_LIMITS.md"
C0310,STEAM independenttwo-tier receiver control andauxiliary itemcache,Retained4857 exactlowbyte0C..2B remap andsignedP4 inner2778..2793 remap/tables/localRmutations; commontail00483520 onR withoriginalfullW0/P. Selectedzero00BDA0F8 known590allocatorresult/table007702C4/publication thenraw9C00457E70 resultQ/resource-to-currentQtable54/opaque006C5FB0->RD4C mechanics. AuxwrappernotRclass.,VERIFIED,STEAM_PC,findings/subsystems/phase6_two_tier_receiver_control_item_cache.md,,,findings/subsystems/phase6_two_tier_receiver_control_item_cache.md,2026-10-06,Producer-opaque scoutE subsumedacceptedC0237 interface viaretained28/70 replay; no9excludedbytecredit. TypedR/Q/factory/currentgen/grammar/success/owner/retirement UNKNOWN; finite242cacheoperation eligible.
C0311,STEAM selectednumeric itemcache factory/callback adapter,"Exact84/242 signed0<N<307 gate, opaqueEAX=N request/localpacket stores; N1E4 chooses6B else5A at005EA8D0 withliteralECX0143C078. NonzeroQ suppliesliteral005C92C0/localpacket to006BAB80; onlyN34/35 reachesN_LINE/currentQ160 opaquequery/conditionalthreefloatzeros. NormalQreturnRET18; rejectedN EAX0.",VERIFIED,STEAM_PC,findings/subsystems/phase6_item_cache_factory_callback_adapter.md,,,findings/subsystems/phase6_item_cache_factory_callback_adapter.md,2026-10-06,"Packet{-1,N,W3,W5} onlyordinarypreservedstack ABI. No currentQclass/ECXcalleeconsumption/typedroot/success/copiedpacket/owner/gen/retirement. SelectedWorld47cacheoperation boundedasrawadapter; typedfactoryarms optionalabsentmapdependency."
C0312,STEAM conditionalnative availabletexture andD3DXimport interface,Retainednative3105 literalpath/read/buffer-result/conditionalnamedCRdTexture-result-or0 ->01472224/ECX006B58D0. Exact195 probeAL gate/localvariant ->2D/cube D3DX9_43 importthunks withH14/H18 outputlocations; nativefourargsB/0/7FFFFFFF/1. Afterimports noEAXtest/H8clear/HC-HEmoves/MOVAXreplaceslowEAX16/RET10; nofullHRESULT result.,VERIFIED,STEAM_PC,findings/boundaries/phase6_native_instruction_texture_import.md,,,findings/boundaries/phase6_native_instruction_texture_import.md,2026-10-06,Allstaticnormalrequestinterfaces only; validdata/size/device/constructor/GPU/API/free/capture/type/cohort/owner/gen/lastuse UNKNOWN. EarlyAL0bitsunqualified; oldscoutHRESULTclaimrejectedbeforepromotion.
C0313,STEAM availableThreadEx cursor/control and known auxiliary caches,"Available table007721DC+10=00447B50; selectedP4 A6 compact31->00447E8C/currentESI ECX/direct00436450. OwnR18 twoLEwords/advance->currenttable34(R,&R18)/AX local->twoLEwords/advance->opaqueP/nonzero rawP2C B-C gate. Distinct known590 ItemManager and3B9C Event cache recipes/requests; no Rtype from auxiliary tables.",VERIFIED,STEAM_PC,findings/subsystems/phase6_threadex_available_cursor_item_event_cache_control.md,,,findings/subsystems/phase6_threadex_available_cursor_item_event_cache_control.md,2026-10-06,Selected2308+835 and retainedtype/A6 only. Available interface association not live currenttype/virtual invocation/completeWorld grammar/gen/owner/success/sync/lifetime.
C0314,STEAM anonymous nested-record control and available ingress,Selected20 savesECX toESI/opaque00680550/reloads currentESI intoECX/direct00683360; sameentry identity explicitly ordinaryABI conditional. Own6067 savesR/&R618 raw1 helper/localcontext/currentR620+28 numeric dispatch; selected current registry results/localdescriptor/raw3F-9F/literalECX0143C078 to accepted005EA8D0 request interface; normalcontext helper/EAX1 RET.,VERIFIED,STEAM_PC,findings/subsystems/phase6_anonymous_nested_control_factory_requests.md,,,findings/subsystems/phase6_anonymous_nested_control_factory_requests.md,2026-10-06,No ANIMATION/class/pose/lock/newmanager/type/owner/gen/cadence/success/capture claim. Foreign metadata249/889 disjoint proof only;3648 ingress tail excluded.
C0315,STEAM selected profile-name accessor-result publication and local control,"Own5156 rawcontrolbyte0-1-12/localnumeric/global interfaces. Current008C4C20/PRO%02d.XPC->008C4BCC formatting and localpath stagedrequest; zeroopaque0040B370gate then004051F0result ECX/008C4BCC+1 request006B2C30->immediate008C4C0C publication. Separate knownCFunc/result008C4C10/resourceIMG operand requests and currentESI table30 callback. Qualified accessor transport, not literal-only collapse or typed successful resource.",VERIFIED,STEAM_PC,findings/boundaries/phase6_native_profile_resource_result_publication.md,,,findings/boundaries/phase6_native_profile_resource_result_publication.md,2026-10-06,ESI initial stackoperand not entryECX; local reassignments forbid universal entryreceiver alias. No CRdPicture/XPC/load/GPU/owner/gen/capture/sync/lifetime/fullprofile policy; virtualtarget E not automatic.
C0316,STEAM rank33 anonymousGame registry Messageaux control placement,"Exactown9650 savedentryECX/separateGame resultfield-bit controls; actual464directCALL/44targets plus2exportCALL-labelled directtailJMPs, noownindirectCALL-JMP. Thirteen known124D0 allocation/P initializer/table0076F6B4/P-or0 publication00BDA000 recipes; nine currentcache-orP-or0 ECX0045B370 requests withfivezero words/raw3BA4-7/3EEE/3EF0. Other0147FE54 storeexplicitFSTPfloat, notnewpointer-root proof.",VERIFIED,STEAM_PC,findings/subsystems/phase6_rank33_game_registry_message_aux_control.md,,,findings/subsystems/phase6_rank33_game_registry_message_aux_control.md,2026-10-06,B/C existinginterface/localcontrol refinement only. Rawexportlabels notactualopcodes; savedRnotauxPclass. Deepercodeeffects/currentinstance/gen/owner/cadence/grammar/success/retirement UNKNOWN; first0045B370 optional absent materialdependency.
C0317,STEAM rank37 localGame Messageaux resourcecomparison placement,"Selectedown4684 savesECXtoEBX; guarded124D0 request savesESI, currentESI->initializer, postcallcurrentESI literal0076F6B4/store-or0->00BDA000. Allocator-postcallalias ordinaryABIconditional.21literalwrites/155directCALL/2currentregistrytable74CALLs/fiveindexedJMPs; acceptedresource2463-2466 results compareseparatequery/currentR628 rawvalues;threeMessage requests. No controltablecontents orincomingclass proof.",VERIFIED,STEAM_PC,findings/subsystems/phase6_rank37_local_game_message_resource_control.md,,,findings/subsystems/phase6_rank37_local_game_message_resource_control.md,2026-10-06,B/C exactknowninterface/localcontrol qualification; no newmanager/transitiveabsence/coherentcurrentidentity/owner/gen/success/fullgrammar/retirement/whole83cluster proof.
C0318,STEAM rank45 anonymousnestedrecord dispatch andrequest qualification,Selectedown6088 currentESI620->DWORD28 fourindependentunsignednormalizedgates/remaps with13-5-6-4 selectedDWORDtargets;134directCALL/3indirectCALL; twoESItable88 requests andseparatelyacquiredregistryEBPtable54 resource-result request. CX7F4->localword only16bits. Threeknownfactoryrequests3F-9F-22/literal0143C078; savedcontexttail/rawEAX1.,VERIFIED,STEAM_PC,findings/subsystems/phase6_rank45_anonymous_nested_dispatch_requests.md,,,findings/subsystems/phase6_rank45_anonymous_nested_dispatch_requests.md,2026-10-06,"B/C anonymouslocal refinement only; opaquehelperentryalias ordinaryABIconditional, no ANIMATION/type/grammar/snapshot/lock/owner/gen/success/lifetime/universalbuild proof."
C0319,STEAM rank51 ItemManageradapter returnedbits receiverrequest interface,"Selectedown2327 ownECX->EBP/firststackword->EBX; available590/007702C4 auxiliaryP-or0->00BDA0F8. Raw2DE sixwordrequest{2DE,&R58,&R78,822,R3C,-1}->accepted00457E70; nonzeroEAX Q->ECX0058D0E0 withraw{&R58,0,1,0,0} underordinarystack/nonvolatileABI.66directCALL/13indirectCALL;AX/wordnumeric effects qualifiedwidth only.",VERIFIED,STEAM_PC,findings/subsystems/phase6_rank51_item_adapter_result_receiver_request.md,,,findings/subsystems/phase6_rank51_item_adapter_result_receiver_request.md,2026-10-06,B/C knownsharedfactoryadapter consumerplacement; otherderivedNbranch separate. Addressnotfieldload; no R/P/Qclass/typed5A/capture/owner/gen/actualeffect/retirement/fullprotocol/buildparity.
C0320,STEAM rank50 anonymousbytecontrol knowninput-resource request placement,Selectedown5882 entryECX->ESI/byte619->BL;signextendedbyte unsigned<=50/remap max15 selects16own targets; independent signedbyte625-1 unsigned<=4 selects5own targets.222directCALL/14indirectCALL;78registryrequests. Optionalcurrentglobal0148132C beforepostcallqueriedcurrentreceiver44 callback/raw1D-localstack transport. CRdInputgetter result->006E1650/006E15F0; signedbyte-D2E/boolean indexDWORD operand->acceptedresource request return->currentESI006BE6E0. PartialBL/AX/word andopaque-call ABI limits explicit.,VERIFIED,STEAM_PC,findings/subsystems/phase6_rank50_anonymous_byte_control_input_resource_requests.md,,,findings/subsystems/phase6_rank50_anonymous_byte_control_input_resource_requests.md,2026-10-06,"B knowncontrol/request refinement; selectednewroot-manager counterfactualboundedatownscope, notpureduplicate ortransitiveabsence. No completepacket/validresourceindex/name/currenttarget/type/owner/gen/lock/success/safe-retirement/actiongrammar/transitiveabsence/buildparity orreadiness verdict."
