build,class_id,canonical_name,vtable_addresses,size_lower_bound,constructor_candidates,destructor_candidates,allocation_sites,free_sites,owner_or_manager,subsystem,evidence_state,evidence_refs,last_reviewed,notes
STEAM_PC,OBJ-RESOURCE-RECORD-MANAGER,CRdData_resource_manager,0076e820,0x38c,006b2570,004021A0 availableordinary;00402200/00403420 availabledeleting;006B2670 invokedsessioncleanup notdestructor,,,Application00BD768C retainer/acquiredtypedroot; independentstaticloadworker; exclusiveownership UNKNOWN,RESOURCE_LOADING,STRONG_INFERENCE,findings/boundaries/phase5_resource_worker_shutdown_coordination.md;findings/boundaries/resource_worker_typed_handoff.md,2026-10-04,"Observed object fields: record table pointer +0x0c; mutex +0x388; 0x30-byte record stride and fields +0x18/+0x1c/+0x2c; class identity and lifetime unresolved. Archive stream handle at +0x108 and stream state at +0x10c are observed in the same helper family; exact object identity remains unproven. Archive stream handle at +0x108 and stream state at +0x10c are observed in the same helper family; exact object identity remains unproven. Archive record/extraction state fields around +0x24/+0x28/+0x2c are observed in helper methods; exact class identity remains unproven. Archive record/extraction state fields around +0x24/+0x28/+0x2c are observed in helper methods; exact class identity remains unproven. Decompiler/assembly destructor writes CFlkUtil vtable; callback at this+0x10 and record table commit observed in 006B33F0/006B3760. Decompiler/assembly destructor writes CFlkUtil vtable; callback at this+0x10 and record table commit observed in 006B33F0/006B3760. Decompiler/assembly destructor writes CFlkUtil vtable; callback at this+0x10 and record table commit observed in 006B33F0/006B3760. CORRECTION: CFlkUtil constructor/destructor operate on a local archive utility stack object inside 006B3760; outer manager ownership is not established. CORRECTION: CFlkUtil constructor/destructor operate on a local archive utility stack object inside 006B3760; outer manager ownership is not established. Constructor takes record_count and callback pointer, stores callback at +0x10, allocates +0x0c table with 0x30 stride, initializes support state, and creates mutex +0x388. Constructor takes record_count and callback pointer, stores callback at +0x10, allocates +0x0c table with 0x30 stride, initializes support state, and creates mutex +0x388. Phase5typedrawCRdData/Singletontables andapplicationcleanupseam positive; historicallargerclassrow confidence retainedSI. Descriptorrelease/tablefree precedeWstop. Rootclear notsingletonfree; ordinary/deletingdestructoravailable notinvokedbyapp."
GOG_PC,OBJ-RESOURCE-RECORD-MANAGER,CRdData_resource_manager,0076e810,0x38c,006b2570,006b2670,,,,RESOURCE_LOADING,STRONG_INFERENCE,inputs/decompiler/gog/DP_decompiled.c:326591-326729; inputs/decompiler/gog/DP_full.asm,2026-10-01,"Observed object fields: record table pointer +0x0c; mutex +0x388; 0x30-byte record stride and fields +0x18/+0x1c/+0x2c; class identity and lifetime unresolved. Archive stream handle at +0x108 and stream state at +0x10c are observed in the same helper family; exact object identity remains unproven. Archive stream handle at +0x108 and stream state at +0x10c are observed in the same helper family; exact object identity remains unproven. Archive record/extraction state fields around +0x24/+0x28/+0x2c are observed in helper methods; exact class identity remains unproven. Archive record/extraction state fields around +0x24/+0x28/+0x2c are observed in helper methods; exact class identity remains unproven. Decompiler/assembly destructor writes CFlkUtil vtable; callback at this+0x10 and record table commit observed in 006B33F0/006B3760. Decompiler/assembly destructor writes CFlkUtil vtable; callback at this+0x10 and record table commit observed in 006B33F0/006B3760. Decompiler/assembly destructor writes CFlkUtil vtable; callback at this+0x10 and record table commit observed in 006B33F0/006B3760. CORRECTION: CFlkUtil constructor/destructor operate on a local archive utility stack object inside 006B3760; outer manager ownership is not established. CORRECTION: CFlkUtil constructor/destructor operate on a local archive utility stack object inside 006B3760; outer manager ownership is not established. Constructor takes record_count and callback pointer, stores callback at +0x10, allocates +0x0c table with 0x30 stride, initializes support state, and creates mutex +0x388. Constructor takes record_count and callback pointer, stores callback at +0x10, allocates +0x0c table with 0x30 stride, initializes support state, and creates mutex +0x388."
STEAM_PC,OBJ-CFLKUTIL-ARCHIVE-LOCAL,CFlkUtil_archive_utility_candidate,008268e4,0x30,006b4b80,006b4be0,,,local stack utility in batch archive path,RESOURCE_LOADING,VERIFIED,DP_decompiled.c;DP_full.asm 006B3760/006B4B80/006B4BE0,2026-10-01,Constructor writes vtable and zeroes fields through +0x28; destructor rewrites vtable and cleans state via 006B0440. Exact full layout/ownership remains unresolved.
GOG_PC,OBJ-CFLKUTIL-ARCHIVE-LOCAL,CFlkUtil_archive_utility_candidate,008268d4,0x30,006b4ae0,006b4b40,,,local stack utility in batch archive path,RESOURCE_LOADING,VERIFIED,DP_decompiled.c;DP_full.asm 006B3760/006B4B80/006B4BE0,2026-10-01,Constructor writes vtable and zeroes fields through +0x28; destructor rewrites vtable and cleans state via 006B0440. Exact full layout/ownership remains unresolved.
STEAM_PC,OBJ-CRDMESH,CRdMesh_render_resource,0076f2ac,0x60,004087e0,00408860,00408310/004082D0 callback branch,,typed resource extension dispatcher,RENDER_D3D9,VERIFIED,typed_resource_dispatch.md;DP_decompiled.c;DP_full.asm,2026-10-01,XMD branch directly writes vtable and constructs child arrays.
GOG_PC,OBJ-CRDMESH,CRdMesh_render_resource,0076f29c,0x60,004087a0,00408820,00408310/004082D0 callback branch,,typed resource extension dispatcher,RENDER_D3D9,VERIFIED,typed_resource_dispatch.md;DP_decompiled.c;DP_full.asm,2026-10-01,XMD branch directly writes vtable and constructs child arrays.
STEAM_PC,OBJ-CRDPICTURE,CRdPicture_render_resource,0076f2b4,0x10,00408310 inline .XPC allocation/vtable/field initialization,00408900,00408310/004082D0 callback branch,00408310 event 1 clears record +0x1C -> typed slot 0 flag 1 -> 00408900 cleanup/conditional free,"CRdData manager record table +0x0C, 0x30-stride descriptor +0x1C; CLevel +0x164 retains pointer, independent owning reference UNKNOWN",RENDER_D3D9,VERIFIED,findings/boundaries/xpc_resource_positive_portfolio.md,2026-10-02,0x10 callback-created wrapper identity preserved. Typed manager-owner/deleting interface and named first consumer integrated; CLevel unload coordination and normalized payload grammar are separate. Do not merge with movie 0x20 helper.
GOG_PC,OBJ-CRDPICTURE,CRdPicture_render_resource,0076f2a4,0x10,004082D0 inline .XPC allocation/vtable/field initialization,004088c0,00408310/004082D0 callback branch,004082D0 event 1 clears record +0x1C -> typed slot 0 flag 1 -> 004088C0 cleanup/conditional free,"CRdData manager record table +0x0C, 0x30-stride descriptor +0x1C; CLevel +0x164 retains pointer, independent owning reference UNKNOWN",RENDER_D3D9,VERIFIED,findings/boundaries/xpc_resource_positive_portfolio.md,2026-10-02,0x10 callback-created wrapper identity preserved. Typed manager-owner/deleting interface and named first consumer integrated; CLevel unload coordination and normalized payload grammar are separate. Do not merge with movie 0x20 helper.
STEAM_PC,OBJ-CLEVEL,CLevel_object,007798ac,,005ccbc0,005ccc50;005cf4c0 deletingwrapper,005e7620 selector 0x28,005cf4d0->0074e82b available flagbit0; actualnamed-instance invocation UNKNOWN,CMap retains selectedslot; scene manager register/retire interface; exclusiveownership UNKNOWN,OBJECT_DISPATCH,VERIFIED,findings/boundaries/phase5_world_resource_retirement.md;findings/boundaries/xpc_resource_positive_portfolio.md,2026-10-04,Selector 0x28 constructor writes CLevel vtable; owner virtual +0x4C target remains unresolved. Phase5 typed4C=005CCDD0/50=006C0620; availabledeleting/runtimecleanup;160/164clear-before-rebind and packet84/88escape. Actualcategory/taggeneration/retirement/lastuse unknown; no ctor repetition.
GOG_PC,OBJ-CLEVEL,CLevel_object,0077989c,,005ccc90,005ccd20,005e76f0 selector 0x28,,,OBJECT_DISPATCH,VERIFIED,selector_object_factory.md;DP_decompiled.c;symbols.csv,2026-10-01,Selector 0x28 constructor writes CLevel vtable; owner virtual +0x4C target remains unresolved.
STEAM_PC,OBJ-CEFFECTHAZE,CEffectHaze_effect_object,0077f5b4,,005f5660,005f5730,005e7620 selector 0x1B,,StaticCMap013936F0+A3D28=01437418 retainer; registered activeobject,EFFECTS,VERIFIED,findings/boundaries/effects_organizing_roots_and_use.md;findings/boundaries/selector_object_factory.md,2026-10-03,"ExactHaze callback006680F0->00667CF0 event1 andevent0F geometry/dependency use; acceptedconstruction retained, actualdrawphase/free UNKNOWN."
GOG_PC,OBJ-CEFFECTHAZE,CEffectHaze_effect_object,0077f5a4,,005f5760,005f5830,005e76f0 selector 0x1B,,,EFFECTS,VERIFIED,selector_object_factory.md;DP_decompiled.c;symbols.csv,2026-10-01,Selector 0x1B constructor writes CEffectHaze vtable; full effect lifecycle remains open.
STEAM_PC,OBJ-CEFFECTRAIN,CEffectRain_effect_object,00782124,0x2464 selectedcleanupaccessR+2460 DWORD; allocationextentnotnewlychecked,006697c0,00669950 ordinary;0066C110 availabledeleting,005e7620 selector 0x1A,Available0066C110 flagbit0 sameR→0074E82B; embeddedGridR2424/E3C→0074EE0B; actualinvokedgeneration/backingtype/lastuse/successUNKNOWN,StaticCMap013936F0+A3D24=01437414 retainer; registered activeobject,EFFECTS,VERIFIED,findings/boundaries/effects_organizing_roots_and_use.md;findings/boundaries/selector_object_factory.md;findings/boundaries/phase5_weather_retainer_grid_retirement.md,2026-10-04,"ExactRain nativecallback0066C0F0->0066BD90 selecteduse; acceptedrecoveredconstruction/type provenance retained, no full weather/lifetime/GOG promotion. Seq94 namedcleanup/Gridmemberavailable; currentmapvirtual30 notsamegenerationdeleting. RawCGrid memberaddress notresourcepayloadtype."
GOG_PC,OBJ-CEFFECTRAIN,CEffectRain_effect_object,00782114,,00669710,006698a0,005e76f0 selector 0x1A,,,EFFECTS,VERIFIED,selector_object_factory.md;DP_decompiled.c;symbols.csv,2026-10-01,Selector 0x1A constructor writes CEffectRain vtable; full effect lifecycle remains open.
STEAM_PC,OBJ-COBJECT,CObject_selector46_object,00773ec4,,005479f0,,005e7620 selector 0x46,,,OBJECT_DISPATCH,VERIFIED,findings/boundaries/selector_object_factory.md;findings/boundaries/world_object_representation_policy.md,2026-10-03,Selector 0x46 constructor writes CObject vtable; concrete subtype/lifecycle remains open. Seq45 C0167 selector46 returned object same-ESI +444 desired-state/005C8720 use; subtype/lifetime/ownership unknown.
GOG_PC,OBJ-COBJECT,CObject_selector46_object,00773eb4,,00547ac0,,005e76f0 selector 0x46,,,OBJECT_DISPATCH,VERIFIED,selector_object_factory.md;DP_decompiled.c;symbols.csv,2026-10-01,Selector 0x46 constructor writes CObject vtable; concrete subtype/lifecycle remains open.
STEAM_PC,OBJ-CSHOP,CShop_menu_object,00780fbc,0x20a8,0062e0e0,0062E1B0;00634830,005e7620 selector 0x34,Marked active-list retirement -> slot 0 00634830 -> conditional free; live selection/cadence UNKNOWN,Active manager registration; selector-specific stored callback; external command/task packed handles are non-owning,NATIVE_UI,VERIFIED,findings/boundaries/cshop_callback_retirement.md,2026-10-02,Positive conditional construction/registration/class callback/update/retirement/delete chain; raw 19-slot table. First missing edges: live state-3 reachability and queried +0x1510 handle meaning. Preserve earlier external handle and constructor history.
GOG_PC,OBJ-CSHOP,CShop_menu_object,00780fac,0x20a8,0062e030,0062E100;00634780,005e76f0 selector 0x34,Marked active-list retirement -> slot 0 00634780 -> conditional free; live selection/cadence UNKNOWN,Active manager registration; selector-specific stored callback; external command/task packed handles are non-owning,NATIVE_UI,VERIFIED,findings/boundaries/cshop_callback_retirement.md,2026-10-02,Positive conditional construction/registration/class callback/update/retirement/delete chain; raw 19-slot table. First missing edges: live state-3 reachability and queried +0x1510 handle meaning. Preserve earlier external handle and constructor history.
STEAM_PC,OBJ-CHELP,CHelp_menu_object,0078100c,0x898,0062e250,0062e2d0,005e7620 selector 0x35,,,NATIVE_UI,VERIFIED,selector_object_factory.md;DP_decompiled.c:353089-353110;symbols.csv,2026-10-01,Selector 0x35 allocation and constructor vtable write are direct; destructor and virtual-slot semantics remain open.
GOG_PC,OBJ-CHELP,CHelp_menu_object,00780ffc,0x898,0062e1a0,0062e220,005e76f0 selector 0x35,,,NATIVE_UI,VERIFIED,selector_object_factory.md;DP_decompiled.c:273870-273920;symbols.csv,2026-10-01,Selector 0x35 allocation and constructor/destructor vtable writes are direct; virtual-slot semantics remain open.
STEAM_PC,OBJ-CPASSWORD,CPassword_menu_object,00780c94,0x178,0062bbb0,,005e7620 selector 0x36,,,NATIVE_UI,VERIFIED,selector_object_factory.md;DP_decompiled.c:351189-351200;symbols.csv,2026-10-01,Selector 0x36 allocation and constructor vtable write are direct; destructor and virtual-slot semantics remain open.
GOG_PC,OBJ-CPASSWORD,CPassword_menu_object,00780c84,0x178,0062bb30,,005e76f0 selector 0x36,,,NATIVE_UI,VERIFIED,selector_object_factory.md;DP_decompiled.c:272025-272036;symbols.csv,2026-10-01,Selector 0x36 allocation and constructor vtable write are direct; destructor and virtual-slot semantics remain open.
STEAM_PC,OBJ-CCHESS,CChess_menu_object,00780ce4,0x198,0062bc10,,005e7620 selector 0x37,,,NATIVE_UI,VERIFIED,selector_object_factory.md;DP_decompiled.c:351208-351215;symbols.csv,2026-10-01,Selector 0x37 allocation and constructor vtable write are direct; destructor and virtual-slot semantics remain open.
GOG_PC,OBJ-CCHESS,CChess_menu_object,00780cd4,0x198,0062bb90,,005e76f0 selector 0x37,,,NATIVE_UI,VERIFIED,selector_object_factory.md;DP_decompiled.c:272044-272050;symbols.csv,2026-10-01,Selector 0x37 allocation and constructor vtable write are direct; destructor and virtual-slot semantics remain open.
STEAM_PC,OBJ-CFISHING,CFishing_object,00780234,0x170,0060eed0,0060d630,005e7620 selector 0x38,,,FISHING,VERIFIED,selector_object_factory.md;DP_decompiled.c:333869-333890;335086-335125;symbols.csv,2026-10-01,Selector 0x38 allocation and paired constructor/destructor vtable writes are direct; virtual slots
GOG_PC,OBJ-CFISHING,CFishing_object,00780224,0x170,0060efe0,0060d850,005e76f0 selector 0x38,,,FISHING,VERIFIED,selector_object_factory.md;DP_decompiled.c:258597-258618;259657-259696;symbols.csv,2026-10-01,Selector 0x38 allocation and paired constructor/destructor vtable writes are direct; virtual slots
STEAM_PC,OBJ-COPTION,COption_native_ui_object,007807ac,0x768,00620050,,005e7620 selector 0x39,,,NATIVE_UI,VERIFIED,selector_object_factory.md;DP_decompiled.c:344513-344542;symbols.csv,2026-10-01,Selector 0x39 allocation and constructor vtable write are direct; adjacent UI methods invoke CMessage
GOG_PC,OBJ-COPTION,COption_native_ui_object,0078079c,0x768,0061fb90,,005e76f0 selector 0x39,,,NATIVE_UI,VERIFIED,selector_object_factory.md;DP_decompiled.c:265195-265224;symbols.csv,2026-10-01,Selector 0x39 allocation and constructor vtable write are direct; adjacent UI methods invoke CMessage
STEAM_PC,OBJ-CFADE,CFade_object,0077231c,0x1d0,00449740,,005e7620 selector 0x3B,,CFadeManager retains three selector3B pointers at+4/+8/+C; registered activeobject,EFFECTS,VERIFIED,findings/boundaries/effects_organizing_roots_and_use.md;findings/boundaries/selector_object_factory.md;findings/boundaries/presentation_movie_fade_latch_chain.md;findings/boundaries/cmenu_fade_predicate_camera_policy.md,2026-10-03,Selected typedcallback0044ACD0->0044A040/update/presentation use. Base deletinginterface0062D170 reused; manager-exclusive/free coordination UNKNOWN. Seq41 C0163 selectedrequest7 F+164/+16C/+170/+178/+198 data interface and NULL source F+19C..1A8; pointeridentity/lastwriter/free unknown. Seq43 C0165 request3 selected immediate F+164=4 and +198 snapshot of current+178; F99/F100 identity/stability and later writer unknown.
GOG_PC,OBJ-CFADE,CFade_object,0077230c,0x1d0,00449770,,005e76f0 selector 0x3B,,,EFFECTS,VERIFIED,selector_object_factory.md;DP_decompiled.c:51541-51575;symbols.csv,2026-10-01,Selector 0x3B allocation and constructor vtable write are direct; CFadeManager is a separate nearby singleton and lifecycle/slots remain open.
STEAM_PC,OBJ-CSIGNOUTMESSAGE,CSignOutMessage_object,0077ec1c,0x160,005f53d0,,005e7620 selector 0x3C,,,NATIVE_UI,VERIFIED,selector_object_factory.md;DP_decompiled.c:321932-321938;symbols.csv,2026-10-01,Selector 0x3C non-owning allocation path and constructor vtable write are direct; lifecycle and slot map remain open.
GOG_PC,OBJ-CSIGNOUTMESSAGE,CSignOutMessage_object,0077ec0c,0x160,005f54d0,,005e76f0 selector 0x3C,,,NATIVE_UI,VERIFIED,selector_object_factory.md;DP_decompiled.c:250701-250707;symbols.csv,2026-10-01,Selector 0x3C non-owning allocation path and constructor vtable write are direct; lifecycle and slot map remain open.
STEAM_PC,OBJ-CMONOLOG,CMonolog_native_ui_object,0078068c,0x5d0,0061e280,,005e7620 selector 0x3D,,,NATIVE_UI,VERIFIED,selector_object_factory.md;DP_decompiled.c:342976-342990;symbols.csv,2026-10-01,Selector 0x3D allocation and constructor vtable write are direct; larger state-machine methods and lifecycle remain open.
GOG_PC,OBJ-CMONOLOG,CMonolog_native_ui_object,0078067c,0x5d0,0061e200,,005e76f0 selector 0x3D,,,NATIVE_UI,VERIFIED,selector_object_factory.md;DP_decompiled.c:263892-263906;symbols.csv,2026-10-01,Selector 0x3D allocation and constructor vtable write are direct; larger state-machine methods and lifecycle remain open.
STEAM_PC,OBJ-CTARBOMB,CTarBomb_effect_object,0078397c,0x510,006ab260,006ab2b0,005e7620 selector 0x3E,,,EFFECTS,VERIFIED,selector_object_factory.md;DP_decompiled.c:423420-423464;symbols.csv,2026-10-01,Selector 0x3E outer-object construction/teardown is direct; embedded CSoundLoop vtable is at +0x4D8; slot semantics remain open.
GOG_PC,OBJ-CTARBOMB,CTarBomb_effect_object,0078396c,0x510,006ab190,006ab1e0,005e76f0 selector 0x3E,,,EFFECTS,VERIFIED,selector_object_factory.md;DP_decompiled.c:321643-321682;symbols.csv,2026-10-01,Selector 0x3E outer-object construction/teardown is direct; embedded CSoundLoop vtable is at +0x4D8; slot semantics remain open.
STEAM_PC,OBJ-CGEORGEAXE,CGeorgeAxe_effect_object,007838d4,0x538,006a9430,,005e7620 selector 0x3F,,,EFFECTS,VERIFIED,selector_object_factory.md;DP_decompiled.c:422318-422330;symbols.csv,2026-10-01,Selector 0x3F allocation and constructor vtable write are direct; lifecycle and slot map remain open.
GOG_PC,OBJ-CGEORGEAXE,CGeorgeAxe_effect_object,007838c4,0x538,006a9360,,005e76f0 selector 0x3F,,,EFFECTS,VERIFIED,selector_object_factory.md;DP_decompiled.c:321280-321292;symbols.csv,2026-10-01,Selector 0x3F allocation and constructor vtable write are direct; lifecycle and slot map remain open.
STEAM_PC,OBJ-COBJECTCHOOKCHAIN,CObjectCHookChain_effect_object,0077eafc,0x690,005f5000,005f5100,005e7620 selector 0x40,Available005F5116 passes savedO to0074E82B afterordinarycall/argbit0; actualinvocation/success/lastuse UNKNOWN,,EFFECTS,VERIFIED,findings/boundaries/xnv_hook_tackle_chain_classes.md;findings/boundaries/phase5_hookchain_csoundloop_operand_retirement_limit.md,2026-10-05,"Selector 0x40 outer-object construction/teardown is direct; embedded CSoundLoop vtable is at +0x434; slot semantics remain open. Seq121 localO434 transport andq/currentCSoundmapping proved; oldname/constructor/allocation remain legacyseed limits, not freshRTTI/currenttype/ownership. findings/boundaries/phase5_hookchain_csoundloop_operand_retirement_limit.md"
GOG_PC,OBJ-COBJECTCHOOKCHAIN,CObjectCHookChain_effect_object,0077eaec,0x690,005f5100,005f5200,005e76f0 selector 0x40,,,EFFECTS,VERIFIED,selector_object_factory.md;DP_decompiled.c:250549-250603;symbols.csv,2026-10-01,Selector 0x40 outer-object construction/teardown is direct; embedded CSoundLoop vtable is at +0x434; slot semantics remain open.
STEAM_PC,OBJ-COBJECTCTACKLECHAIN,CObjectCTackleChain_effect_object,0077eb8c,0x708,005f5130,005f5270,005e7620 selector 0x41,,,EFFECTS,VERIFIED,selector_object_factory.md;DP_decompiled.c:321809-321855;symbols.csv,2026-10-01,Selector 0x41 outer-object construction/teardown is direct; embedded CSoundLoop vtable is at +0x434; slot semantics remain open.
GOG_PC,OBJ-COBJECTCTACKLECHAIN,CObjectCTackleChain_effect_object,0077eb7c,0x708,005f5230,005f5370,005e76f0 selector 0x41,,,EFFECTS,VERIFIED,selector_object_factory.md;DP_decompiled.c:250611-250679;symbols.csv,2026-10-01,Selector 0x41 outer-object construction/teardown is direct; embedded CSoundLoop vtable is at +0x434; slot semantics remain open.
STEAM_PC,OBJ-COBJECTCPHYSICSCHAIN,CObjectCPhysicsChain_effect_object,0077ea6c,0x5c8,005f4f20,005f4fd0,005e7620 selector 0x42,,,EFFECTS,VERIFIED,selector_object_factory.md;DP_decompiled.c:321695-321739;symbols.csv,2026-10-01,Selector 0x42 outer-object construction/teardown is direct; embedded CSoundLoop vtable is at +0x434; slot semantics remain open.
GOG_PC,OBJ-COBJECTCPHYSICSCHAIN,CObjectCPhysicsChain_effect_object,0077ea5c,0x5c8,005f5020,005f50d0,005e76f0 selector 0x42,,,EFFECTS,VERIFIED,selector_object_factory.md;DP_decompiled.c:250497-250541;symbols.csv,2026-10-01,Selector 0x42 outer-object construction/teardown is direct; embedded CSoundLoop vtable is at +0x434; slot semantics remain open.
STEAM_PC,OBJ-CFISHINGPERSON,CFishingPerson_object,007802a4,0x858,00613960,0060f290;0061A710 availabledeleting;0060E800 event2cleanup distinct,005e7620 selector 0x43,,Acceptedregisteredobject; nativecallback alias01470670; separatelayout01470678 andline83C dependencies,FISHING,VERIFIED,findings/boundaries/phase5_fishing_cold_7f0_shell_retirement.md;findings/boundaries/cmustachesadmin_cmustache_children.md;findings/boundaries/fishing_primary_owner_update.md,2026-10-04,"Accepted0x858 selector43 construction/CMustache7F0 allocation retained. Newprimarynativecallback/conditionalphase2update, typedlayoutglobal andline83C; actualhelper/global/actor free andfullminigame unknown. Phase5installedlocalevent2 under81C0 callslinecurrent-slot0flag1 then83Cclear before81C1. Immediateactordestructor nottheonlylifetimeinterface. Otheraux7F0candidate remainsoutsidecurrentprimaryspan/unqualified, oldCMustacheboundsretained. Seq84 resolvesformerlyunqualifiedcold7F0 localtype/flagcall: exacttypedwriter namesCMustachesAdmin shell, directhelper thenindependentcurrent-slot0flag1/clear. Constructor/currentchild generation andlastuseUNKNOWN; old immediateactor/CMustache/handlebounds conserved."
GOG_PC,OBJ-CFISHINGPERSON,CFishingPerson_object,00780294,0x858,00613a70,0060f3a0,005e76f0 selector 0x43,,,FISHING,VERIFIED,selector_object_factory.md;DP_decompiled.c:259860-259882;262335-262576;symbols.csv,2026-10-01,Selector 0x43 construction/teardown vtable writes are direct; exact fishing gameplay role Constructor stores a separately allocated 0x3C CMustachesAdmin at outer +0x7F0; independent handle/manager registration remains unobserved.
STEAM_PC,OBJ-CTHROWLURE,CThrowLure_fishing_object,0077e9e4,0x4c8,005f4e00,005f4e20,005e7620 selector 0x44,,,FISHING,VERIFIED,selector_object_factory.md;DP_decompiled.c:321614-321636;symbols.csv,2026-10-01,"Selector 0x44 construction/teardown vtable writes are direct; gameplay role `00627240/006271C0` create through selector 0x44 then repeat active-object registration in the same manager bucket; current +0x3C is overwritten with the second fresh handle, while first mapping is not released by this path. Object-local teardown 005F4E20/005F4F20 delegates to CRdObjectModel cleanup and does not read +0x3C. Manager retirement releases only current +0x3C before delete; stale first duplicate mapping has no reviewed static cleanup path. Manager reset broadcasts vtable +0x30 before generic retirement; this class maps it to the +0x29=0x80 mark helper. Its duplicate-registration self-link makes the iterator next cursor remain the same object, so clean reset traversal is not statically established."
GOG_PC,OBJ-CTHROWLURE,CThrowLure_fishing_object,0077e9d4,0x4c8,005f4f00,005f4f20,005e76f0 selector 0x44,,,FISHING,VERIFIED,selector_object_factory.md;DP_decompiled.c:250431-250453;symbols.csv,2026-10-01,"Selector 0x44 construction/teardown vtable writes are direct; gameplay role `00627240/006271C0` create through selector 0x44 then repeat active-object registration in the same manager bucket; current +0x3C is overwritten with the second fresh handle, while first mapping is not released by this path. Object-local teardown 005F4E20/005F4F20 delegates to CRdObjectModel cleanup and does not read +0x3C. Manager retirement releases only current +0x3C before delete; stale first duplicate mapping has no reviewed static cleanup path. Manager reset broadcasts vtable +0x30 before generic retirement; this class maps it to the +0x29=0x80 mark helper. Its duplicate-registration self-link makes the iterator next cursor remain the same object, so clean reset traversal is not statically established."
STEAM_PC,OBJ-COBJECTDOOR,CObjectDoor_base_object,0077a87c,0x4a8,005f2a50,,005e7620 selector 0x47,,,OBJECT_DISPATCH,VERIFIED,selector_object_factory.md;DP_decompiled.c:318354-318380;symbols.csv,2026-10-01,Base constructor direct vtable write and several specialized sibling constructors call it; teardown and slot map remain open.
GOG_PC,OBJ-COBJECTDOOR,CObjectDoor_base_object,0077a86c,0x4a8,005f2b20,,005e76f0 selector 0x47,,,OBJECT_DISPATCH,VERIFIED,selector_object_factory.md;DP_decompiled.c:247155-247181;symbols.csv,2026-10-01,Base constructor direct vtable write and several specialized sibling constructors call it; teardown and slot map remain open.
STEAM_PC,OBJ-COBJECTFREIGHT,CObjectFreight_object,0077b4e4,0x580,005f3260,005f3280,005e7620 selector 0x48,,,OBJECT_DISPATCH,VERIFIED,selector_object_factory.md;DP_decompiled.c;symbols.csv,2026-10-01,"Selector 0x48 construction/teardown vtable writes are direct; lifecycle, slot map, and ownership remain open."
GOG_PC,OBJ-COBJECTFREIGHT,CObjectFreight_object,0077b4d4,0x580,005f3360,005f3380,005e76f0 selector 0x48,,,OBJECT_DISPATCH,VERIFIED,selector_object_factory.md;DP_decompiled.c;symbols.csv,2026-10-01,"Selector 0x48 construction/teardown vtable writes are direct; lifecycle, slot map, and ownership remain open."
STEAM_PC,OBJ-COBJECTSHELF,CObjectShelf_object,0077f3a4,0x728,005f5570,005f5590,005e7620 selector 0x49,,,OBJECT_DISPATCH,VERIFIED,selector_object_factory.md;DP_decompiled.c;symbols.csv,2026-10-01,"Selector 0x49 construction/teardown vtable writes are direct; lifecycle, slot map, and ownership remain open."
GOG_PC,OBJ-COBJECTSHELF,CObjectShelf_object,0077f394,0x728,005f5670,005f5690,005e76f0 selector 0x49,,,OBJECT_DISPATCH,VERIFIED,selector_object_factory.md;DP_decompiled.c;symbols.csv,2026-10-01,"Selector 0x49 construction/teardown vtable writes are direct; lifecycle, slot map, and ownership remain open."
STEAM_PC,OBJ-COBJECTLEVER,CObjectLever_object,0077b7a4,0x500,005f3340,005f3360,005e7620 selector 0x4A,,,OBJECT_DISPATCH,VERIFIED,selector_object_factory.md;DP_decompiled.c;symbols.csv,2026-10-01,"Selector 0x4A construction/teardown vtable writes are direct; lifecycle, slot map, and ownership remain open."
GOG_PC,OBJ-COBJECTLEVER,CObjectLever_object,0077b794,0x500,005f3440,005f3460,005e76f0 selector 0x4A,,,OBJECT_DISPATCH,VERIFIED,selector_object_factory.md;DP_decompiled.c;symbols.csv,2026-10-01,"Selector 0x4A construction/teardown vtable writes are direct; lifecycle, slot map, and ownership remain open."
STEAM_PC,OBJ-COBJECTLIGHT,CObjectLight_object,0077b6f4,0x4c8,005f32f0,005f3310,005e7620 selector 0x4B,,,OBJECT_DISPATCH,VERIFIED,selector_object_factory.md;DP_decompiled.c;symbols.csv,2026-10-01,"Selector 0x4B construction/teardown vtable writes are direct; lifecycle, slot map, and ownership remain open."
GOG_PC,OBJ-COBJECTLIGHT,CObjectLight_object,0077b6e4,0x4c8,005f33f0,005f3410,005e76f0 selector 0x4B,,,OBJECT_DISPATCH,VERIFIED,selector_object_factory.md;DP_decompiled.c;symbols.csv,2026-10-01,"Selector 0x4B construction/teardown vtable writes are direct; lifecycle, slot map, and ownership remain open."
STEAM_PC,OBJ-COBJECTWATER,CObjectWater_object,0077b854,0x4d0,005f3390,005f33b0,005e7620 selector 0x4C,,,OBJECT_DISPATCH,VERIFIED,selector_object_factory.md;DP_decompiled.c;symbols.csv,2026-10-01,"Selector 0x4C construction/teardown vtable writes are direct; lifecycle, slot map, and ownership remain open."
GOG_PC,OBJ-COBJECTWATER,CObjectWater_object,0077b844,0x4d0,005f3490,005f34b0,005e76f0 selector 0x4C,,,OBJECT_DISPATCH,VERIFIED,selector_object_factory.md;DP_decompiled.c;symbols.csv,2026-10-01,"Selector 0x4C construction/teardown vtable writes are direct; lifecycle, slot map, and ownership remain open."
STEAM_PC,OBJ-COBJECTTREESHAPHAND,CObjectTreeshaphand_object,0077f454,0x6b8,005f55c0,005f55e0,005e7620 selector 0x4D,,,OBJECT_DISPATCH,VERIFIED,selector_object_factory.md;DP_decompiled.c;symbols.csv,2026-10-01,"Selector 0x4D construction/teardown vtable writes are direct; lifecycle, slot map, and ownership remain open."
GOG_PC,OBJ-COBJECTTREESHAPHAND,CObjectTreeshaphand_object,0077f444,0x6b8,005f56c0,005f56e0,005e76f0 selector 0x4D,,,OBJECT_DISPATCH,VERIFIED,selector_object_factory.md;DP_decompiled.c;symbols.csv,2026-10-01,"Selector 0x4D construction/teardown vtable writes are direct; lifecycle, slot map, and ownership remain open."
STEAM_PC,OBJ-COBJECTTREESHAPHAND_MUSEAM,CObjectTreeshaphand_Museam_object,0077f504,0x6b0,005f5610,005f5630,005e7620 selector 0x4E,,,OBJECT_DISPATCH,VERIFIED,selector_object_factory.md;DP_decompiled.c;symbols.csv,2026-10-01,"Selector 0x4E construction/teardown vtable writes are direct; lifecycle, slot map, and ownership remain open."
GOG_PC,OBJ-COBJECTTREESHAPHAND_MUSEAM,CObjectTreeshaphand_Museam_object,0077f4f4,0x6b0,005f5710,005f5730,005e76f0 selector 0x4E,,,OBJECT_DISPATCH,VERIFIED,selector_object_factory.md;DP_decompiled.c;symbols.csv,2026-10-01,"Selector 0x4E construction/teardown vtable writes are direct; lifecycle, slot map, and ownership remain open."
STEAM_PC,OBJ-CNPCNORMAL,CNpcNormal_object,0077563c,0x0x10f8,004b9440,004b8bb0,005E7620 selector 0x02,,,OBJECT_DISPATCH,VERIFIED,selector_object_factory.md;DP_decompiled.c;xrefs.csv,2026-10-01,Direct paired selector constructor and named vtable evidence; secondary vtable writer remains a lifecycle candidate.
GOG_PC,OBJ-CNPCNORMAL,CNpcNormal_object,0077562c,0x0x10f8,004b9520,004b8c90,005E76F0 selector 0x02,,,OBJECT_DISPATCH,VERIFIED,selector_object_factory.md;DP_decompiled.c;xrefs.csv,2026-10-01,Direct paired selector constructor and named vtable evidence; secondary vtable writer remains a lifecycle candidate.
STEAM_PC,OBJ-CNPCENEMY,CNpcEnemy_object,00774574,0xE14 selected ctor writes;0xE20 observed allocation,0048d5c0,004a1860,005E7620 selector 0x03,,,OBJECT_DISPATCH,VERIFIED,findings/boundaries/npc_enemy_camera_scalar_marker_policy.md;findings/boundaries/selector_object_factory.md;findings/boundaries/phase5_npc_event2_selected_virtual90_routing_limit.md,2026-10-04,"Prior paired selector/type evidence preserved; Steam seq52 explicit zero-offset six-base RTTI, original return/event1/current8C-98 and numeric69C/marker consumer connected. Fields5C,38/61C/1C/6A4,698/69C,D8/DC,44,29/2A selected roles only. Own deleting004A1860 remains candidate, external invoked free/owner/lifetime unknown; opaque currenttable/callback preservation and allotherNPC/GOG behavior unknown. Seq109 selectednativeevent2 reachescurrentvirtual90, notnominateddirectcleanuparm; actualcurrenttable/target/Ngen/finaluse UNKNOWN, no newown/delete semantics."
GOG_PC,OBJ-CNPCENEMY,CNpcEnemy_object,00774564,0x0xe20,0048d6a0,004a1940,005E76F0 selector 0x03,,,OBJECT_DISPATCH,VERIFIED,selector_object_factory.md;DP_decompiled.c;xrefs.csv,2026-10-01,Direct paired selector constructor and named vtable evidence; secondary vtable writer remains a lifecycle candidate.
STEAM_PC,OBJ-CNPCMOB,CNpcMob_object,00774edc,0x0xd48,004b7720,004b8b40,005E7620 selector 0x04,,,OBJECT_DISPATCH,VERIFIED,selector_object_factory.md;DP_decompiled.c;xrefs.csv,2026-10-01,Direct paired selector constructor and named vtable evidence; secondary vtable writer remains a lifecycle candidate.
GOG_PC,OBJ-CNPCMOB,CNpcMob_object,00774ecc,0x0xd48,004b7800,004b8c20,005E76F0 selector 0x04,,,OBJECT_DISPATCH,VERIFIED,selector_object_factory.md;DP_decompiled.c;xrefs.csv,2026-10-01,Direct paired selector constructor and named vtable evidence; secondary vtable writer remains a lifecycle candidate.
STEAM_PC,OBJ-CNPCANIMAL,CNpcAnimal_object,00773a7c,0x0xd68,00484d90,00486bb0,005E7620 selector 0x05,,,OBJECT_DISPATCH,VERIFIED,selector_object_factory.md;DP_decompiled.c;xrefs.csv,2026-10-01,Direct paired selector constructor and named vtable evidence; secondary vtable writer remains a lifecycle candidate.
GOG_PC,OBJ-CNPCANIMAL,CNpcAnimal_object,00773a6c,0x0xd68,00484eb0,00486cd0,005E76F0 selector 0x05,,,OBJECT_DISPATCH,VERIFIED,selector_object_factory.md;DP_decompiled.c;xrefs.csv,2026-10-01,Direct paired selector constructor and named vtable evidence; secondary vtable writer remains a lifecycle candidate.
STEAM_PC,OBJ-CNPCDOG,CNpcDog_object,00774174,0x0xd90,0048a140,0048d4a0,005E7620 selector 0x06,,,OBJECT_DISPATCH,VERIFIED,selector_object_factory.md;DP_decompiled.c;xrefs.csv,2026-10-01,Direct paired selector constructor and named vtable evidence; secondary vtable writer remains a lifecycle candidate.
GOG_PC,OBJ-CNPCDOG,CNpcDog_object,00774164,0x0xd90,0048a220,0048d580,005E76F0 selector 0x06,,,OBJECT_DISPATCH,VERIFIED,selector_object_factory.md;DP_decompiled.c;xrefs.csv,2026-10-01,Direct paired selector constructor and named vtable evidence; secondary vtable writer remains a lifecycle candidate.
STEAM_PC,OBJ-CNPCBIRD,CNpcBird_object,00773cac,0x0xe08,00486cc0,004890b0,005E7620 selector 0x07,,,OBJECT_DISPATCH,VERIFIED,selector_object_factory.md;DP_decompiled.c;xrefs.csv,2026-10-01,Direct paired selector constructor and named vtable evidence; secondary vtable writer remains a lifecycle candidate.
GOG_PC,OBJ-CNPCBIRD,CNpcBird_object,00773c9c,0x0xe08,00486de0,004891a0,005E76F0 selector 0x07,,,OBJECT_DISPATCH,VERIFIED,selector_object_factory.md;DP_decompiled.c;xrefs.csv,2026-10-01,Direct paired selector constructor and named vtable evidence; secondary vtable writer remains a lifecycle candidate.
STEAM_PC,OBJ-CNPCCAR,CNpcCar_object,00774024,0x0x2088,004893f0,0048a110,005E7620 selector 0x09,,,OBJECT_DISPATCH,VERIFIED,selector_object_factory.md;DP_decompiled.c;xrefs.csv,2026-10-01,Direct paired selector constructor and named vtable evidence; secondary vtable writer remains a lifecycle candidate.
GOG_PC,OBJ-CNPCCAR,CNpcCar_object,00774014,0x0x2088,004894e0,0048a1f0,005E76F0 selector 0x09,,,OBJECT_DISPATCH,VERIFIED,selector_object_factory.md;DP_decompiled.c;xrefs.csv,2026-10-01,Direct paired selector constructor and named vtable evidence; secondary vtable writer remains a lifecycle candidate.
STEAM_PC,OBJ-CNPCTHROW,CNpcThrow_object,007748ac,0x0x4c8,004a1940,004a2b30,005E7620 selector 0x0A,,,OBJECT_DISPATCH,VERIFIED,selector_object_factory.md;DP_decompiled.c;xrefs.csv,2026-10-01,Direct paired selector constructor and named vtable evidence; secondary vtable writer remains a lifecycle candidate.
GOG_PC,OBJ-CNPCTHROW,CNpcThrow_object,0077489c,0x0x4c8,004a1a20,004a2c10,005E76F0 selector 0x0A,,,OBJECT_DISPATCH,VERIFIED,selector_object_factory.md;DP_decompiled.c;xrefs.csv,2026-10-01,Direct paired selector constructor and named vtable evidence; secondary vtable writer remains a lifecycle candidate.
STEAM_PC,OBJ-CCHARACTER,CCharacter_object,00770224,0x0x618,00410890,0040ee30,005E7620 selector 0x13,,,OBJECT_DISPATCH,VERIFIED,selector_object_factory.md;DP_decompiled.c;xrefs.csv,2026-10-01,Direct paired selector constructor and named vtable evidence; secondary vtable writer remains a lifecycle candidate.
GOG_PC,OBJ-CCHARACTER,CCharacter_object,00770214,0x0x618,00410860,0040ee00,005E76F0 selector 0x13,,,OBJECT_DISPATCH,VERIFIED,selector_object_factory.md;DP_decompiled.c;xrefs.csv,2026-10-01,Direct paired selector constructor and named vtable evidence; secondary vtable writer remains a lifecycle candidate.
STEAM_PC,OBJ-CITEM,CItem_object,0077afec,0x0x4b8,005f2de0,005f2e00,005E7620 selector 0x14,,,OBJECT_DISPATCH,VERIFIED,findings/boundaries/selector_object_factory.md;findings/boundaries/citem_factory_value_resource_binding.md,2026-10-04,"Direct paired selector constructor and named vtable evidence; secondary vtable writer remains a lifecycle candidate. Seq50 fresh Steam raw0077AFEC/COL00878638/TD008C1BF8 class and observed allocation4B8; inherited size text0x0x4b8 preserved, not new sizeof proof. Actual descriptor4C/native0 original pointer supplies numeric4A8; selected160/164 retain lookup values. Hook/field invariance/Player owner/resource type/success/free/cadence unknown."
GOG_PC,OBJ-CITEM,CItem_object,0077afdc,0x0x4b8,005f2eb0,005f2ed0,005E76F0 selector 0x14,,,OBJECT_DISPATCH,VERIFIED,selector_object_factory.md;DP_decompiled.c;xrefs.csv,2026-10-01,Direct paired selector constructor and named vtable evidence; secondary vtable writer remains a lifecycle candidate.
STEAM_PC,OBJ-CBELL,CBell_object,0077955c,0x0x180,005cacb0,,005E7620 selector 0x15,,,OBJECT_DISPATCH,VERIFIED,selector_object_factory.md;DP_decompiled.c;xrefs.csv,2026-10-01,Direct paired selector constructor and named vtable evidence; secondary vtable writer remains a lifecycle candidate.
GOG_PC,OBJ-CBELL,CBell_object,0077954c,0x0x180,005cad80,,005E76F0 selector 0x15,,,OBJECT_DISPATCH,VERIFIED,selector_object_factory.md;DP_decompiled.c;xrefs.csv,2026-10-01,Direct paired selector constructor and named vtable evidence; secondary vtable writer remains a lifecycle candidate.
STEAM_PC,OBJ-CSHOT,CShot_object,00775b64,0x0x1a8,004e0df0,004dee00,005E7620 selector 0x17,,,OBJECT_DISPATCH,VERIFIED,selector_object_factory.md;DP_decompiled.c;xrefs.csv,2026-10-01,Direct paired selector constructor and named vtable evidence; secondary vtable writer remains a lifecycle candidate.
GOG_PC,OBJ-CSHOT,CShot_object,00775b54,0x0x1a8,004e0ec0,004deed0,005E76F0 selector 0x17,,,OBJECT_DISPATCH,VERIFIED,selector_object_factory.md;DP_decompiled.c;xrefs.csv,2026-10-01,Direct paired selector constructor and named vtable evidence; secondary vtable writer remains a lifecycle candidate.
STEAM_PC,OBJ-CRDOBJECTMODELGAME,CRdObjectModelGame_object,00772bd4,0x0x420,0045fa00,,005E7620 selector 0x18,,,OBJECT_DISPATCH,VERIFIED,selector_object_factory.md;DP_decompiled.c;xrefs.csv,2026-10-01,Direct paired selector constructor and named vtable evidence; secondary vtable writer remains a lifecycle candidate.
GOG_PC,OBJ-CRDOBJECTMODELGAME,CRdObjectModelGame_object,00772bc4,0x0x420,0045fa30,,005E76F0 selector 0x18,,,OBJECT_DISPATCH,VERIFIED,selector_object_factory.md;DP_decompiled.c;xrefs.csv,2026-10-01,Direct paired selector constructor and named vtable evidence; secondary vtable writer remains a lifecycle candidate.
STEAM_PC,OBJ-CEFFECTFOOTPRINT,CEffectFootPrint_object,0077e774,0x0x1b8,005f4ce0,,005E7620 selector 0x1C,,,OBJECT_DISPATCH,VERIFIED,selector_object_factory.md;DP_decompiled.c;xrefs.csv,2026-10-01,Direct paired selector constructor and named vtable evidence; secondary vtable writer remains a lifecycle candidate.
GOG_PC,OBJ-CEFFECTFOOTPRINT,CEffectFootPrint_object,0077e764,0x0x1b8,005f4db0,,005E76F0 selector 0x1C,,,OBJECT_DISPATCH,VERIFIED,selector_object_factory.md;DP_decompiled.c;xrefs.csv,2026-10-01,Direct paired selector constructor and named vtable evidence; secondary vtable writer remains a lifecycle candidate.
STEAM_PC,OBJ-CEFFECTSONICWAVE,CEffectSonicWave_object,0077e7c4,0x0x160,005f4d00,,005E7620 selector 0x1D,,,OBJECT_DISPATCH,VERIFIED,selector_object_factory.md;DP_decompiled.c;xrefs.csv,2026-10-01,Direct paired selector constructor and named vtable evidence; secondary vtable writer remains a lifecycle candidate.
GOG_PC,OBJ-CEFFECTSONICWAVE,CEffectSonicWave_object,0077e7b4,0x0x160,005f4e00,,005E76F0 selector 0x1D,,,OBJECT_DISPATCH,VERIFIED,selector_object_factory.md;DP_decompiled.c;xrefs.csv,2026-10-01,Direct paired selector constructor and named vtable evidence; secondary vtable writer remains a lifecycle candidate.
STEAM_PC,OBJ-CEFFECTTEAR,CEffectTear_object,0077e814,0x0x4b8,005f4d20,005f4d40,005E7620 selector 0x1E,,,OBJECT_DISPATCH,VERIFIED,selector_object_factory.md;DP_decompiled.c;xrefs.csv,2026-10-01,Direct paired selector constructor and named vtable evidence; secondary vtable writer remains a lifecycle candidate.
GOG_PC,OBJ-CEFFECTTEAR,CEffectTear_object,0077e804,0x0x4b8,005f4e20,005f4e40,005E76F0 selector 0x1E,,,OBJECT_DISPATCH,VERIFIED,selector_object_factory.md;DP_decompiled.c;xrefs.csv,2026-10-01,Direct paired selector constructor and named vtable evidence; secondary vtable writer remains a lifecycle candidate.
STEAM_PC,OBJ-CEFFECTTRAIL,CEffectTrail_object,0077e89c,0x0x598,005f4d70,,005E7620 selector 0x1F,,,OBJECT_DISPATCH,VERIFIED,selector_object_factory.md;DP_decompiled.c;xrefs.csv,2026-10-01,Direct paired selector constructor and named vtable evidence; secondary vtable writer remains a lifecycle candidate.
GOG_PC,OBJ-CEFFECTTRAIL,CEffectTrail_object,0077e88c,0x0x598,005f4e70,,005E76F0 selector 0x1F,,,OBJECT_DISPATCH,VERIFIED,selector_object_factory.md;DP_decompiled.c;xrefs.csv,2026-10-01,Direct paired selector constructor and named vtable evidence; secondary vtable writer remains a lifecycle candidate.
STEAM_PC,OBJ-CEFFECTTIRETRACE,CEffectTireTrace_object,0077e8ec,0x0xb98,005f4d90,,005E7620 selector 0x20,,,OBJECT_DISPATCH,VERIFIED,selector_object_factory.md;DP_decompiled.c;xrefs.csv,2026-10-01,Direct paired selector constructor and named vtable evidence; secondary vtable writer remains a lifecycle candidate.
GOG_PC,OBJ-CEFFECTTIRETRACE,CEffectTireTrace_object,0077e8dc,0x0xb98,005f4e90,,005E76F0 selector 0x20,,,OBJECT_DISPATCH,VERIFIED,selector_object_factory.md;DP_decompiled.c;xrefs.csv,2026-10-01,Direct paired selector constructor and named vtable evidence; secondary vtable writer remains a lifecycle candidate.
STEAM_PC,OBJ-CEFFECTRIPPLE,CEffectRipple_object,0077f354,0x0x7a0,005f5550,,005E7620 selector 0x21,,,OBJECT_DISPATCH,VERIFIED,selector_object_factory.md;DP_decompiled.c;xrefs.csv,2026-10-01,Direct paired selector constructor and named vtable evidence; secondary vtable writer remains a lifecycle candidate.
GOG_PC,OBJ-CEFFECTRIPPLE,CEffectRipple_object,0077f344,0x0x7a0,005f5650,,005E76F0 selector 0x21,,,OBJECT_DISPATCH,VERIFIED,selector_object_factory.md;DP_decompiled.c;xrefs.csv,2026-10-01,Direct paired selector constructor and named vtable evidence; secondary vtable writer remains a lifecycle candidate.
STEAM_PC,OBJ-CEFFECTRECOVER,CEffectRecover_object,0077e944,0x0x198,005f4db0,,005E7620 selector 0x22,,,OBJECT_DISPATCH,VERIFIED,selector_object_factory.md;DP_decompiled.c;xrefs.csv,2026-10-01,Direct paired selector constructor and named vtable evidence; secondary vtable writer remains a lifecycle candidate.
GOG_PC,OBJ-CEFFECTRECOVER,CEffectRecover_object,0077e934,0x0x198,005f4eb0,,005E76F0 selector 0x22,,,OBJECT_DISPATCH,VERIFIED,selector_object_factory.md;DP_decompiled.c;xrefs.csv,2026-10-01,Direct paired selector constructor and named vtable evidence; secondary vtable writer remains a lifecycle candidate.
STEAM_PC,OBJ-CEFFECTBLOODMARK,CEffectBloodMark_object,0077e994,0x0x1c0,005f4de0,,005E7620 selector 0x23,,,OBJECT_DISPATCH,VERIFIED,selector_object_factory.md;DP_decompiled.c;xrefs.csv,2026-10-01,Direct paired selector constructor and named vtable evidence; secondary vtable writer remains a lifecycle candidate.
GOG_PC,OBJ-CEFFECTBLOODMARK,CEffectBloodMark_object,0077e984,0x0x1c0,005f4ee0,,005E76F0 selector 0x23,,,OBJECT_DISPATCH,VERIFIED,selector_object_factory.md;DP_decompiled.c;xrefs.csv,2026-10-01,Direct paired selector constructor and named vtable evidence; secondary vtable writer remains a lifecycle candidate.
STEAM_PC,OBJ-CNPCFISHINGTHREAD,CNpcFishingThread_object,0077b334,0x0x180,005f3090,,005E7620 selector 0x25,,,OBJECT_DISPATCH,VERIFIED,selector_object_factory.md;DP_decompiled.c;xrefs.csv,2026-10-01,Direct paired selector constructor and named vtable evidence; secondary vtable writer remains a lifecycle candidate.
GOG_PC,OBJ-CNPCFISHINGTHREAD,CNpcFishingThread_object,0077b324,0x0x180,005f3160,,005E76F0 selector 0x25,,,OBJECT_DISPATCH,VERIFIED,selector_object_factory.md;DP_decompiled.c;xrefs.csv,2026-10-01,Direct paired selector constructor and named vtable evidence; secondary vtable writer remains a lifecycle candidate.
STEAM_PC,OBJ-CEFFECTFIELDLEAF,CEffectFieldLeaf_object,00781f74,0x400,006654e0,,005E7620 selector 0x26,,,OBJECT_DISPATCH,VERIFIED,selector_object_factory.md;DP_decompiled.c;xrefs.csv,2026-10-01,Direct paired selector constructor and named vtable evidence; secondary vtable writer remains a lifecycle candidate.
GOG_PC,OBJ-CEFFECTFIELDLEAF,CEffectFieldLeaf_object,00781f64,0x400,00665430,,005E76F0 selector 0x26,,,OBJECT_DISPATCH,VERIFIED,selector_object_factory.md;DP_decompiled.c;xrefs.csv,2026-10-01,Direct paired selector constructor and named vtable evidence; secondary vtable writer remains a lifecycle candidate.
STEAM_PC,OBJ-CLIGHT,CLight_object,0077b1d4,0x800,005f2ef0,005f2fc0,005E7620 selector 0x27,,,OBJECT_DISPATCH,VERIFIED,findings/boundaries/selector_object_factory.md;findings/boundaries/phase5_spatial_light_detach_cleanup.md,2026-10-04,"Direct paired selector constructor and named vtable evidence; secondary vtable writer remains a lifecycle candidate. Seq88 exactrawtable48=005F27E0 typednode request/clear available. Steamownslot005F2FC0bodyunvisited, H0056mapsctoronly. Noactualsamegenerationretirement/lastuse."
GOG_PC,OBJ-CLIGHT,CLight_object,0077b1c4,0x800,005f2fc0,005f3090,005E76F0 selector 0x27,,,OBJECT_DISPATCH,VERIFIED,selector_object_factory.md;DP_decompiled.c;xrefs.csv,2026-10-01,Direct paired selector constructor and named vtable evidence; secondary vtable writer remains a lifecycle candidate.
STEAM_PC,OBJ-CLAKE,CLake_object,0077b2ac,0x0x3b0,005f3040,005f3060,005E7620 selector 0x31,,,OBJECT_DISPATCH,VERIFIED,selector_object_factory.md;DP_decompiled.c;xrefs.csv,2026-10-01,Direct paired selector constructor and named vtable evidence; secondary vtable writer remains a lifecycle candidate.
GOG_PC,OBJ-CLAKE,CLake_object,0077b29c,0x0x3b0,005f3110,005f3130,005E76F0 selector 0x31,,,OBJECT_DISPATCH,VERIFIED,selector_object_factory.md;DP_decompiled.c;xrefs.csv,2026-10-01,Direct paired selector constructor and named vtable evidence; secondary vtable writer remains a lifecycle candidate.
STEAM_PC,OBJ-CRIVER,CRiver_object,0077b224,0x0x3c0,005f2ff0,005f3010,005E7620 selector 0x32,,,OBJECT_DISPATCH,VERIFIED,selector_object_factory.md;DP_decompiled.c;xrefs.csv,2026-10-01,Direct paired selector constructor and named vtable evidence; secondary vtable writer remains a lifecycle candidate.
GOG_PC,OBJ-CRIVER,CRiver_object,0077b214,0x0x3c0,005f30c0,005f30e0,005E76F0 selector 0x32,,,OBJECT_DISPATCH,VERIFIED,selector_object_factory.md;DP_decompiled.c;xrefs.csv,2026-10-01,Direct paired selector constructor and named vtable evidence; secondary vtable writer remains a lifecycle candidate.
STEAM_PC,OBJ-CHOUSE,CHouse_object,007793fc,0x0x2080,005ca910,005ca980,005E7620 selector 0x33,,,OBJECT_DISPATCH,VERIFIED,selector_object_factory.md;DP_decompiled.c;xrefs.csv,2026-10-01,Direct paired selector constructor and named vtable evidence; secondary vtable writer remains a lifecycle candidate.
GOG_PC,OBJ-CHOUSE,CHouse_object,007793ec,0x0x2080,005ca9e0,005caa50,005E76F0 selector 0x33,,,OBJECT_DISPATCH,VERIFIED,selector_object_factory.md;DP_decompiled.c;xrefs.csv,2026-10-01,Direct paired selector constructor and named vtable evidence; secondary vtable writer remains a lifecycle candidate.
STEAM_PC,OBJ-COBJECTPADLOCK,CObjectPadlock_object,0077b9b4,0x0x478,005f3430,005f3450,005E7620 selector 0x50,,,OBJECT_DISPATCH,VERIFIED,selector_object_factory.md;DP_decompiled.c;xrefs.csv,2026-10-01,Direct paired selector constructor and named vtable evidence; secondary vtable writer remains a lifecycle candidate.
GOG_PC,OBJ-COBJECTPADLOCK,CObjectPadlock_object,0077b9a4,0x0x478,005f3530,005f3550,005E76F0 selector 0x50,,,OBJECT_DISPATCH,VERIFIED,selector_object_factory.md;DP_decompiled.c;xrefs.csv,2026-10-01,Direct paired selector constructor and named vtable evidence; secondary vtable writer remains a lifecycle candidate.
STEAM_PC,OBJ-COBJECTMANNEQUIN,CObjectMannequin_object,0077b904,0x0x470,005f33e0,005f3400,005E7620 selector 0x51,,,OBJECT_DISPATCH,VERIFIED,selector_object_factory.md;DP_decompiled.c;xrefs.csv,2026-10-01,Direct paired selector constructor and named vtable evidence; secondary vtable writer remains a lifecycle candidate.
GOG_PC,OBJ-COBJECTMANNEQUIN,CObjectMannequin_object,0077b8f4,0x0x470,005f34e0,005f3500,005E76F0 selector 0x51,,,OBJECT_DISPATCH,VERIFIED,selector_object_factory.md;DP_decompiled.c;xrefs.csv,2026-10-01,Direct paired selector constructor and named vtable evidence; secondary vtable writer remains a lifecycle candidate.
STEAM_PC,OBJ-COBJECTHIDEBOX,CObjectHideBox_object,0077d114,0x0x488,005f3fe0,005f4000,005E7620 selector 0x52,,,OBJECT_DISPATCH,VERIFIED,selector_object_factory.md;DP_decompiled.c;xrefs.csv,2026-10-01,Direct paired selector constructor and named vtable evidence; secondary vtable writer remains a lifecycle candidate.
GOG_PC,OBJ-COBJECTHIDEBOX,CObjectHideBox_object,0077d104,0x0x488,005f40e0,005f4100,005E76F0 selector 0x52,,,OBJECT_DISPATCH,VERIFIED,selector_object_factory.md;DP_decompiled.c;xrefs.csv,2026-10-01,Direct paired selector constructor and named vtable evidence; secondary vtable writer remains a lifecycle candidate.
STEAM_PC,OBJ-COBJECTCAR,CObjectCar_object,00773f74,0x2008 reused selector53 allocation,00541aa0,0048a080,005E7620 selector 0x53;005ED660 custom0x2008 successfulconstructor result,,Accepted selector registration; CCar-to-actor ownership UNKNOWN,VEHICLE,VERIFIED,findings/boundaries/vehicle_organizing_root.md;findings/boundaries/selector_object_factory.md;findings/boundaries/cobjectcar_callback_control_chain.md;findings/boundaries/cobjectcar_model_base_cache_production.md,2026-10-04,"Exact RTTI CObjectCar, not CCar/CAutomobile alias. Zero-offset CObject/CRdObjectModelGame/CRdObjectModel/CRdObject hierarchy; selected own+A4 event5/use. Actual callback producer, lifetime/free and frame cadence UNKNOWN. Seq39 nowpositivecustom005ED660->actual+44callback005C92C0;conditionalpostselector0x53->nonzero1FD4/state1->1FD8=2/controlwrites. EarliercallbackproducerUNKNOWN supersededonlyatthisselectedSteam scope. Stateinput/opaqueeffects/own-event1posteffect/outerretainers/free/frame/GOGUNKNOWN. Seq54 originalpointer firstarg/nonnegative/localA-B ->selected58/68/78 copies/434numericOR ->selectedbase98 preparation/explicitcurrentstateevaluation. Existing88/110/120/DC80 inputs, directC8/CC/D0floattransfers andconditionalECzero; current160/1E4/1E8 reuse. Raw10/28/44 installedmodelinterface only, notstablevptr/livequery/packetfreshness/ownership/free. Inputs/algebra/posttailpreservation/runtime/GOG remainunknown."
GOG_PC,OBJ-COBJECTCAR,CObjectCar_object,00773f64,0x2008 reused selector53 allocation,00541b70,0048a160,005E76F0 selector 0x53,,Accepted selector registration; CCar-to-actor ownership UNKNOWN,VEHICLE,VERIFIED,findings/boundaries/vehicle_organizing_root.md;findings/boundaries/selector_object_factory.md,2026-10-03,"Exact RTTI CObjectCar, not CCar/CAutomobile alias. Zero-offset CObject/CRdObjectModelGame/CRdObjectModel/CRdObject hierarchy; selected own+A4 event5/use. Actual callback producer, lifetime/free and frame cadence UNKNOWN."
STEAM_PC,OBJ-COBJECTSHAFT,CObjectShaft_object,0077d1c4,0x0x488,005f4030,005f4080,005E7620 selector 0x54,,,OBJECT_DISPATCH,VERIFIED,selector_object_factory.md;DP_decompiled.c;xrefs.csv,2026-10-01,Direct paired selector constructor and named vtable evidence; secondary vtable writer remains a lifecycle candidate.
GOG_PC,OBJ-COBJECTSHAFT,CObjectShaft_object,0077d1b4,0x0x488,005f4130,005f4180,005E76F0 selector 0x54,,,OBJECT_DISPATCH,VERIFIED,selector_object_factory.md;DP_decompiled.c;xrefs.csv,2026-10-01,Direct paired selector constructor and named vtable evidence; secondary vtable writer remains a lifecycle candidate.
STEAM_PC,OBJ-COBJECTELEVATOR,CObjectElevator_object,00777a44,0x0x4d8,00577ec0,,005E7620 selector 0x55,,,OBJECT_DISPATCH,VERIFIED,selector_object_factory.md;DP_decompiled.c;xrefs.csv,2026-10-01,Direct paired selector constructor and named vtable evidence; secondary vtable writer remains a lifecycle candidate.
GOG_PC,OBJ-COBJECTELEVATOR,CObjectElevator_object,00777a34,0x0x4d8,00577f90,,005E76F0 selector 0x55,,,OBJECT_DISPATCH,VERIFIED,selector_object_factory.md;DP_decompiled.c;xrefs.csv,2026-10-01,Direct paired selector constructor and named vtable evidence; secondary vtable writer remains a lifecycle candidate.
STEAM_PC,OBJ-COBJECTITEMBOX,CObjectItembox_object,0077d33c,0x0x4c8,005f40b0,,005E7620 selector 0x56,,,OBJECT_DISPATCH,VERIFIED,selector_object_factory.md;DP_decompiled.c;xrefs.csv,2026-10-01,Direct paired selector constructor and named vtable evidence; secondary vtable writer remains a lifecycle candidate.
GOG_PC,OBJ-COBJECTITEMBOX,CObjectItembox_object,0077d32c,0x0x4c8,005f41b0,,005E76F0 selector 0x56,,,OBJECT_DISPATCH,VERIFIED,selector_object_factory.md;DP_decompiled.c;xrefs.csv,2026-10-01,Direct paired selector constructor and named vtable evidence; secondary vtable writer remains a lifecycle candidate.
STEAM_PC,OBJ-COBJECTTOOLBOX,CObjectToolbox_object,0077d404,0x0x4b0,005f4140,,005E7620 selector 0x57,,,OBJECT_DISPATCH,VERIFIED,selector_object_factory.md;DP_decompiled.c;xrefs.csv,2026-10-01,Direct paired selector constructor and named vtable evidence; secondary vtable writer remains a lifecycle candidate.
GOG_PC,OBJ-COBJECTTOOLBOX,CObjectToolbox_object,0077d3f4,0x0x4b0,005f41f0,,005E76F0 selector 0x57,,,OBJECT_DISPATCH,VERIFIED,selector_object_factory.md;DP_decompiled.c;xrefs.csv,2026-10-01,Direct paired selector constructor and named vtable evidence; secondary vtable writer remains a lifecycle candidate.
STEAM_PC,OBJ-COBJECTWRISTDOOR,CObjectWristDoor_object,0077a944,0x0x4b0,005f2b00,,005E7620 selector 0x58,,,OBJECT_DISPATCH,VERIFIED,selector_object_factory.md;DP_decompiled.c;xrefs.csv,2026-10-01,Direct paired selector constructor and named vtable evidence; secondary vtable writer remains a lifecycle candidate.
GOG_PC,OBJ-COBJECTWRISTDOOR,CObjectWristDoor_object,0077a934,0x0x4b0,005f2bd0,,005E76F0 selector 0x58,,,OBJECT_DISPATCH,VERIFIED,selector_object_factory.md;DP_decompiled.c;xrefs.csv,2026-10-01,Direct paired selector constructor and named vtable evidence; secondary vtable writer remains a lifecycle candidate.
STEAM_PC,OBJ-COBJECTHANDDOOR,CObjectHandDoor_object,0077aa0c,0x0x4b0,005f2b20,,005E7620 selector 0x59,,,OBJECT_DISPATCH,VERIFIED,selector_object_factory.md;DP_decompiled.c;xrefs.csv,2026-10-01,Direct paired selector constructor and named vtable evidence; secondary vtable writer remains a lifecycle candidate.
GOG_PC,OBJ-COBJECTHANDDOOR,CObjectHandDoor_object,0077a9fc,0x0x4b0,005f2bf0,,005E76F0 selector 0x59,,,OBJECT_DISPATCH,VERIFIED,selector_object_factory.md;DP_decompiled.c;xrefs.csv,2026-10-01,Direct paired selector constructor and named vtable evidence; secondary vtable writer remains a lifecycle candidate.
STEAM_PC,OBJ-COBJECTITEM,CObjectItem_object,0077b384,0x0x500,005f30d0,005f4700,005E7620 selector 0x5A,,,OBJECT_DISPATCH,VERIFIED,selector_object_factory.md;DP_decompiled.c;xrefs.csv,2026-10-01,Direct paired selector constructor and named vtable evidence; secondary vtable writer remains a lifecycle candidate.
GOG_PC,OBJ-COBJECTITEM,CObjectItem_object,0077b374,0x0x500,005f31a0,005f32e0,005E76F0 selector 0x5A,,,OBJECT_DISPATCH,VERIFIED,selector_object_factory.md;DP_decompiled.c;xrefs.csv,2026-10-01,Direct paired selector constructor and named vtable evidence; secondary vtable writer remains a lifecycle candidate.
STEAM_PC,OBJ-COBJECTMARK,CObjectMark_object,0077bb14,0x0x460,005f34e0,005f3500,005E7620 selector 0x5B,,,OBJECT_DISPATCH,VERIFIED,selector_object_factory.md;DP_decompiled.c;xrefs.csv,2026-10-01,Direct paired selector constructor and named vtable evidence; secondary vtable writer remains a lifecycle candidate.
GOG_PC,OBJ-COBJECTMARK,CObjectMark_object,0077bb04,0x0x460,005f35e0,005f3600,005E76F0 selector 0x5B,,,OBJECT_DISPATCH,VERIFIED,selector_object_factory.md;DP_decompiled.c;xrefs.csv,2026-10-01,Direct paired selector constructor and named vtable evidence; secondary vtable writer remains a lifecycle candidate.
STEAM_PC,OBJ-COBJECTSIGNAL,CObjectSignal_object,0077bc74,0x0x500,005f3580,005f35a0,005E7620 selector 0x5C,,,OBJECT_DISPATCH,VERIFIED,selector_object_factory.md;DP_decompiled.c;xrefs.csv,2026-10-01,Direct paired selector constructor and named vtable evidence; secondary vtable writer remains a lifecycle candidate.
GOG_PC,OBJ-COBJECTSIGNAL,CObjectSignal_object,0077bc64,0x0x500,005f3680,005f36a0,005E76F0 selector 0x5C,,,OBJECT_DISPATCH,VERIFIED,selector_object_factory.md;DP_decompiled.c;xrefs.csv,2026-10-01,Direct paired selector constructor and named vtable evidence; secondary vtable writer remains a lifecycle candidate.
STEAM_PC,OBJ-COBJECTCLOCK,CObjectClock_object,0077bbc4,0x0x498,005f3530,005f3550,005E7620 selector 0x5D,,,OBJECT_DISPATCH,VERIFIED,selector_object_factory.md;DP_decompiled.c;xrefs.csv,2026-10-01,Direct paired selector constructor and named vtable evidence; secondary vtable writer remains a lifecycle candidate.
GOG_PC,OBJ-COBJECTCLOCK,CObjectClock_object,0077bbb4,0x0x498,005f3630,005f3650,005E76F0 selector 0x5D,,,OBJECT_DISPATCH,VERIFIED,selector_object_factory.md;DP_decompiled.c;xrefs.csv,2026-10-01,Direct paired selector constructor and named vtable evidence; secondary vtable writer remains a lifecycle candidate.
STEAM_PC,OBJ-COBJECTFAN,CObjectFan_object,0077bdd4,0x0x468,005f36d0,005f36f0,005E7620 selector 0x5E,,,OBJECT_DISPATCH,VERIFIED,selector_object_factory.md;DP_decompiled.c;xrefs.csv,2026-10-01,Direct paired selector constructor and named vtable evidence; secondary vtable writer remains a lifecycle candidate.
GOG_PC,OBJ-COBJECTFAN,CObjectFan_object,0077bdc4,0x0x468,005f37d0,005f37f0,005E76F0 selector 0x5E,,,OBJECT_DISPATCH,VERIFIED,selector_object_factory.md;DP_decompiled.c;xrefs.csv,2026-10-01,Direct paired selector constructor and named vtable evidence; secondary vtable writer remains a lifecycle candidate.
STEAM_PC,OBJ-COBJECTBROKENDOOR,CObjectBrokenDoor_object,0077aad4,0x0x4d8,005f2b40,,005E7620 selector 0x5F,,,OBJECT_DISPATCH,VERIFIED,selector_object_factory.md;DP_decompiled.c;xrefs.csv,2026-10-01,Direct paired selector constructor and named vtable evidence; secondary vtable writer remains a lifecycle candidate.
GOG_PC,OBJ-COBJECTBROKENDOOR,CObjectBrokenDoor_object,0077aac4,0x0x4d8,005f2c10,,005E76F0 selector 0x5F,,,OBJECT_DISPATCH,VERIFIED,selector_object_factory.md;DP_decompiled.c;xrefs.csv,2026-10-01,Direct paired selector constructor and named vtable evidence; secondary vtable writer remains a lifecycle candidate.
STEAM_PC,OBJ-COBJECTGEAR,CObjectGear_object,0077d7a4,0x0x468,005f4320,005f4350,005E7620 selector 0x60,,,OBJECT_DISPATCH,VERIFIED,selector_object_factory.md;DP_decompiled.c;xrefs.csv,2026-10-01,Direct paired selector constructor and named vtable evidence; secondary vtable writer remains a lifecycle candidate.
GOG_PC,OBJ-COBJECTGEAR,CObjectGear_object,0077d794,0x0x468,005f4420,005f4450,005E76F0 selector 0x60,,,OBJECT_DISPATCH,VERIFIED,selector_object_factory.md;DP_decompiled.c;xrefs.csv,2026-10-01,Direct paired selector constructor and named vtable evidence; secondary vtable writer remains a lifecycle candidate.
STEAM_PC,OBJ-COBJECTSPLINTER,CObjectSplinter_object,0077ba64,0x0x4a0,005f3480,005f34b0,005E7620 selector 0x61,,,OBJECT_DISPATCH,VERIFIED,selector_object_factory.md;DP_decompiled.c;xrefs.csv,2026-10-01,Direct paired selector constructor and named vtable evidence; secondary vtable writer remains a lifecycle candidate.
GOG_PC,OBJ-COBJECTSPLINTER,CObjectSplinter_object,0077ba54,0x0x4a0,005f3580,005f35b0,005E76F0 selector 0x61,,,OBJECT_DISPATCH,VERIFIED,selector_object_factory.md;DP_decompiled.c;xrefs.csv,2026-10-01,Direct paired selector constructor and named vtable evidence; secondary vtable writer remains a lifecycle candidate.
STEAM_PC,OBJ-COBJECTTARGET,CObjectTarget_object,0077d854,0x0x4b0,005f4380,005f43f0,005E7620 selector 0x62,,,OBJECT_DISPATCH,VERIFIED,selector_object_factory.md;DP_decompiled.c;xrefs.csv,2026-10-01,Direct paired selector constructor and named vtable evidence; secondary vtable writer remains a lifecycle candidate.
GOG_PC,OBJ-COBJECTTARGET,CObjectTarget_object,0077d844,0x0x4b0,005f4480,005f44f0,005E76F0 selector 0x62,,,OBJECT_DISPATCH,VERIFIED,selector_object_factory.md;DP_decompiled.c;xrefs.csv,2026-10-01,Direct paired selector constructor and named vtable evidence; secondary vtable writer remains a lifecycle candidate.
STEAM_PC,OBJ-COBJECTPHONE,CObjectPhone_object,0077d904,0x0x458,005f4420,005f4440,005E7620 selector 0x63,,,OBJECT_DISPATCH,VERIFIED,selector_object_factory.md;DP_decompiled.c;xrefs.csv,2026-10-01,Direct paired selector constructor and named vtable evidence; secondary vtable writer remains a lifecycle candidate.
GOG_PC,OBJ-COBJECTPHONE,CObjectPhone_object,0077d8f4,0x0x458,005f4520,005f4540,005E76F0 selector 0x63,,,OBJECT_DISPATCH,VERIFIED,selector_object_factory.md;DP_decompiled.c;xrefs.csv,2026-10-01,Direct paired selector constructor and named vtable evidence; secondary vtable writer remains a lifecycle candidate.
STEAM_PC,OBJ-COBJECTPUTGRASS_FAR,CObjectPutGrass_Far_object,0077be84,0x0x468,005f3720,005f3740,005E7620 selector 0x64,,,OBJECT_DISPATCH,VERIFIED,selector_object_factory.md;DP_decompiled.c;xrefs.csv,2026-10-01,Direct paired selector constructor and named vtable evidence; secondary vtable writer remains a lifecycle candidate.
GOG_PC,OBJ-COBJECTPUTGRASS_FAR,CObjectPutGrass_Far_object,0077be74,0x0x468,005f3820,005f3840,005E76F0 selector 0x64,,,OBJECT_DISPATCH,VERIFIED,selector_object_factory.md;DP_decompiled.c;xrefs.csv,2026-10-01,Direct paired selector constructor and named vtable evidence; secondary vtable writer remains a lifecycle candidate.
STEAM_PC,OBJ-COBJECTPUTGRASS_USUAL,CObjectPutGrass_Usual_object,0077bfe4,0x0x458,005f37c0,005f37e0,005E7620 selector 0x65,,,OBJECT_DISPATCH,VERIFIED,selector_object_factory.md;DP_decompiled.c;xrefs.csv,2026-10-01,Direct paired selector constructor and named vtable evidence; secondary vtable writer remains a lifecycle candidate.
GOG_PC,OBJ-COBJECTPUTGRASS_USUAL,CObjectPutGrass_Usual_object,0077bfd4,0x0x458,005f38c0,005f38e0,005E76F0 selector 0x65,,,OBJECT_DISPATCH,VERIFIED,selector_object_factory.md;DP_decompiled.c;xrefs.csv,2026-10-01,Direct paired selector constructor and named vtable evidence; secondary vtable writer remains a lifecycle candidate.
STEAM_PC,OBJ-COBJECTPUTGRASS_NEAR,CObjectPutGrass_Near_object,0077bf34,0x0x468,005f3770,005f3790,005E7620 selector 0x66,,,OBJECT_DISPATCH,VERIFIED,selector_object_factory.md;DP_decompiled.c;xrefs.csv,2026-10-01,Direct paired selector constructor and named vtable evidence; secondary vtable writer remains a lifecycle candidate.
GOG_PC,OBJ-COBJECTPUTGRASS_NEAR,CObjectPutGrass_Near_object,0077bf24,0x0x468,005f3870,005f3890,005E76F0 selector 0x66,,,OBJECT_DISPATCH,VERIFIED,selector_object_factory.md;DP_decompiled.c;xrefs.csv,2026-10-01,Direct paired selector constructor and named vtable evidence; secondary vtable writer remains a lifecycle candidate.
STEAM_PC,OBJ-COBJECTBLOOD,CObjectBlood_object,0077d9b4,0x0x460,005f4470,005f4490,005E7620 selector 0x67,,,OBJECT_DISPATCH,VERIFIED,selector_object_factory.md;DP_decompiled.c;xrefs.csv,2026-10-01,Direct paired selector constructor and named vtable evidence; secondary vtable writer remains a lifecycle candidate.
GOG_PC,OBJ-COBJECTBLOOD,CObjectBlood_object,0077d9a4,0x0x460,005f4570,005f4590,005E76F0 selector 0x67,,,OBJECT_DISPATCH,VERIFIED,selector_object_factory.md;DP_decompiled.c;xrefs.csv,2026-10-01,Direct paired selector constructor and named vtable evidence; secondary vtable writer remains a lifecycle candidate.
STEAM_PC,OBJ-COBJECTHARRYGATE,CObjectHarryGate_object,0077addc,0x0x470,005f2c90,005f2cd0,005E7620 selector 0x68,,,OBJECT_DISPATCH,VERIFIED,selector_object_factory.md;DP_decompiled.c;xrefs.csv,2026-10-01,Direct paired selector constructor and named vtable evidence; secondary vtable writer remains a lifecycle candidate.
GOG_PC,OBJ-COBJECTHARRYGATE,CObjectHarryGate_object,0077adcc,0x0x470,005f2d60,005f2da0,005E76F0 selector 0x68,,,OBJECT_DISPATCH,VERIFIED,selector_object_factory.md;DP_decompiled.c;xrefs.csv,2026-10-01,Direct paired selector constructor and named vtable evidence; secondary vtable writer remains a lifecycle candidate.
STEAM_PC,OBJ-COBJECTWIRENET,CObjectWirenet_object,0077da64,0x0x490,005f44c0,005f4500,005E7620 selector 0x69,,,OBJECT_DISPATCH,VERIFIED,selector_object_factory.md;DP_decompiled.c;xrefs.csv,2026-10-01,Direct paired selector constructor and named vtable evidence; secondary vtable writer remains a lifecycle candidate.
GOG_PC,OBJ-COBJECTWIRENET,CObjectWirenet_object,0077da54,0x0x490,005f45c0,005f4600,005E76F0 selector 0x69,,,OBJECT_DISPATCH,VERIFIED,selector_object_factory.md;DP_decompiled.c;xrefs.csv,2026-10-01,Direct paired selector constructor and named vtable evidence; secondary vtable writer remains a lifecycle candidate.
STEAM_PC,OBJ-COBJECTBROKENTV,CObjectBrokenTV_object,0077dbc4,0x0x458,005f45d0,005f45f0,005E7620 selector 0x6A,,,OBJECT_DISPATCH,VERIFIED,selector_object_factory.md;DP_decompiled.c;xrefs.csv,2026-10-01,Direct paired selector constructor and named vtable evidence; secondary vtable writer remains a lifecycle candidate.
GOG_PC,OBJ-COBJECTBROKENTV,CObjectBrokenTV_object,0077dbb4,0x0x458,005f46d0,005f46f0,005E76F0 selector 0x6A,,,OBJECT_DISPATCH,VERIFIED,selector_object_factory.md;DP_decompiled.c;xrefs.csv,2026-10-01,Direct paired selector constructor and named vtable evidence; secondary vtable writer remains a lifecycle candidate.
STEAM_PC,OBJ-COBJECTCOFFEE,CObjectCoffee_object,0077ddd4,0x0x518,005f46c0,,005E7620 selector 0x6B,,,OBJECT_DISPATCH,VERIFIED,selector_object_factory.md;DP_decompiled.c;xrefs.csv,2026-10-01,Direct paired selector constructor and named vtable evidence; secondary vtable writer remains a lifecycle candidate.
GOG_PC,OBJ-COBJECTCOFFEE,CObjectCoffee_object,0077ddc4,0x0x518,005f47c0,,005E76F0 selector 0x6B,,,OBJECT_DISPATCH,VERIFIED,selector_object_factory.md;DP_decompiled.c;xrefs.csv,2026-10-01,Direct paired selector constructor and named vtable evidence; secondary vtable writer remains a lifecycle candidate.
STEAM_PC,OBJ-COBJECTSLIDEDOOR,CObjectSlideDoor_object,0077ab9c,0x0x4c0,005f2bb0,,005E7620 selector 0x6C,,,OBJECT_DISPATCH,VERIFIED,selector_object_factory.md;DP_decompiled.c;xrefs.csv,2026-10-01,Direct paired selector constructor and named vtable evidence; secondary vtable writer remains a lifecycle candidate.
GOG_PC,OBJ-COBJECTSLIDEDOOR,CObjectSlideDoor_object,0077ab8c,0x0x4c0,005f2c80,,005E76F0 selector 0x6C,,,OBJECT_DISPATCH,VERIFIED,selector_object_factory.md;DP_decompiled.c;xrefs.csv,2026-10-01,Direct paired selector constructor and named vtable evidence; secondary vtable writer remains a lifecycle candidate.
STEAM_PC,OBJ-COBJECTSHUTTER,CObjectShutter_object,0077de84,0x0x468,005f4730,005f4760,005E7620 selector 0x6D,,,OBJECT_DISPATCH,VERIFIED,selector_object_factory.md;DP_decompiled.c;xrefs.csv,2026-10-01,Direct paired selector constructor and named vtable evidence; secondary vtable writer remains a lifecycle candidate.
GOG_PC,OBJ-COBJECTSHUTTER,CObjectShutter_object,0077de74,0x0x468,005f4800,005f4830,005E76F0 selector 0x6D,,,OBJECT_DISPATCH,VERIFIED,selector_object_factory.md;DP_decompiled.c;xrefs.csv,2026-10-01,Direct paired selector constructor and named vtable evidence; secondary vtable writer remains a lifecycle candidate.
STEAM_PC,OBJ-COBJECTSUITCASE,CObjectSuitcase_object,0077d4cc,0x0x4b0,005f4170,,005E7620 selector 0x6E,,,OBJECT_DISPATCH,VERIFIED,selector_object_factory.md;DP_decompiled.c;xrefs.csv,2026-10-01,Direct paired selector constructor and named vtable evidence; secondary vtable writer remains a lifecycle candidate.
GOG_PC,OBJ-COBJECTSUITCASE,CObjectSuitcase_object,0077d4bc,0x0x4b0,005f4270,,005E76F0 selector 0x6E,,,OBJECT_DISPATCH,VERIFIED,selector_object_factory.md;DP_decompiled.c;xrefs.csv,2026-10-01,Direct paired selector constructor and named vtable evidence; secondary vtable writer remains a lifecycle candidate.
STEAM_PC,OBJ-COBJECTAUTOSLIDE,CObjectAutoslide_object,0077d594,0x0x4a8,005f41a0,005f4240,005E7620 selector 0x6F,,,OBJECT_DISPATCH,VERIFIED,selector_object_factory.md;DP_decompiled.c;xrefs.csv,2026-10-01,Direct paired selector constructor and named vtable evidence; secondary vtable writer remains a lifecycle candidate.
GOG_PC,OBJ-COBJECTAUTOSLIDE,CObjectAutoslide_object,0077d584,0x0x4a8,005f42a0,005f4340,005E76F0 selector 0x6F,,,OBJECT_DISPATCH,VERIFIED,selector_object_factory.md;DP_decompiled.c;xrefs.csv,2026-10-01,Direct paired selector constructor and named vtable evidence; secondary vtable writer remains a lifecycle candidate.
STEAM_PC,OBJ-COBJECTTELEGRAPHPOLE,CObjectTelegraphPole_object,0077bd24,0x0x5c8,005f35d0,005f36a0,005E7620 selector 0x70,,,OBJECT_DISPATCH,VERIFIED,selector_object_factory.md;DP_decompiled.c;xrefs.csv,2026-10-01,Direct paired selector constructor and named vtable evidence; secondary vtable writer remains a lifecycle candidate.
GOG_PC,OBJ-COBJECTTELEGRAPHPOLE,CObjectTelegraphPole_object,0077bd14,0x0x5c8,005f36d0,005f37a0,005E76F0 selector 0x70,,,OBJECT_DISPATCH,VERIFIED,selector_object_factory.md;DP_decompiled.c;xrefs.csv,2026-10-01,Direct paired selector constructor and named vtable evidence; secondary vtable writer remains a lifecycle candidate.
STEAM_PC,OBJ-COBJECTDOGHEAD,CObjectDogHead_object,0077ec6c,0x0x458,005f53f0,,005E7620 selector 0x71,,,OBJECT_DISPATCH,VERIFIED,selector_object_factory.md;DP_decompiled.c;xrefs.csv,2026-10-01,Direct paired selector constructor and named vtable evidence; secondary vtable writer remains a lifecycle candidate.
GOG_PC,OBJ-COBJECTDOGHEAD,CObjectDogHead_object,0077ec5c,0x0x458,005f54f0,,005E76F0 selector 0x71,,,OBJECT_DISPATCH,VERIFIED,selector_object_factory.md;DP_decompiled.c;xrefs.csv,2026-10-01,Direct paired selector constructor and named vtable evidence; secondary vtable writer remains a lifecycle candidate.
STEAM_PC,OBJ-COBJECTEMCLOTH,CObjectEmCloth_object,0077ed1c,0x0x460,005f5410,,005E7620 selector 0x72,,,OBJECT_DISPATCH,VERIFIED,selector_object_factory.md;DP_decompiled.c;xrefs.csv,2026-10-01,Direct paired selector constructor and named vtable evidence; secondary vtable writer remains a lifecycle candidate.
GOG_PC,OBJ-COBJECTEMCLOTH,CObjectEmCloth_object,0077ed0c,0x0x460,005f5510,,005E76F0 selector 0x72,,,OBJECT_DISPATCH,VERIFIED,selector_object_factory.md;DP_decompiled.c;xrefs.csv,2026-10-01,Direct paired selector constructor and named vtable evidence; secondary vtable writer remains a lifecycle candidate.
STEAM_PC,OBJ-COBJECTMSPICTURE,CObjectMsPicture_object,0077c144,0x0x4d0,005f3860,005f3880,005E7620 selector 0x73,,,OBJECT_DISPATCH,VERIFIED,selector_object_factory.md;DP_decompiled.c;xrefs.csv,2026-10-01,Direct paired selector constructor and named vtable evidence; secondary vtable writer remains a lifecycle candidate.
GOG_PC,OBJ-COBJECTMSPICTURE,CObjectMsPicture_object,0077c134,0x0x4d0,005f3960,005f3980,005E76F0 selector 0x73,,,OBJECT_DISPATCH,VERIFIED,selector_object_factory.md;DP_decompiled.c;xrefs.csv,2026-10-01,Direct paired selector constructor and named vtable evidence; secondary vtable writer remains a lifecycle candidate.
STEAM_PC,OBJ-COBJECTMSREDPICTURE,CObjectMsRedPicture_object,0077c1f4,0x0x4d0,005f38b0,005f38d0,005E7620 selector 0x74,,,OBJECT_DISPATCH,VERIFIED,selector_object_factory.md;DP_decompiled.c;xrefs.csv,2026-10-01,Direct paired selector constructor and named vtable evidence; secondary vtable writer remains a lifecycle candidate.
GOG_PC,OBJ-COBJECTMSREDPICTURE,CObjectMsRedPicture_object,0077c1e4,0x0x4d0,005f39b0,005f39d0,005E76F0 selector 0x74,,,OBJECT_DISPATCH,VERIFIED,selector_object_factory.md;DP_decompiled.c;xrefs.csv,2026-10-01,Direct paired selector constructor and named vtable evidence; secondary vtable writer remains a lifecycle candidate.
STEAM_PC,OBJ-COBJECTEXCLUSIVE,CObjectExclusive_object,0077798c,0x0x4b0,00579f60,00579fb0,005E7620 selector 0x75,,,OBJECT_DISPATCH,VERIFIED,selector_object_factory.md;DP_decompiled.c;xrefs.csv,2026-10-01,Direct paired selector constructor and named vtable evidence; secondary vtable writer remains a lifecycle candidate.
GOG_PC,OBJ-COBJECTEXCLUSIVE,CObjectExclusive_object,0077797c,0x0x4b0,0057a030,0057a080,005E76F0 selector 0x75,,,OBJECT_DISPATCH,VERIFIED,selector_object_factory.md;DP_decompiled.c;xrefs.csv,2026-10-01,Direct paired selector constructor and named vtable evidence; secondary vtable writer remains a lifecycle candidate.
STEAM_PC,OBJ-COBJECTITEMEFFECT,CObjectItemEffect_object,0077b434,0x0x460,005f3210,005f3230,005E7620 selector 0x76,,,OBJECT_DISPATCH,VERIFIED,selector_object_factory.md;DP_decompiled.c;xrefs.csv,2026-10-01,Direct paired selector constructor and named vtable evidence; secondary vtable writer remains a lifecycle candidate.
GOG_PC,OBJ-COBJECTITEMEFFECT,CObjectItemEffect_object,0077b424,0x0x460,005f3310,005f3330,005E76F0 selector 0x76,,,OBJECT_DISPATCH,VERIFIED,selector_object_factory.md;DP_decompiled.c;xrefs.csv,2026-10-01,Direct paired selector constructor and named vtable evidence; secondary vtable writer remains a lifecycle candidate.
STEAM_PC,OBJ-COBJECTPUSHDOOR,CObjectPushDoor_object,0077ac64,0x0x4b0,005f2c20,,005E7620 selector 0x77,,,OBJECT_DISPATCH,VERIFIED,selector_object_factory.md;DP_decompiled.c;xrefs.csv,2026-10-01,Direct paired selector constructor and named vtable evidence; secondary vtable writer remains a lifecycle candidate.
GOG_PC,OBJ-COBJECTPUSHDOOR,CObjectPushDoor_object,0077ac54,0x0x4b0,005f2cf0,,005E76F0 selector 0x77,,,OBJECT_DISPATCH,VERIFIED,selector_object_factory.md;DP_decompiled.c;xrefs.csv,2026-10-01,Direct paired selector constructor and named vtable evidence; secondary vtable writer remains a lifecycle candidate.
STEAM_PC,OBJ-COBJECTFIELDPHYSICS_TYPE3,CObjectFieldPhysics_Type3_object,0077cc44,0x0x460,005f3d80,005f3dc0,005E7620 selector 0x79,,,OBJECT_DISPATCH,VERIFIED,selector_object_factory.md;DP_decompiled.c;xrefs.csv,2026-10-01,Direct paired selector constructor and named vtable evidence; secondary vtable writer remains a lifecycle candidate.
GOG_PC,OBJ-COBJECTFIELDPHYSICS_TYPE3,CObjectFieldPhysics_Type3_object,0077cc34,0x0x460,005f3e80,005f3ec0,005E76F0 selector 0x79,,,OBJECT_DISPATCH,VERIFIED,selector_object_factory.md;DP_decompiled.c;xrefs.csv,2026-10-01,Direct paired selector constructor and named vtable evidence; secondary vtable writer remains a lifecycle candidate.
STEAM_PC,OBJ-COBJECTIVYLOCK,CObjectIvyLock_object,0077ae8c,0x0x4b8,005f2d00,005f2d50,005E7620 selector 0x7A,,,OBJECT_DISPATCH,VERIFIED,selector_object_factory.md;DP_decompiled.c;xrefs.csv,2026-10-01,Direct paired selector constructor and named vtable evidence; secondary vtable writer remains a lifecycle candidate.
GOG_PC,OBJ-COBJECTIVYLOCK,CObjectIvyLock_object,0077ae7c,0x0x4b8,005f2dd0,005f2e20,005E76F0 selector 0x7A,,,OBJECT_DISPATCH,VERIFIED,selector_object_factory.md;DP_decompiled.c;xrefs.csv,2026-10-01,Direct paired selector constructor and named vtable evidence; secondary vtable writer remains a lifecycle candidate.
STEAM_PC,OBJ-COBJECTCHAIN,CObjectChain_object,0077edcc,0x0x4a8,005f5430,,005E7620 selector 0x7B,,,OBJECT_DISPATCH,VERIFIED,selector_object_factory.md;DP_decompiled.c;xrefs.csv,2026-10-01,Direct paired selector constructor and named vtable evidence; secondary vtable writer remains a lifecycle candidate.
GOG_PC,OBJ-COBJECTCHAIN,CObjectChain_object,0077edbc,0x0x4a8,005f5530,,005E76F0 selector 0x7B,,,OBJECT_DISPATCH,VERIFIED,selector_object_factory.md;DP_decompiled.c;xrefs.csv,2026-10-01,Direct paired selector constructor and named vtable evidence; secondary vtable writer remains a lifecycle candidate.
STEAM_PC,OBJ-COBJECTBRONZESTATUE,CObjectBronzeStatue_object,0077c2a4,0x0x548,005f3900,005f3970,005E7620 selector 0x7C,,,OBJECT_DISPATCH,VERIFIED,selector_object_factory.md;DP_decompiled.c;xrefs.csv,2026-10-01,Direct paired selector constructor and named vtable evidence; secondary vtable writer remains a lifecycle candidate.
GOG_PC,OBJ-COBJECTBRONZESTATUE,CObjectBronzeStatue_object,0077c294,0x0x548,005f3a00,005f3a70,005E76F0 selector 0x7C,,,OBJECT_DISPATCH,VERIFIED,selector_object_factory.md;DP_decompiled.c;xrefs.csv,2026-10-01,Direct paired selector constructor and named vtable evidence; secondary vtable writer remains a lifecycle candidate.
STEAM_PC,OBJ-COBJECTPOTATO,CObjectPotato_object,0077ee7c,0x0x458,005f5450,,005E7620 selector 0x7D,,,OBJECT_DISPATCH,VERIFIED,selector_object_factory.md;DP_decompiled.c;xrefs.csv,2026-10-01,Direct paired selector constructor and named vtable evidence; secondary vtable writer remains a lifecycle candidate.
GOG_PC,OBJ-COBJECTPOTATO,CObjectPotato_object,0077ee6c,0x0x458,005f5550,,005E76F0 selector 0x7D,,,OBJECT_DISPATCH,VERIFIED,selector_object_factory.md;DP_decompiled.c;xrefs.csv,2026-10-01,Direct paired selector constructor and named vtable evidence; secondary vtable writer remains a lifecycle candidate.
STEAM_PC,OBJ-COBJECTPUSHWARDROBE,CObjectPushWardrobe_object,0077c354,0x0x500,005f39a0,005f39c0,005E7620 selector 0x7E,,,OBJECT_DISPATCH,VERIFIED,selector_object_factory.md;DP_decompiled.c;xrefs.csv,2026-10-01,Direct paired selector constructor and named vtable evidence; secondary vtable writer remains a lifecycle candidate.
GOG_PC,OBJ-COBJECTPUSHWARDROBE,CObjectPushWardrobe_object,0077c344,0x0x500,005f3aa0,005f3ac0,005E76F0 selector 0x7E,,,OBJECT_DISPATCH,VERIFIED,selector_object_factory.md;DP_decompiled.c;xrefs.csv,2026-10-01,Direct paired selector constructor and named vtable evidence; secondary vtable writer remains a lifecycle candidate.
STEAM_PC,OBJ-COBJECTWOODENBOX,CObjectWoodenbox_object,0077c404,0x0x4b8,005f39f0,005f3a10,005E7620 selector 0x7F,,,OBJECT_DISPATCH,VERIFIED,selector_object_factory.md;DP_decompiled.c;xrefs.csv,2026-10-01,Direct paired selector constructor and named vtable evidence; secondary vtable writer remains a lifecycle candidate.
GOG_PC,OBJ-COBJECTWOODENBOX,CObjectWoodenbox_object,0077c3f4,0x0x4b8,005f3af0,005f3b10,005E76F0 selector 0x7F,,,OBJECT_DISPATCH,VERIFIED,selector_object_factory.md;DP_decompiled.c;xrefs.csv,2026-10-01,Direct paired selector constructor and named vtable evidence; secondary vtable writer remains a lifecycle candidate.
STEAM_PC,OBJ-COBJECTOLDTREE,CObjectOldTree_object,0077dfe4,0x0x460,005f47e0,005f4800,005E7620 selector 0x80,,,OBJECT_DISPATCH,VERIFIED,selector_object_factory.md;DP_decompiled.c;xrefs.csv,2026-10-01,Direct paired selector constructor and named vtable evidence; secondary vtable writer remains a lifecycle candidate.
GOG_PC,OBJ-COBJECTOLDTREE,CObjectOldTree_object,0077dfd4,0x0x460,005f48b0,005f48d0,005E76F0 selector 0x80,,,OBJECT_DISPATCH,VERIFIED,selector_object_factory.md;DP_decompiled.c;xrefs.csv,2026-10-01,Direct paired selector constructor and named vtable evidence; secondary vtable writer remains a lifecycle candidate.
STEAM_PC,OBJ-COBJECTCROWSNEST,CObjectCrowsNest_object,0077e094,0x0x4c8,005f4830,005f4930,005E7620 selector 0x81,,,OBJECT_DISPATCH,VERIFIED,selector_object_factory.md;DP_decompiled.c;xrefs.csv,2026-10-01,Direct paired selector constructor and named vtable evidence; secondary vtable writer remains a lifecycle candidate.
GOG_PC,OBJ-COBJECTCROWSNEST,CObjectCrowsNest_object,0077e084,0x0x4c8,005f4900,005f4a00,005E76F0 selector 0x81,,,OBJECT_DISPATCH,VERIFIED,selector_object_factory.md;DP_decompiled.c;xrefs.csv,2026-10-01,Direct paired selector constructor and named vtable evidence; secondary vtable writer remains a lifecycle candidate.
STEAM_PC,OBJ-COBJECTBRIANSTONECONSTRUCTION,CObjectBrianStoneConstruction_object,0077c4b4,0x0x528,005f3a40,005f3a60,005E7620 selector 0x82,,,OBJECT_DISPATCH,VERIFIED,selector_object_factory.md;DP_decompiled.c;xrefs.csv,2026-10-01,Direct paired selector constructor and named vtable evidence; secondary vtable writer remains a lifecycle candidate.
GOG_PC,OBJ-COBJECTBRIANSTONECONSTRUCTION,CObjectBrianStoneConstruction_object,0077c4a4,0x0x528,005f3b40,005f3b60,005E76F0 selector 0x82,,,OBJECT_DISPATCH,VERIFIED,selector_object_factory.md;DP_decompiled.c;xrefs.csv,2026-10-01,Direct paired selector constructor and named vtable evidence; secondary vtable writer remains a lifecycle candidate.
STEAM_PC,OBJ-COBJECTMUDEADTREE,CObjectMuDeadTree_object,0077c564,0x0x4b8,005f3a90,005f3ab0,005E7620 selector 0x83,,,OBJECT_DISPATCH,VERIFIED,selector_object_factory.md;DP_decompiled.c;xrefs.csv,2026-10-01,Direct paired selector constructor and named vtable evidence; secondary vtable writer remains a lifecycle candidate.
GOG_PC,OBJ-COBJECTMUDEADTREE,CObjectMuDeadTree_object,0077c554,0x0x4b8,005f3b90,005f3bb0,005E76F0 selector 0x83,,,OBJECT_DISPATCH,VERIFIED,selector_object_factory.md;DP_decompiled.c;xrefs.csv,2026-10-01,Direct paired selector constructor and named vtable evidence; secondary vtable writer remains a lifecycle candidate.
STEAM_PC,OBJ-COBJECTSTRETCHER,CObjectStretcher_object,00778b9c,0x0x4d0,005ae480,005b0540,005E7620 selector 0x84,,,OBJECT_DISPATCH,VERIFIED,selector_object_factory.md;DP_decompiled.c;xrefs.csv,2026-10-01,Direct paired selector constructor and named vtable evidence; secondary vtable writer remains a lifecycle candidate.
GOG_PC,OBJ-COBJECTSTRETCHER,CObjectStretcher_object,00778b8c,0x0x4d0,005ae550,005b0610,005E76F0 selector 0x84,,,OBJECT_DISPATCH,VERIFIED,selector_object_factory.md;DP_decompiled.c;xrefs.csv,2026-10-01,Direct paired selector constructor and named vtable evidence; secondary vtable writer remains a lifecycle candidate.
STEAM_PC,OBJ-COBJECTGLASS,CObjectGlass_object,0077ef2c,0x0x460,005f5470,,005E7620 selector 0x85,,,OBJECT_DISPATCH,VERIFIED,selector_object_factory.md;DP_decompiled.c;xrefs.csv,2026-10-01,Direct paired selector constructor and named vtable evidence; secondary vtable writer remains a lifecycle candidate.
GOG_PC,OBJ-COBJECTGLASS,CObjectGlass_object,0077ef1c,0x0x460,005f5570,,005E76F0 selector 0x85,,,OBJECT_DISPATCH,VERIFIED,selector_object_factory.md;DP_decompiled.c;xrefs.csv,2026-10-01,Direct paired selector constructor and named vtable evidence; secondary vtable writer remains a lifecycle candidate.
STEAM_PC,OBJ-COBJECTMRI,CObjectMRI_object,0077d644,0x0x460,005f4270,005f42a0,005E7620 selector 0x86,,,OBJECT_DISPATCH,VERIFIED,selector_object_factory.md;DP_decompiled.c;xrefs.csv,2026-10-01,Direct paired selector constructor and named vtable evidence; secondary vtable writer remains a lifecycle candidate.
GOG_PC,OBJ-COBJECTMRI,CObjectMRI_object,0077d634,0x0x460,005f4370,005f43a0,005E76F0 selector 0x86,,,OBJECT_DISPATCH,VERIFIED,selector_object_factory.md;DP_decompiled.c;xrefs.csv,2026-10-01,Direct paired selector constructor and named vtable evidence; secondary vtable writer remains a lifecycle candidate.
STEAM_PC,OBJ-COBJECTWESTERNDOOR,CObjectWesternDoor_object,0077ad2c,0x0x478,005f2c40,005f2c60,005E7620 selector 0x87,,,OBJECT_DISPATCH,VERIFIED,selector_object_factory.md;DP_decompiled.c;xrefs.csv,2026-10-01,Direct paired selector constructor and named vtable evidence; secondary vtable writer remains a lifecycle candidate.
GOG_PC,OBJ-COBJECTWESTERNDOOR,CObjectWesternDoor_object,0077ad1c,0x0x478,005f2d10,005f2d30,005E76F0 selector 0x87,,,OBJECT_DISPATCH,VERIFIED,selector_object_factory.md;DP_decompiled.c;xrefs.csv,2026-10-01,Direct paired selector constructor and named vtable evidence; secondary vtable writer remains a lifecycle candidate.
STEAM_PC,OBJ-COBJECTTORUSO,CObjectToruso_object,0077c614,0x0x4b8,005f3ae0,005f3b00,005E7620 selector 0x88,,,OBJECT_DISPATCH,VERIFIED,selector_object_factory.md;DP_decompiled.c;xrefs.csv,2026-10-01,Direct paired selector constructor and named vtable evidence; secondary vtable writer remains a lifecycle candidate.
GOG_PC,OBJ-COBJECTTORUSO,CObjectToruso_object,0077c604,0x0x4b8,005f3be0,005f3c00,005E76F0 selector 0x88,,,OBJECT_DISPATCH,VERIFIED,selector_object_factory.md;DP_decompiled.c;xrefs.csv,2026-10-01,Direct paired selector constructor and named vtable evidence; secondary vtable writer remains a lifecycle candidate.
STEAM_PC,OBJ-COBJECTCHEST,CObjectChest_object,0077c6c4,0x0x500,005f3b30,005f3b50,005E7620 selector 0x89,,,OBJECT_DISPATCH,VERIFIED,selector_object_factory.md;DP_decompiled.c;xrefs.csv,2026-10-01,Direct paired selector constructor and named vtable evidence; secondary vtable writer remains a lifecycle candidate.
GOG_PC,OBJ-COBJECTCHEST,CObjectChest_object,0077c6b4,0x0x500,005f3c30,005f3c50,005E76F0 selector 0x89,,,OBJECT_DISPATCH,VERIFIED,selector_object_factory.md;DP_decompiled.c;xrefs.csv,2026-10-01,Direct paired selector constructor and named vtable evidence; secondary vtable writer remains a lifecycle candidate.
STEAM_PC,OBJ-COBJECTREDSTANDLAMP,CObjectRedStandLamp_object,0077efdc,0x0x458,005f5490,,005E7620 selector 0x8A,,,OBJECT_DISPATCH,VERIFIED,selector_object_factory.md;DP_decompiled.c;xrefs.csv,2026-10-01,Direct paired selector constructor and named vtable evidence; secondary vtable writer remains a lifecycle candidate.
GOG_PC,OBJ-COBJECTREDSTANDLAMP,CObjectRedStandLamp_object,0077efcc,0x0x458,005f5590,,005E76F0 selector 0x8A,,,OBJECT_DISPATCH,VERIFIED,selector_object_factory.md;DP_decompiled.c;xrefs.csv,2026-10-01,Direct paired selector constructor and named vtable evidence; secondary vtable writer remains a lifecycle candidate.
STEAM_PC,OBJ-COBJECTSURVEILCAMERA,CObjectSurveilCamera_object,00778c6c,0x0x470,005b05a0,005b0bf0,005E7620 selector 0x8B,,,OBJECT_DISPATCH,VERIFIED,selector_object_factory.md;DP_decompiled.c;xrefs.csv,2026-10-01,Direct paired selector constructor and named vtable evidence; secondary vtable writer remains a lifecycle candidate.
GOG_PC,OBJ-COBJECTSURVEILCAMERA,CObjectSurveilCamera_object,00778c5c,0x0x470,005b0670,005b0cc0,005E76F0 selector 0x8B,,,OBJECT_DISPATCH,VERIFIED,selector_object_factory.md;DP_decompiled.c;xrefs.csv,2026-10-01,Direct paired selector constructor and named vtable evidence; secondary vtable writer remains a lifecycle candidate.
STEAM_PC,OBJ-COBJECTJUKEBOX,CObjectJukebox_object,00778444,0x0x478,00595bd0,00596660,005E7620 selector 0x8C,,,OBJECT_DISPATCH,VERIFIED,selector_object_factory.md;DP_decompiled.c;xrefs.csv,2026-10-01,Direct paired selector constructor and named vtable evidence; secondary vtable writer remains a lifecycle candidate.
GOG_PC,OBJ-COBJECTJUKEBOX,CObjectJukebox_object,00778434,0x0x478,00595ca0,00596730,005E76F0 selector 0x8C,,,OBJECT_DISPATCH,VERIFIED,selector_object_factory.md;DP_decompiled.c;xrefs.csv,2026-10-01,Direct paired selector constructor and named vtable evidence; secondary vtable writer remains a lifecycle candidate.
STEAM_PC,OBJ-COBJECTSHOCKWAVE,CObjectShockWave_object,0077e144,0x0x488,005f4960,005f4980,005E7620 selector 0x8D,,,OBJECT_DISPATCH,VERIFIED,selector_object_factory.md;DP_decompiled.c;xrefs.csv,2026-10-01,Direct paired selector constructor and named vtable evidence; secondary vtable writer remains a lifecycle candidate.
GOG_PC,OBJ-COBJECTSHOCKWAVE,CObjectShockWave_object,0077e134,0x0x488,005f4a30,005f4a50,005E76F0 selector 0x8D,,,OBJECT_DISPATCH,VERIFIED,selector_object_factory.md;DP_decompiled.c;xrefs.csv,2026-10-01,Direct paired selector constructor and named vtable evidence; secondary vtable writer remains a lifecycle candidate.
STEAM_PC,OBJ-COBJECTSHOCKWAVEBODY,CObjectShockWaveBody_object,0077e1f4,0x0x470,005f49b0,005f49d0,005E7620 selector 0x8E,,,OBJECT_DISPATCH,VERIFIED,selector_object_factory.md;DP_decompiled.c;xrefs.csv,2026-10-01,Direct paired selector constructor and named vtable evidence; secondary vtable writer remains a lifecycle candidate.
GOG_PC,OBJ-COBJECTSHOCKWAVEBODY,CObjectShockWaveBody_object,0077e1e4,0x0x470,005f4a80,005f4aa0,005E76F0 selector 0x8E,,,OBJECT_DISPATCH,VERIFIED,selector_object_factory.md;DP_decompiled.c;xrefs.csv,2026-10-01,Direct paired selector constructor and named vtable evidence; secondary vtable writer remains a lifecycle candidate.
STEAM_PC,OBJ-COBJECTTVSCREEN,CObjectTVScreen_object,0077db14,0x0x488,005f4530,005f45a0,005E7620 selector 0x8F,,,OBJECT_DISPATCH,VERIFIED,selector_object_factory.md;DP_decompiled.c;xrefs.csv,2026-10-01,Direct paired selector constructor and named vtable evidence; secondary vtable writer remains a lifecycle candidate.
GOG_PC,OBJ-COBJECTTVSCREEN,CObjectTVScreen_object,0077db04,0x0x488,005f4630,005f46a0,005E76F0 selector 0x8F,,,OBJECT_DISPATCH,VERIFIED,selector_object_factory.md;DP_decompiled.c;xrefs.csv,2026-10-01,Direct paired selector constructor and named vtable evidence; secondary vtable writer remains a lifecycle candidate.
STEAM_PC,OBJ-COBJECTVALVE,CObjectValve_object,0077c774,0x0x4c8,005f3b80,,005E7620 selector 0x90,,,OBJECT_DISPATCH,VERIFIED,selector_object_factory.md;DP_decompiled.c;xrefs.csv,2026-10-01,Direct paired selector constructor and named vtable evidence; secondary vtable writer remains a lifecycle candidate.
GOG_PC,OBJ-COBJECTVALVE,CObjectValve_object,0077c764,0x0x4c8,005f3c80,,005E76F0 selector 0x90,,,OBJECT_DISPATCH,VERIFIED,selector_object_factory.md;DP_decompiled.c;xrefs.csv,2026-10-01,Direct paired selector constructor and named vtable evidence; secondary vtable writer remains a lifecycle candidate.
STEAM_PC,OBJ-COBJECTSHAKINGGRASS,CObjectShakingGrass_object,0077c094,0x0x488,005f3810,005f3830,005E7620 selector 0x91,,,OBJECT_DISPATCH,VERIFIED,selector_object_factory.md;DP_decompiled.c;xrefs.csv,2026-10-01,Direct paired selector constructor and named vtable evidence; secondary vtable writer remains a lifecycle candidate.
GOG_PC,OBJ-COBJECTSHAKINGGRASS,CObjectShakingGrass_object,0077c084,0x0x488,005f3910,005f3930,005E76F0 selector 0x91,,,OBJECT_DISPATCH,VERIFIED,selector_object_factory.md;DP_decompiled.c;xrefs.csv,2026-10-01,Direct paired selector constructor and named vtable evidence; secondary vtable writer remains a lifecycle candidate.
STEAM_PC,OBJ-COBJECTFALLHAND,CObjectFallHand_object,0077f08c,0x0x4a8,005f54b0,,005E7620 selector 0x92,,,OBJECT_DISPATCH,VERIFIED,selector_object_factory.md;DP_decompiled.c;xrefs.csv,2026-10-01,Direct paired selector constructor and named vtable evidence; secondary vtable writer remains a lifecycle candidate.
GOG_PC,OBJ-COBJECTFALLHAND,CObjectFallHand_object,0077f07c,0x0x4a8,005f55b0,,005E76F0 selector 0x92,,,OBJECT_DISPATCH,VERIFIED,selector_object_factory.md;DP_decompiled.c;xrefs.csv,2026-10-01,Direct paired selector constructor and named vtable evidence; secondary vtable writer remains a lifecycle candidate.
STEAM_PC,OBJ-COBJECTMANTARGET,CObjectManTarget_object,0077f13c,0x0x4f8,005f54d0,,005E7620 selector 0x93,,,OBJECT_DISPATCH,VERIFIED,selector_object_factory.md;DP_decompiled.c;xrefs.csv,2026-10-01,Direct paired selector constructor and named vtable evidence; secondary vtable writer remains a lifecycle candidate.
GOG_PC,OBJ-COBJECTMANTARGET,CObjectManTarget_object,0077f12c,0x0x4f8,005f55d0,,005E76F0 selector 0x93,,,OBJECT_DISPATCH,VERIFIED,selector_object_factory.md;DP_decompiled.c;xrefs.csv,2026-10-01,Direct paired selector constructor and named vtable evidence; secondary vtable writer remains a lifecycle candidate.
STEAM_PC,OBJ-COBJECTDESTRUCTGATE,CObjectDestructGate_object,0077f1ec,0x0x4b8,005f54f0,,005E7620 selector 0x94,,,OBJECT_DISPATCH,VERIFIED,selector_object_factory.md;DP_decompiled.c;xrefs.csv,2026-10-01,Direct paired selector constructor and named vtable evidence; secondary vtable writer remains a lifecycle candidate.
GOG_PC,OBJ-COBJECTDESTRUCTGATE,CObjectDestructGate_object,0077f1dc,0x0x4b8,005f55f0,,005E76F0 selector 0x94,,,OBJECT_DISPATCH,VERIFIED,selector_object_factory.md;DP_decompiled.c;xrefs.csv,2026-10-01,Direct paired selector constructor and named vtable evidence; secondary vtable writer remains a lifecycle candidate.
STEAM_PC,OBJ-COBJECTSHOPSIGN,CObjectShopSign_object,00778a84,0x0x460,005ab570,005abd40,005E7620 selector 0x95,,,OBJECT_DISPATCH,VERIFIED,selector_object_factory.md;DP_decompiled.c;xrefs.csv,2026-10-01,Direct paired selector constructor and named vtable evidence; secondary vtable writer remains a lifecycle candidate.
GOG_PC,OBJ-COBJECTSHOPSIGN,CObjectShopSign_object,00778a74,0x0x460,005ab640,005abe10,005E76F0 selector 0x95,,,OBJECT_DISPATCH,VERIFIED,selector_object_factory.md;DP_decompiled.c;xrefs.csv,2026-10-01,Direct paired selector constructor and named vtable evidence; secondary vtable writer remains a lifecycle candidate.
STEAM_PC,OBJ-COBJECTWINEBOX,CObjectWinebox_object,0077c824,0x0x728,005f3ba0,005f3bc0,005E7620 selector 0x96,,,OBJECT_DISPATCH,VERIFIED,selector_object_factory.md;DP_decompiled.c;xrefs.csv,2026-10-01,Direct paired selector constructor and named vtable evidence; secondary vtable writer remains a lifecycle candidate.
GOG_PC,OBJ-COBJECTWINEBOX,CObjectWinebox_object,0077c814,0x0x728,005f3ca0,005f3cc0,005E76F0 selector 0x96,,,OBJECT_DISPATCH,VERIFIED,selector_object_factory.md;DP_decompiled.c;xrefs.csv,2026-10-01,Direct paired selector constructor and named vtable evidence; secondary vtable writer remains a lifecycle candidate.
STEAM_PC,OBJ-COBJECTSHOPNEON,CObjectShopNeon_object,007789d4,0x0x468,005ab470,005abd10,005E7620 selector 0x97,,,OBJECT_DISPATCH,VERIFIED,selector_object_factory.md;DP_decompiled.c;xrefs.csv,2026-10-01,Direct paired selector constructor and named vtable evidence; secondary vtable writer remains a lifecycle candidate.
GOG_PC,OBJ-COBJECTSHOPNEON,CObjectShopNeon_object,007789c4,0x0x468,005ab540,005abde0,005E76F0 selector 0x97,,,OBJECT_DISPATCH,VERIFIED,selector_object_factory.md;DP_decompiled.c;xrefs.csv,2026-10-01,Direct paired selector constructor and named vtable evidence; secondary vtable writer remains a lifecycle candidate.
STEAM_PC,OBJ-COBJECTPIANOHARRY,CObjectPianoHarry_object,007787fc,0x0x460,005a3de0,005a4170,005E7620 selector 0x98,,,OBJECT_DISPATCH,VERIFIED,selector_object_factory.md;DP_decompiled.c;xrefs.csv,2026-10-01,Direct paired selector constructor and named vtable evidence; secondary vtable writer remains a lifecycle candidate.
GOG_PC,OBJ-COBJECTPIANOHARRY,CObjectPianoHarry_object,007787ec,0x0x460,005a3eb0,005a4240,005E76F0 selector 0x98,,,OBJECT_DISPATCH,VERIFIED,selector_object_factory.md;DP_decompiled.c;xrefs.csv,2026-10-01,Direct paired selector constructor and named vtable evidence; secondary vtable writer remains a lifecycle candidate.
STEAM_PC,OBJ-COBJECTBLOODSTAIN,CObjectBloodstain_object,0077e4b4,0x0x460,005f4b30,005f4b50,005E7620 selector 0x99,,,OBJECT_DISPATCH,VERIFIED,selector_object_factory.md;DP_decompiled.c;xrefs.csv,2026-10-01,Direct paired selector constructor and named vtable evidence; secondary vtable writer remains a lifecycle candidate.
GOG_PC,OBJ-COBJECTBLOODSTAIN,CObjectBloodstain_object,0077e4a4,0x0x460,005f4c00,005f4c20,005E76F0 selector 0x99,,,OBJECT_DISPATCH,VERIFIED,selector_object_factory.md;DP_decompiled.c;xrefs.csv,2026-10-01,Direct paired selector constructor and named vtable evidence; secondary vtable writer remains a lifecycle candidate.
STEAM_PC,OBJ-COBJECTHUT,CObjectHut_object,00777d64,0x0x468,00589f20,0058aaa0,005E7620 selector 0x9A,,,OBJECT_DISPATCH,VERIFIED,selector_object_factory.md;DP_decompiled.c;xrefs.csv,2026-10-01,Direct paired selector constructor and named vtable evidence; secondary vtable writer remains a lifecycle candidate.
GOG_PC,OBJ-COBJECTHUT,CObjectHut_object,00777d54,0x0x468,00589ff0,0058ab70,005E76F0 selector 0x9A,,,OBJECT_DISPATCH,VERIFIED,selector_object_factory.md;DP_decompiled.c;xrefs.csv,2026-10-01,Direct paired selector constructor and named vtable evidence; secondary vtable writer remains a lifecycle candidate.
STEAM_PC,OBJ-COBJECTGARAGE,CObjectGarage_object,0077df34,0x0x460,005f4790,005f47b0,005E7620 selector 0x9B,,,OBJECT_DISPATCH,VERIFIED,selector_object_factory.md;DP_decompiled.c;xrefs.csv,2026-10-01,Direct paired selector constructor and named vtable evidence; secondary vtable writer remains a lifecycle candidate.
GOG_PC,OBJ-COBJECTGARAGE,CObjectGarage_object,0077df24,0x0x460,005f4860,005f4880,005E76F0 selector 0x9B,,,OBJECT_DISPATCH,VERIFIED,selector_object_factory.md;DP_decompiled.c;xrefs.csv,2026-10-01,Direct paired selector constructor and named vtable evidence; secondary vtable writer remains a lifecycle candidate.
STEAM_PC,OBJ-COBJECTVENDOR,CObjectVendor_object,0077916c,0x0x458,005bd760,005bddb0,005E7620 selector 0x9C,,,OBJECT_DISPATCH,VERIFIED,selector_object_factory.md;DP_decompiled.c;xrefs.csv,2026-10-01,Direct paired selector constructor and named vtable evidence; secondary vtable writer remains a lifecycle candidate.
GOG_PC,OBJ-COBJECTVENDOR,CObjectVendor_object,0077915c,0x0x458,005bd830,005bde80,005E76F0 selector 0x9C,,,OBJECT_DISPATCH,VERIFIED,selector_object_factory.md;DP_decompiled.c;xrefs.csv,2026-10-01,Direct paired selector constructor and named vtable evidence; secondary vtable writer remains a lifecycle candidate.
STEAM_PC,OBJ-COBJECTDEERHEAD,CObjectDeerHead_object,007774ec,0x0x460,0056a8d0,0056b1c0,005E7620 selector 0x9D,,,OBJECT_DISPATCH,VERIFIED,selector_object_factory.md;DP_decompiled.c;xrefs.csv,2026-10-01,Direct paired selector constructor and named vtable evidence; secondary vtable writer remains a lifecycle candidate.
GOG_PC,OBJ-COBJECTDEERHEAD,CObjectDeerHead_object,007774dc,0x0x460,0056a9a0,0056b290,005E76F0 selector 0x9D,,,OBJECT_DISPATCH,VERIFIED,selector_object_factory.md;DP_decompiled.c;xrefs.csv,2026-10-01,Direct paired selector constructor and named vtable evidence; secondary vtable writer remains a lifecycle candidate.
STEAM_PC,OBJ-COBJECTDEERLOCK,CObjectDeerLock_object,0077759c,0x0x490,0056a900,0056b1f0,005E7620 selector 0x9E,,,OBJECT_DISPATCH,VERIFIED,selector_object_factory.md;DP_decompiled.c;xrefs.csv,2026-10-01,Direct paired selector constructor and named vtable evidence; secondary vtable writer remains a lifecycle candidate.
GOG_PC,OBJ-COBJECTDEERLOCK,CObjectDeerLock_object,0077758c,0x0x490,0056a9d0,0056b2c0,005E76F0 selector 0x9E,,,OBJECT_DISPATCH,VERIFIED,selector_object_factory.md;DP_decompiled.c;xrefs.csv,2026-10-01,Direct paired selector constructor and named vtable evidence; secondary vtable writer remains a lifecycle candidate.
STEAM_PC,OBJ-COBJECTSPECIES,CObjectSpecies_object,0077e2a4,0x0x460,005f4a00,005f4a20,005E7620 selector 0x9F,,,OBJECT_DISPATCH,VERIFIED,selector_object_factory.md;DP_decompiled.c;xrefs.csv,2026-10-01,Direct paired selector constructor and named vtable evidence; secondary vtable writer remains a lifecycle candidate.
GOG_PC,OBJ-COBJECTSPECIES,CObjectSpecies_object,0077e294,0x0x460,005f4ad0,005f4af0,005E76F0 selector 0x9F,,,OBJECT_DISPATCH,VERIFIED,selector_object_factory.md;DP_decompiled.c;xrefs.csv,2026-10-01,Direct paired selector constructor and named vtable evidence; secondary vtable writer remains a lifecycle candidate.
STEAM_PC,OBJ-COBJECTDARTS,CObjectDarts_object,0077e354,0x0x4f0,005f4a50,005f4aa0,005E7620 selector 0xA0,,,OBJECT_DISPATCH,VERIFIED,selector_object_factory.md;DP_decompiled.c;xrefs.csv,2026-10-01,Direct paired selector constructor and named vtable evidence; secondary vtable writer remains a lifecycle candidate.
GOG_PC,OBJ-COBJECTDARTS,CObjectDarts_object,0077e344,0x0x4f0,005f4b20,005f4b70,005E76F0 selector 0xA0,,,OBJECT_DISPATCH,VERIFIED,selector_object_factory.md;DP_decompiled.c;xrefs.csv,2026-10-01,Direct paired selector constructor and named vtable evidence; secondary vtable writer remains a lifecycle candidate.
STEAM_PC,OBJ-COBJECTDARTSMACHINE,CObjectDartsMachine_object,0077e404,0x0x480,005f4ad0,005f4b00,005E7620 selector 0xA1,,,OBJECT_DISPATCH,VERIFIED,selector_object_factory.md;DP_decompiled.c;xrefs.csv,2026-10-01,Direct paired selector constructor and named vtable evidence; secondary vtable writer remains a lifecycle candidate.
GOG_PC,OBJ-COBJECTDARTSMACHINE,CObjectDartsMachine_object,0077e3f4,0x0x480,005f4ba0,005f4bd0,005E76F0 selector 0xA1,,,OBJECT_DISPATCH,VERIFIED,selector_object_factory.md;DP_decompiled.c;xrefs.csv,2026-10-01,Direct paired selector constructor and named vtable evidence; secondary vtable writer remains a lifecycle candidate.
STEAM_PC,OBJ-COBJECTTELESCOPE,CObjectTelescope_object,0077c8d4,0x0x4f8,005f3bf0,005f3c10,005E7620 selector 0xA2,,,OBJECT_DISPATCH,VERIFIED,selector_object_factory.md;DP_decompiled.c;xrefs.csv,2026-10-01,Direct paired selector constructor and named vtable evidence; secondary vtable writer remains a lifecycle candidate.
GOG_PC,OBJ-COBJECTTELESCOPE,CObjectTelescope_object,0077c8c4,0x0x4f8,005f3cf0,005f3d10,005E76F0 selector 0xA2,,,OBJECT_DISPATCH,VERIFIED,selector_object_factory.md;DP_decompiled.c;xrefs.csv,2026-10-01,Direct paired selector constructor and named vtable evidence; secondary vtable writer remains a lifecycle candidate.
STEAM_PC,OBJ-COBJECTPARKINGMOB,CObjectParkingMob_object,0077c984,0x0x488,005f3c40,005f3c60,005E7620 selector 0xA3,,,OBJECT_DISPATCH,VERIFIED,selector_object_factory.md;DP_decompiled.c;xrefs.csv,2026-10-01,Direct paired selector constructor and named vtable evidence; secondary vtable writer remains a lifecycle candidate.
GOG_PC,OBJ-COBJECTPARKINGMOB,CObjectParkingMob_object,0077c974,0x0x488,005f3d40,005f3d60,005E76F0 selector 0xA3,,,OBJECT_DISPATCH,VERIFIED,selector_object_factory.md;DP_decompiled.c;xrefs.csv,2026-10-01,Direct paired selector constructor and named vtable evidence; secondary vtable writer remains a lifecycle candidate.
STEAM_PC,OBJ-COBJECTFOUNTAIN,CObjectFountain_object,0077e614,0x0x458,005f4be0,005f4c00,005E7620 selector 0xA4,,,OBJECT_DISPATCH,VERIFIED,selector_object_factory.md;DP_decompiled.c;xrefs.csv,2026-10-01,Direct paired selector constructor and named vtable evidence; secondary vtable writer remains a lifecycle candidate.
GOG_PC,OBJ-COBJECTFOUNTAIN,CObjectFountain_object,0077e604,0x0x458,005f4cb0,005f4cd0,005E76F0 selector 0xA4,,,OBJECT_DISPATCH,VERIFIED,selector_object_factory.md;DP_decompiled.c;xrefs.csv,2026-10-01,Direct paired selector constructor and named vtable evidence; secondary vtable writer remains a lifecycle candidate.
STEAM_PC,OBJ-COBJECTWELL,CObjectWell_object,0077e6c4,0x0x498,005f4c30,005f4cb0,005E7620 selector 0xA5,,,OBJECT_DISPATCH,VERIFIED,selector_object_factory.md;DP_decompiled.c;xrefs.csv,2026-10-01,Direct paired selector constructor and named vtable evidence; secondary vtable writer remains a lifecycle candidate.
GOG_PC,OBJ-COBJECTWELL,CObjectWell_object,0077e6b4,0x0x498,005f4d00,005f4d80,005E76F0 selector 0xA5,,,OBJECT_DISPATCH,VERIFIED,selector_object_factory.md;DP_decompiled.c;xrefs.csv,2026-10-01,Direct paired selector constructor and named vtable evidence; secondary vtable writer remains a lifecycle candidate.
STEAM_PC,OBJ-COBJECTWEED,CObjectWeed_object,0077e564,0x0x480,005f4b80,005f4bb0,005E7620 selector 0xA6,,,OBJECT_DISPATCH,VERIFIED,selector_object_factory.md;DP_decompiled.c;xrefs.csv,2026-10-01,Direct paired selector constructor and named vtable evidence; secondary vtable writer remains a lifecycle candidate.
GOG_PC,OBJ-COBJECTWEED,CObjectWeed_object,0077e554,0x0x480,005f4c50,005f4c80,005E76F0 selector 0xA6,,,OBJECT_DISPATCH,VERIFIED,selector_object_factory.md;DP_decompiled.c;xrefs.csv,2026-10-01,Direct paired selector constructor and named vtable evidence; secondary vtable writer remains a lifecycle candidate.
STEAM_PC,OBJ-COBJECTNONAMEFLAWER,CObjectNoNameFlawer_object,0077ca34,0x0x460,005f3c90,005f3cb0,005E7620 selector 0xA7,,,OBJECT_DISPATCH,VERIFIED,selector_object_factory.md;DP_decompiled.c;xrefs.csv,2026-10-01,Direct paired selector constructor and named vtable evidence; secondary vtable writer remains a lifecycle candidate.
GOG_PC,OBJ-COBJECTNONAMEFLAWER,CObjectNoNameFlawer_object,0077ca24,0x0x460,005f3d90,005f3db0,005E76F0 selector 0xA7,,,OBJECT_DISPATCH,VERIFIED,selector_object_factory.md;DP_decompiled.c;xrefs.csv,2026-10-01,Direct paired selector constructor and named vtable evidence; secondary vtable writer remains a lifecycle candidate.
STEAM_PC,OBJ-COBJECTFIELDPHYSICS_TYPE1,CObjectFieldPhysics_Type1_object,0077cae4,0x0x4d0,005f3ce0,005f3d00,005E7620 selector 0xA8,,,OBJECT_DISPATCH,VERIFIED,selector_object_factory.md;DP_decompiled.c;xrefs.csv,2026-10-01,Direct paired selector constructor and named vtable evidence; secondary vtable writer remains a lifecycle candidate.
GOG_PC,OBJ-COBJECTFIELDPHYSICS_TYPE1,CObjectFieldPhysics_Type1_object,0077cad4,0x0x4d0,005f3de0,005f3e00,005E76F0 selector 0xA8,,,OBJECT_DISPATCH,VERIFIED,selector_object_factory.md;DP_decompiled.c;xrefs.csv,2026-10-01,Direct paired selector constructor and named vtable evidence; secondary vtable writer remains a lifecycle candidate.
STEAM_PC,OBJ-COBJECTFIELDPHYSICS_TYPE2,CObjectFieldPhysics_Type2_object,0077cb94,0x0x4a0,005f3d30,005f3d50,005E7620 selector 0xA9,,,OBJECT_DISPATCH,VERIFIED,selector_object_factory.md;DP_decompiled.c;xrefs.csv,2026-10-01,Direct paired selector constructor and named vtable evidence; secondary vtable writer remains a lifecycle candidate.
GOG_PC,OBJ-COBJECTFIELDPHYSICS_TYPE2,CObjectFieldPhysics_Type2_object,0077cb84,0x0x4a0,005f3e30,005f3e50,005E76F0 selector 0xA9,,,OBJECT_DISPATCH,VERIFIED,selector_object_factory.md;DP_decompiled.c;xrefs.csv,2026-10-01,Direct paired selector constructor and named vtable evidence; secondary vtable writer remains a lifecycle candidate.
STEAM_PC,OBJ-COBJECTFIELDPHYSICS_TYPE4,CObjectFieldPhysics_Type4_object,0077cda4,0x0x4b8,005f3e40,005f3e60,005E7620 selector 0xAB,,,OBJECT_DISPATCH,VERIFIED,selector_object_factory.md;DP_decompiled.c;xrefs.csv,2026-10-01,Direct paired selector constructor and named vtable evidence; secondary vtable writer remains a lifecycle candidate.
GOG_PC,OBJ-COBJECTFIELDPHYSICS_TYPE4,CObjectFieldPhysics_Type4_object,0077cd94,0x0x4b8,005f3f40,005f3f60,005E76F0 selector 0xAB,,,OBJECT_DISPATCH,VERIFIED,selector_object_factory.md;DP_decompiled.c;xrefs.csv,2026-10-01,Direct paired selector constructor and named vtable evidence; secondary vtable writer remains a lifecycle candidate.
STEAM_PC,OBJ-COBJECTDONOTCROSS,CObjectDonotCross_object,0077af3c,0x0x470,005f2d80,005f2db0,005E7620 selector 0xAC,,,OBJECT_DISPATCH,VERIFIED,selector_object_factory.md;DP_decompiled.c;xrefs.csv,2026-10-01,Direct paired selector constructor and named vtable evidence; secondary vtable writer remains a lifecycle candidate.
GOG_PC,OBJ-COBJECTDONOTCROSS,CObjectDonotCross_object,0077af2c,0x0x470,005f2e50,005f2e80,005E76F0 selector 0xAC,,,OBJECT_DISPATCH,VERIFIED,selector_object_factory.md;DP_decompiled.c;xrefs.csv,2026-10-01,Direct paired selector constructor and named vtable evidence; secondary vtable writer remains a lifecycle candidate.
STEAM_PC,OBJ-CMISSILE,CMissile_object,0077b074,0x0x468,005f2e30,005f2e50,005E7620 selector 0xAD,,,OBJECT_DISPATCH,VERIFIED,selector_object_factory.md;DP_decompiled.c;xrefs.csv,2026-10-01,Direct paired selector constructor and named vtable evidence; secondary vtable writer remains a lifecycle candidate.
GOG_PC,OBJ-CMISSILE,CMissile_object,0077b064,0x0x468,005f2f00,005f2f20,005E76F0 selector 0xAD,,,OBJECT_DISPATCH,VERIFIED,selector_object_factory.md;DP_decompiled.c;xrefs.csv,2026-10-01,Direct paired selector constructor and named vtable evidence; secondary vtable writer remains a lifecycle candidate.
STEAM_PC,OBJ-CCARTRIDGECASE,CCartridgecase_object,0077b14c,0x0x460,005f2ea0,005f2ec0,005E7620 selector 0xAE,,,OBJECT_DISPATCH,VERIFIED,selector_object_factory.md;DP_decompiled.c;xrefs.csv,2026-10-01,Direct paired selector constructor and named vtable evidence; secondary vtable writer remains a lifecycle candidate.
GOG_PC,OBJ-CCARTRIDGECASE,CCartridgecase_object,0077b13c,0x0x460,005f2f70,005f2f90,005E76F0 selector 0xAE,,,OBJECT_DISPATCH,VERIFIED,selector_object_factory.md;DP_decompiled.c;xrefs.csv,2026-10-01,Direct paired selector constructor and named vtable evidence; secondary vtable writer remains a lifecycle candidate.
STEAM_PC,OBJ-COBJECTHARRYMONITOR,CObjectHarryMonitor_object,0077dc74,0x0x4b0,005f4620,005f4640,005E7620 selector 0xAF,,,OBJECT_DISPATCH,VERIFIED,selector_object_factory.md;DP_decompiled.c;xrefs.csv,2026-10-01,Direct paired selector constructor and named vtable evidence; secondary vtable writer remains a lifecycle candidate.
GOG_PC,OBJ-COBJECTHARRYMONITOR,CObjectHarryMonitor_object,0077dc64,0x0x4b0,005f4720,005f4740,005E76F0 selector 0xAF,,,OBJECT_DISPATCH,VERIFIED,selector_object_factory.md;DP_decompiled.c;xrefs.csv,2026-10-01,Direct paired selector constructor and named vtable evidence; secondary vtable writer remains a lifecycle candidate.
STEAM_PC,OBJ-COBJECTDETAILS,CObjectDetails_object,0077cf04,0x0x500,005f3ee0,005f3f00,005E7620 selector 0xB0,,,OBJECT_DISPATCH,VERIFIED,selector_object_factory.md;DP_decompiled.c;xrefs.csv,2026-10-01,Direct paired selector constructor and named vtable evidence; secondary vtable writer remains a lifecycle candidate.
GOG_PC,OBJ-COBJECTDETAILS,CObjectDetails_object,0077cef4,0x0x500,005f3fe0,005f4000,005E76F0 selector 0xB0,,,OBJECT_DISPATCH,VERIFIED,selector_object_factory.md;DP_decompiled.c;xrefs.csv,2026-10-01,Direct paired selector constructor and named vtable evidence; secondary vtable writer remains a lifecycle candidate.
STEAM_PC,OBJ-COBJECTCONCREATEBLOCKTYPE1,CObjectConcreateBlockType1_object,0077b594,0x0x6d0,005f32b0,,005E7620 selector 0xB1,,,OBJECT_DISPATCH,VERIFIED,selector_object_factory.md;DP_decompiled.c;xrefs.csv,2026-10-01,Direct paired selector constructor and named vtable evidence; secondary vtable writer remains a lifecycle candidate.
GOG_PC,OBJ-COBJECTCONCREATEBLOCKTYPE1,CObjectConcreateBlockType1_object,0077b584,0x0x6d0,005f33b0,,005E76F0 selector 0xB1,,,OBJECT_DISPATCH,VERIFIED,selector_object_factory.md;DP_decompiled.c;xrefs.csv,2026-10-01,Direct paired selector constructor and named vtable evidence; secondary vtable writer remains a lifecycle candidate.
STEAM_PC,OBJ-COBJECTCONCREATEBLOCKTYPE2,CObjectConcreateBlockType2_object,0077b644,0x0x6e0,005f32d0,,005E7620 selector 0xB2,,,OBJECT_DISPATCH,VERIFIED,selector_object_factory.md;DP_decompiled.c;xrefs.csv,2026-10-01,Direct paired selector constructor and named vtable evidence; secondary vtable writer remains a lifecycle candidate.
GOG_PC,OBJ-COBJECTCONCREATEBLOCKTYPE2,CObjectConcreateBlockType2_object,0077b634,0x0x6e0,005f33d0,,005E76F0 selector 0xB2,,,OBJECT_DISPATCH,VERIFIED,selector_object_factory.md;DP_decompiled.c;xrefs.csv,2026-10-01,Direct paired selector constructor and named vtable evidence; secondary vtable writer remains a lifecycle candidate.
STEAM_PC,OBJ-COBJECTFIELDPHYSICS_BASKETBALL,CObjectFieldPhysics_BasketBall_object,0077ce54,0x0x488,005f3e90,005f3eb0,005E7620 selector 0xB3,,,OBJECT_DISPATCH,VERIFIED,selector_object_factory.md;DP_decompiled.c;xrefs.csv,2026-10-01,Direct paired selector constructor and named vtable evidence; secondary vtable writer remains a lifecycle candidate.
GOG_PC,OBJ-COBJECTFIELDPHYSICS_BASKETBALL,CObjectFieldPhysics_BasketBall_object,0077ce44,0x0x488,005f3f90,005f3fb0,005E76F0 selector 0xB3,,,OBJECT_DISPATCH,VERIFIED,selector_object_factory.md;DP_decompiled.c;xrefs.csv,2026-10-01,Direct paired selector constructor and named vtable evidence; secondary vtable writer remains a lifecycle candidate.
STEAM_PC,OBJ-COBJECTFIELDPHYSICS_DRUM,CObjectFieldPhysics_Drum_object,0077ccf4,0x0x578,005f3df0,005f3e10,005E7620 selector 0xB4,,,OBJECT_DISPATCH,VERIFIED,selector_object_factory.md;DP_decompiled.c;xrefs.csv,2026-10-01,Direct paired selector constructor and named vtable evidence; secondary vtable writer remains a lifecycle candidate.
GOG_PC,OBJ-COBJECTFIELDPHYSICS_DRUM,CObjectFieldPhysics_Drum_object,0077cce4,0x0x578,005f3ef0,005f3f10,005E76F0 selector 0xB4,,,OBJECT_DISPATCH,VERIFIED,selector_object_factory.md;DP_decompiled.c;xrefs.csv,2026-10-01,Direct paired selector constructor and named vtable evidence; secondary vtable writer remains a lifecycle candidate.
STEAM_PC,OBJ-COBJECTCLOTH,CObjectCloth_object,0077cfb4,0x0x488,005f3f30,005f3f50,005E7620 selector 0xB5,,,OBJECT_DISPATCH,VERIFIED,selector_object_factory.md;DP_decompiled.c;xrefs.csv,2026-10-01,Direct paired selector constructor and named vtable evidence; secondary vtable writer remains a lifecycle candidate.
GOG_PC,OBJ-COBJECTCLOTH,CObjectCloth_object,0077cfa4,0x0x488,005f4030,005f4050,005E76F0 selector 0xB5,,,OBJECT_DISPATCH,VERIFIED,selector_object_factory.md;DP_decompiled.c;xrefs.csv,2026-10-01,Direct paired selector constructor and named vtable evidence; secondary vtable writer remains a lifecycle candidate.
STEAM_PC,OBJ-COBJECTMOTIONACTION,CObjectMotionAction_object,007785dc,0x0x488,0059aed0,0059bdf0,005E7620 selector 0xB6,,,OBJECT_DISPATCH,VERIFIED,selector_object_factory.md;DP_decompiled.c;xrefs.csv,2026-10-01,Direct paired selector constructor and named vtable evidence; secondary vtable writer remains a lifecycle candidate.
GOG_PC,OBJ-COBJECTMOTIONACTION,CObjectMotionAction_object,007785cc,0x0x488,0059afa0,0059bec0,005E76F0 selector 0xB6,,,OBJECT_DISPATCH,VERIFIED,selector_object_factory.md;DP_decompiled.c;xrefs.csv,2026-10-01,Direct paired selector constructor and named vtable evidence; secondary vtable writer remains a lifecycle candidate.
STEAM_PC,OBJ-COBJECTMERGETREE,CObjectMergeTree_object,0077d064,0x0x460,005f3f80,005f3fb0,005E7620 selector 0xB7,,,OBJECT_DISPATCH,VERIFIED,selector_object_factory.md;DP_decompiled.c;xrefs.csv,2026-10-01,Direct paired selector constructor and named vtable evidence; secondary vtable writer remains a lifecycle candidate.
GOG_PC,OBJ-COBJECTMERGETREE,CObjectMergeTree_object,0077d054,0x0x460,005f4080,005f40b0,005E76F0 selector 0xB7,,,OBJECT_DISPATCH,VERIFIED,selector_object_factory.md;DP_decompiled.c;xrefs.csv,2026-10-01,Direct paired selector constructor and named vtable evidence; secondary vtable writer remains a lifecycle candidate.
STEAM_PC,OBJ-COBJECTINTERCEPT,CObjectIntercept_object,00777e24,0x0x468,0058aae0,0058b230,005E7620 selector 0xB8,,,OBJECT_DISPATCH,VERIFIED,selector_object_factory.md;DP_decompiled.c;xrefs.csv,2026-10-01,Direct paired selector constructor and named vtable evidence; secondary vtable writer remains a lifecycle candidate.
GOG_PC,OBJ-COBJECTINTERCEPT,CObjectIntercept_object,00777e14,0x0x468,0058abb0,0058b300,005E76F0 selector 0xB8,,,OBJECT_DISPATCH,VERIFIED,selector_object_factory.md;DP_decompiled.c;xrefs.csv,2026-10-01,Direct paired selector constructor and named vtable evidence; secondary vtable writer remains a lifecycle candidate.
STEAM_PC,OBJ-CSIGNALCARTRIDGE,CSignalcartridge_object,0077b0fc,0x0x1b8,005f2e80,,005E7620 selector 0xB9,,,OBJECT_DISPATCH,VERIFIED,selector_object_factory.md;DP_decompiled.c;xrefs.csv,2026-10-01,Direct paired selector constructor and named vtable evidence; secondary vtable writer remains a lifecycle candidate.
GOG_PC,OBJ-CSIGNALCARTRIDGE,CSignalcartridge_object,0077b0ec,0x0x1b8,005f2f50,,005E76F0 selector 0xB9,,,OBJECT_DISPATCH,VERIFIED,selector_object_factory.md;DP_decompiled.c;xrefs.csv,2026-10-01,Direct paired selector constructor and named vtable evidence; secondary vtable writer remains a lifecycle candidate.
STEAM_PC,OBJ-CLUMBERMILL,CLumbermill_object,007794ac,0x0xe70,005ca9f0,005ccb90,005E7620 selector 0xBA,,,OBJECT_DISPATCH,VERIFIED,selector_object_factory.md;DP_decompiled.c;xrefs.csv,2026-10-01,Direct paired selector constructor and named vtable evidence; secondary vtable writer remains a lifecycle candidate.
GOG_PC,OBJ-CLUMBERMILL,CLumbermill_object,0077949c,0x0xe70,005caac0,005ccc60,005E76F0 selector 0xBA,,,OBJECT_DISPATCH,VERIFIED,selector_object_factory.md;DP_decompiled.c;xrefs.csv,2026-10-01,Direct paired selector constructor and named vtable evidence; secondary vtable writer remains a lifecycle candidate.
STEAM_PC,OBJ-COBJECTOBSERVE,CObjectObserve_object,0077a5f4,0x0x458,005f28b0,005f28d0,005E7620 selector 0xBB,,,OBJECT_DISPATCH,VERIFIED,selector_object_factory.md;DP_decompiled.c;xrefs.csv,2026-10-01,Direct paired selector constructor and named vtable evidence; secondary vtable writer remains a lifecycle candidate.
GOG_PC,OBJ-COBJECTOBSERVE,CObjectObserve_object,0077a5e4,0x0x458,005f2980,005f29a0,005E76F0 selector 0xBB,,,OBJECT_DISPATCH,VERIFIED,selector_object_factory.md;DP_decompiled.c;xrefs.csv,2026-10-01,Direct paired selector constructor and named vtable evidence; secondary vtable writer remains a lifecycle candidate.
STEAM_PC,OBJ-COBJECTCONCEAL,CObjectConceal_object,0077d6f4,0x0x460,005f42d0,005f42f0,005E7620 selector 0xBC,,,OBJECT_DISPATCH,VERIFIED,selector_object_factory.md;DP_decompiled.c;xrefs.csv,2026-10-01,Direct paired selector constructor and named vtable evidence; secondary vtable writer remains a lifecycle candidate.
GOG_PC,OBJ-COBJECTCONCEAL,CObjectConceal_object,0077d6e4,0x0x460,005f43d0,005f43f0,005E76F0 selector 0xBC,,,OBJECT_DISPATCH,VERIFIED,selector_object_factory.md;DP_decompiled.c;xrefs.csv,2026-10-01,Direct paired selector constructor and named vtable evidence; secondary vtable writer remains a lifecycle candidate.
STEAM_PC,OBJ-COBJECTMATERIALONFLOOR,CObjectMaterialOnFloor_object,0077f29c,0x0x458,005f5510,,005E7620 selector 0xBD,,,OBJECT_DISPATCH,VERIFIED,selector_object_factory.md;DP_decompiled.c;xrefs.csv,2026-10-01,Direct paired selector constructor and named vtable evidence; secondary vtable writer remains a lifecycle candidate.
GOG_PC,OBJ-COBJECTMATERIALONFLOOR,CObjectMaterialOnFloor_object,0077f28c,0x0x458,005f5610,,005E76F0 selector 0xBD,,,OBJECT_DISPATCH,VERIFIED,selector_object_factory.md;DP_decompiled.c;xrefs.csv,2026-10-01,Direct paired selector constructor and named vtable evidence; secondary vtable writer remains a lifecycle candidate.
STEAM_PC,OBJ-COBJECTMONITER,CObjectMoniter_object,0077dd24,0x0x458,005f4670,005f4690,005E7620 selector 0xBE,,,OBJECT_DISPATCH,VERIFIED,selector_object_factory.md;DP_decompiled.c;xrefs.csv,2026-10-01,Direct paired selector constructor and named vtable evidence; secondary vtable writer remains a lifecycle candidate.
GOG_PC,OBJ-COBJECTMONITER,CObjectMoniter_object,0077dd14,0x0x458,005f4770,005f4790,005E76F0 selector 0xBE,,,OBJECT_DISPATCH,VERIFIED,selector_object_factory.md;DP_decompiled.c;xrefs.csv,2026-10-01,Direct paired selector constructor and named vtable evidence; secondary vtable writer remains a lifecycle candidate.
STEAM_PC,OBJ-CPLAYER,CPlayer_object,007767fc,0xd50,0052df70,0052EAF0 ordinary;005348E0 availabledeleting,005e7620/005e76f0 selector 0x01,Availableown005348E0 argbit0sameP→0074E82B; ordinarytwoindexedphysicsrequestsites; actualselectedPlayergen/finaluseUNKNOWN,,OBJECT_DISPATCH,VERIFIED,findings/boundaries/animation_model_state_submission.md;findings/boundaries/cgame_record_reconstruction_root.md;findings/boundaries/selector_object_factory.md;findings/boundaries/object_handle_lifecycle.md;findings/boundaries/phase5_player_physics_dependency_teardown.md,2026-10-04,"Outer selector object; embedded CMustachesAdmin at +0x80C. Paired player initialization callback directly constructs it then registers the outer object through 00BD7670 -> CRdHandleUtil 01481358, which assigns outer +0x3C a packed handle. Sequence26 selected model160/164 resources,1E4 A0-state/1E8 matrix-output,98 base/200 additionalstate,packet148/80 consumer; shared installed10/28/44 interfaces. Receiver/retainer notexclusive ownership orsafe free. Seq96 completePlayerown/ordinary qualified:94C/950 signedDWORDoperands, notdirectpointers; currentcoreC1/C2 independent, helperQ/W/Mgen/indexdomain/table/lastuse unproved. No CMustachechilddestruction/currentrootfree promotion."
STEAM_PC,OBJ-CMUSTACHESADMIN-EMBEDDED,CMustachesAdmin_embedded_object,007713f4,,0052df70,0052eaf0,,,CPlayer,OBJECT_DISPATCH,VERIFIED,selector_object_factory.md;DP_decompiled.c;xrefs.csv,2026-10-01,"CPlayer in-place embedding at outer +0x80C. General CMustachesAdmin type has 0x3C observed allocation in CFishingPerson, in-place CMenu embedding at +0x9478, and paired initializer/reset/deleting-destructor helpers. No direct independent manager registration, CRdHandleUtil handle, or release is observed in reviewed helper/outer lifecycle paths. CMustachesAdmin has no own direct CRdHandleUtil registration, but its +0x2C/+0x30/+0x34 fields hold packed handles for three separately registered CMustache children."
GOG_PC,OBJ-CPLAYER,CPlayer_object,007767ec,0xd50,0052e040,0052ebc0,005e7620/005e76f0 selector 0x01,,,OBJECT_DISPATCH,VERIFIED,selector_object_factory.md;DP_decompiled.c;xrefs.csv,2026-10-01,"Outer selector object; embedded CMustachesAdmin at +0x80C. Paired player initialization callback directly constructs it then registers the outer object through 00BD7670 -> CRdHandleUtil 01481358, which assigns outer +0x3C a packed handle."
GOG_PC,OBJ-CMUSTACHESADMIN-EMBEDDED,CMustachesAdmin_embedded_object,007713e4,,0052e040,0052ebc0,,,CPlayer,OBJECT_DISPATCH,VERIFIED,selector_object_factory.md;DP_decompiled.c;xrefs.csv,2026-10-01,"CPlayer in-place embedding at outer +0x80C. General CMustachesAdmin type has 0x3C observed allocation in CFishingPerson, in-place CMenu embedding at +0x9478, and paired initializer/reset/deleting-destructor helpers. No direct independent manager registration, CRdHandleUtil handle, or release is observed in reviewed helper/outer lifecycle paths. CMustachesAdmin has no own direct CRdHandleUtil registration, but its +0x2C/+0x30/+0x34 fields hold packed handles for three separately registered CMustache children."
STEAM_PC,OBJ-CNPCKILLER,CNpcKiller_object,0077a6ac,0x1370,005f2930,005f29a0,005e7620/005e76f0 selector 0x08,,,OBJECT_DISPATCH,VERIFIED,selector_object_factory.md;DP_decompiled.c;xrefs.csv,2026-10-01,"Outer selector object; embedded CNpcRecord at +0xD28. Paired source-type dispatch 004AB200/004AB2E0 maps source byte +0x30 value 7 to selector 0x08; successful factory completion directly registers the outer object through 00BD7670 -> CRdHandleUtil 01481358, assigning outer +0x3C a packed handle."
STEAM_PC,OBJ-CNPCRECORD-EMBEDDED,CNpcRecord_embedded_object,0077a6a0,,005f2900;005f2930,005f2910;005f29a0,,,CNpcKiller,OBJECT_DISPATCH,VERIFIED,selector_object_factory.md;DP_decompiled.c;xrefs.csv,2026-10-01,"Embedded vtable at outer +0xD28. Paired vtable-only initializer and deleting-destructor helper exist, while outer CNpcKiller construction/teardown write the embedded vtable directly. No direct CRdHandleUtil registration, active-manager list operation, or independent handle field is observed for the embedded record."
GOG_PC,OBJ-CNPCKILLER,CNpcKiller_object,0077a69c,0x1370,005f2a00,005f2a70,005e7620/005e76f0 selector 0x08,,,OBJECT_DISPATCH,VERIFIED,selector_object_factory.md;DP_decompiled.c;xrefs.csv,2026-10-01,"Outer selector object; embedded CNpcRecord at +0xD28. Paired source-type dispatch 004AB200/004AB2E0 maps source byte +0x30 value 7 to selector 0x08; successful factory completion directly registers the outer object through 00BD7670 -> CRdHandleUtil 01481358, assigning outer +0x3C a packed handle."
GOG_PC,OBJ-CNPCRECORD-EMBEDDED,CNpcRecord_embedded_object,0077a690,,005f29d0;005f2a00,005f29e0;005f2a70,,,CNpcKiller,OBJECT_DISPATCH,VERIFIED,selector_object_factory.md;DP_decompiled.c;xrefs.csv,2026-10-01,"Embedded vtable at outer +0xD28. Paired vtable-only initializer and deleting-destructor helper exist, while outer CNpcKiller construction/teardown write the embedded vtable directly. No direct CRdHandleUtil registration, active-manager list operation, or independent handle field is observed for the embedded record."
STEAM_PC,OBJ-CRDHANDLEUTIL,CRdHandleUtil_static_singleton,00826adc,0xa80b,006c7af0,006c7b80,static object 01481358;0076d6d0,0076de90 at-exit teardown,global 01481358,OBJECT_DISPATCH,VERIFIED,DP_decompiled.c;DP_full.asm;symbols.csv:CRdHandleUtil::vftable,2026-10-01,"Static CRdHandleUtil object; observed layout: vtable +0x00, slot cursor +0x04, generation cursor +0x08, 0xA00 pointer slots +0x0C, 0x7FFF generation bytes +0x280C."
GOG_PC,OBJ-CRDHANDLEUTIL,CRdHandleUtil_static_singleton,00826acc,0xa80b,006c75f0,006c7680,static object 01481358;0076d3e0,0076dba0 at-exit teardown,global 01481358,OBJECT_DISPATCH,VERIFIED,DP_decompiled.c;DP_full.asm;symbols.csv:CRdHandleUtil::vftable,2026-10-01,"Static CRdHandleUtil object; observed layout: vtable +0x00, slot cursor +0x04, generation cursor +0x08, 0xA00 pointer slots +0x0C, 0x7FFF generation bytes +0x280C."
STEAM_PC,OBJ-ACTIVE-OBJECT-MANAGER,CSingleton<CRdSceneDraw>,0076f020;0076f048,0x6778 observed acquisition allocation,00405f30;00406f70 inline singleton table installation,00406650;00406980;00406e10,00406f70 caches allocation in 00BD9E68; startup publishes same pointer in 00BD7670,own deleting slots conditionally free; application shutdown calls 006d2880 cleanup only; cache-free invocation UNKNOWN,cache 00BD9E68 / application use root 00BD7670; manages registered active-object lists,OBJECT_DISPATCH,VERIFIED,findings/boundaries/crdscenedraw_active_manager_interface.md;findings/boundaries/scene_submission_pointer_pipeline.md;findings/boundaries/scene_query_member_lifecycle.md,2026-10-03,"Supersedes structural candidate identity with independently decoded RTTI and exact allocation/table/root flow. SceneDraw/Cross/Scene lineage is distinct from CRdObject consumer table and embedded render-resource members. Full semantics/cadence/deleting invocation unresolved; original shutdown-as-free wording corrected. Sequence19 distinct18-byte pointer-vector at63A8 allocated in startup, cleared/filled inpre-render, consumedpost-render andouter-freed ininvokedshutdown. This is member coordination, not root-cachefree reopening; model-packet borrowing SI. Sequence24 independent70-byte COctTree member1CA4 acquisition/phase13 argument/pre-render query/invoked member delete+clear; actual cachefree unchanged."
GOG_PC,OBJ-ACTIVE-OBJECT-MANAGER,CSingleton<CRdSceneDraw>,0076f010;0076f038,0x6778 observed acquisition allocation,00405ef0;00406f30 inline singleton table installation,00406610;00406940;00406dd0,00406f30 caches allocation in 00BD9E68; startup publishes same pointer in 00BD7670,own deleting slots conditionally free; application shutdown calls 006d2450 cleanup only; cache-free invocation UNKNOWN,cache 00BD9E68 / application use root 00BD7670; manages registered active-object lists,OBJECT_DISPATCH,VERIFIED,findings/boundaries/crdscenedraw_active_manager_interface.md,2026-10-02,Supersedes structural candidate identity with independently decoded RTTI and exact allocation/table/root flow. SceneDraw/Cross/Scene lineage is distinct from CRdObject consumer table and embedded render-resource members. Full semantics/cadence/deleting invocation unresolved; original shutdown-as-free wording corrected.
STEAM_PC,OBJ-CMUSTACHESADMIN,CMustachesAdmin,007713f4,0x3c,004274b0;004274d0,004274e0,CFishingPerson 00613960 allocates 0x3c,0060E945 currentP7F0slot0flag1; ifnamedtable004274E0->004274F1 same-shell deallocation; actualtable/generation/safeinvocationUNKNOWN,CFishingPerson7F0 retained3C shell; CPlayer80C/CMenu9478 embeddings distinct; exclusiveownershipUNKNOWN,OBJECT_DISPATCH,VERIFIED,findings/boundaries/phase5_fishing_cold_7f0_shell_retirement.md;findings/boundaries/cmustachesadmin_cmustache_children.md;findings/boundaries/fishing_primary_owner_update.md,2026-10-04,"Three observed forms: CPlayer and CMenu in-place embeddings, CFishingPerson separately allocated parent-held pointer. No direct independent registry/handle operation in reviewed lifecycle code. CMustachesAdmin has no own direct CRdHandleUtil registration, but its +0x2C/+0x30/+0x34 fields hold packed handles for three separately registered CMustache children. Seq84 resolvesformerlyunqualifiedcold7F0 localtype/flagcall: exacttypedwriter namesCMustachesAdmin shell, directhelper thenindependentcurrent-slot0flag1/clear. Constructor/currentchild generation andlastuseUNKNOWN; old immediateactor/CMustache/handlebounds conserved."
GOG_PC,OBJ-CMUSTACHESADMIN,CMustachesAdmin,007713e4,0x3c,004274d0;004274f0,00427500,CFishingPerson 00613A70 allocates 0x3c,UNKNOWN,CPlayer +0x80C; CFishingPerson +0x7F0 pointer; CMenu +0x9478,OBJECT_DISPATCH,VERIFIED,DP_decompiled.c;DP_full.asm;symbols.csv;vtable xrefs,2026-10-01,"Three observed forms: CPlayer and CMenu in-place embeddings, CFishingPerson separately allocated parent-held pointer. No direct independent registry/handle operation in reviewed lifecycle code. CMustachesAdmin has no own direct CRdHandleUtil registration, but its +0x2C/+0x30/+0x34 fields hold packed handles for three separately registered CMustache children."
STEAM_PC,OBJ-CMUSTACHE,CMustache,00776504,0x628,00527170 inline creation,00528020,00527170 allocates 0x628 three times as needed,generic active-object retirement; no direct parent/controller release in reviewed source universe,CMustachesAdmin packed handle fields +0x2C/+0x30/+0x34,OBJECT_DISPATCH,VERIFIED,DP_decompiled.c;DP_full.asm;symbols.csv;findings/boundaries/cmustache_parent_handle_access_limit.md,2026-10-02,CMustachesAdmin resolves child packed handles for state control but no class-discriminated direct parent retirement/release path is recovered.
GOG_PC,OBJ-CMUSTACHE,CMustache,007764f4,0x628,00527240 raw continuation,005280f0,00527240 allocates 0x628 three times as needed,generic active-object retirement; no direct parent/controller release in reviewed source universe,CMustachesAdmin packed handle fields +0x2C/+0x30/+0x34,OBJECT_DISPATCH,VERIFIED,findings/boundaries/cmustache_gog_creator_raw_recovery.md;findings/boundaries/cmustache_parent_handle_access_limit.md,2026-10-02,CMustachesAdmin resolves child packed handles for state control but no class-discriminated direct parent retirement/release path is recovered.
STEAM_PC,OBJ-CMESSAGE,CMessage,0076f674,0x124d0,0040A270,0040A300,lazy CSingleton<CMessage> allocation at 00BDA000,UNKNOWN,CSingleton<CMessage> root 00BDA000,NATIVE_UI,VERIFIED,DP_full.asm;symbols.csv;findings/boundaries/cmessage_constructor_table_base_limit.md,2026-10-02,Raw constructor initializes +0x44 to zero. The later table loader and object lifetime are UNKNOWN.
GOG_PC,OBJ-CMESSAGE,CMessage,0076f664,0x124d0,0040A240,0040A2D0,lazy CSingleton<CMessage> allocation at 00BDA000,UNKNOWN,CSingleton<CMessage> root 00BDA000,NATIVE_UI,VERIFIED,DP_full.asm;symbols.csv;findings/boundaries/cmessage_constructor_table_base_limit.md,2026-10-02,Raw constructor initializes +0x44 to zero. The later table loader and object lifetime are UNKNOWN.
STEAM_PC,OBJ-CSCENEDEMOPOSTEFFECT,CScenedemoPostEffect,0077142c;00771434,0x1224,004276C0,00427680,004277F0 lazily allocates 0x1224 into 00BDBCC8,no direct static root-clear/free caller in bounded source,CSingleton<CScenedemoPostEffect> root 00BDBCC8,OBJECT_DISPATCH,VERIFIED,DP_full.asm;symbols.csv;findings/boundaries/cthrowlure_dispatcher_direct_caller_limit.md;findings/boundaries/cscenedemo_post_effect_lifecycle_limit.md,2026-10-02,Owns a 0x32-entry 0x4C record array. Vtable resolves to a vector deleting destructor but exact root writers only publish allocation/null and no direct static deletion caller is identified.
GOG_PC,OBJ-CSCENEDEMOPOSTEFFECT,CScenedemoPostEffect,0077141c;00771424,0x1224,004276A0,004276E0,00427810 lazily allocates 0x1224 into 00BDBCC8,no direct static root-clear/free caller in bounded source,CSingleton<CScenedemoPostEffect> root 00BDBCC8,OBJECT_DISPATCH,VERIFIED,DP_full.asm;symbols.csv;findings/boundaries/cthrowlure_dispatcher_direct_caller_limit.md;findings/boundaries/cscenedemo_post_effect_lifecycle_limit.md,2026-10-02,Owns a 0x32-entry 0x4C record array. Vtable resolves to a vector deleting destructor but exact root writers only publish allocation/null and no direct static deletion caller is identified.
STEAM_PC,OBJ-CRDMOVIE,CRdMovie_singleton_movie_shell,0076E7B8;0076E838,0x0C observed singleton allocation,Inline named-vtable publication in 00641500,Shared table slot 0; target semantics unreviewed,00641500;006425F0 lazy root,Movie session helper/COM release positive; singleton allocation free invocation UNKNOWN,"00BD9E48; title/control callers; graph interfaces are shared globals, not per-instance ownership",MEDIA_PLAYBACK,VERIFIED,findings/boundaries/crdmovie_directshow_owner.md,2026-10-02,Observed fields +4 active byte/+8 helper. Not independently registered CRdObject. Helper concrete type and full movie mode placement unresolved.
GOG_PC,OBJ-CRDMOVIE,CRdMovie_singleton_movie_shell,0076E7A8;0076E828,0x0C observed singleton allocation,Inline named-vtable publication in 00641450,Shared table slot 0; target semantics unreviewed,00641450;00642540 lazy root,Movie session helper/COM release positive; singleton allocation free invocation UNKNOWN,"00BD9E48; title/control callers; graph interfaces are shared globals, not per-instance ownership",MEDIA_PLAYBACK,VERIFIED,findings/boundaries/crdmovie_directshow_owner.md,2026-10-02,Observed fields +4 active byte/+8 helper. Not independently registered CRdObject. Helper concrete type and full movie mode placement unresolved.
STEAM_PC,OBJ-CMAP,CMap,00779ab4,0xA40C0,005d0680,005d07a0;0076dc50,static .data 013936F0; raw construction stub 0076B720,conditional deleting slot exists; static finalizer cleans embedded target only,static root 013936F0; retains 64 CLevel pointers at +0xA3F98,WORLD_STREAMING,VERIFIED,findings/boundaries/cmap_world_level_owner_root.md;findings/boundaries/phase5_cmap_reset_lensflare_cache_publication.md,2026-10-04,"Raw RTTI-backed identity. No independent active registration or exclusive CLevel lifetime ownership proven. Embedded CTargetManager +0xA3F04; complete size/update/level teardown UNKNOWN. Seq98 invoked005E0D30 initialCrelativezeros inclA3D24/A3D28 andtwo64DWORD ranges24/124; nooldpointeeaccess/free/lastuse. LaterL454/Vadapter/D6744 separate receivers; nearby014379B4 notmemberproof, nolevelarray/genclosure."
GOG_PC,OBJ-CMAP,CMap,00779aa4,0xA40C0,005d0750,005d0870;0076d960,static .data 013936F0; raw construction stub 0076B430,conditional deleting slot exists; static finalizer cleans embedded target only,static root 013936F0; retains 64 CLevel pointers at +0xA3F98,WORLD_STREAMING,VERIFIED,findings/boundaries/cmap_world_level_owner_root.md,2026-10-02,Raw RTTI-backed identity. No independent active registration or exclusive CLevel lifetime ownership proven. Embedded CTargetManager +0xA3F04; complete size/update/level teardown UNKNOWN.
STEAM_PC,OBJ-CRDOBJECT,CRdObject,0076e6b4,0x15C constructor-observed lower bound,00402650,0062d170;006BA850 basepacket/queryinterface,"selected native task 0x160 construction is existing portfolio, not universal class size","Selectedavailablemodelownslot/ordinary->buffercleanup thenbasepacket148deallocation/clear beforecurrent48(0), plusflag1outerdeallocation; actualselectedinstance/generation/safe-lastuseUNKNOWN",selected successful task/factory results registered to CRdSceneDraw; not every CRdObject instance assumed registered,OBJECT_DISPATCH,VERIFIED,findings/boundaries/crdscenedraw_active_manager_interface.md;findings/boundaries/phase5_model_buffer_packet_retirement.md,2026-10-04,Root consumer interface distinct from manager. Constructor callback/handle/link fields and raw material targets independently evidenced; CShop derived-interface behavior reused. Full family taxonomy/cadence not established. Phase5narrowsownslot/basepacket unvisitedwording atavailableinterface scope only. Invokedrebindbufferfree/reset separatefromactualwholedeleting; packet/resource/vector generations/lastuse unproved.
GOG_PC,OBJ-CRDOBJECT,CRdObject,0076e6a4,0x15C constructor-observed lower bound,00402650,005f4dd0,"selected native task 0x160 construction is existing portfolio, not universal class size",class deleting slot optional flag-1 free; generic retirement calls selected object slot zero,selected successful task/factory results registered to CRdSceneDraw; not every CRdObject instance assumed registered,OBJECT_DISPATCH,VERIFIED,findings/boundaries/crdscenedraw_active_manager_interface.md,2026-10-02,Root consumer interface distinct from manager. Constructor callback/handle/link fields and raw material targets independently evidenced; CShop derived-interface behavior reused. Full family taxonomy/cadence not established.
STEAM_PC,OBJ-AUDIO-CSdCore-ROOT,CSingleton<CSdCore>,00773154;00828548,0x50C observed lazy allocation; base stores through +0x508,0072ba00;0046f9d0,0046f8f0 singleton slot;0072db30 base slot (body not deepened),0046f9d0 0x50C; distinct static receiver 014B0400 via 0076d9b0,Available0046F8F0 sharedcleanup thenargbit0savedreceiver deallocationboundary; actualcurrent0138A6E4invocation/rootclear/success/lastuserUNKNOWN,"cache 0138A6E4; backend 014B01E4 shared with distinct static CSdCore, not exclusive fields",AUDIO,VERIFIED,findings/boundaries/gameplay_audio_organizing_roots.md;findings/boundaries/audio_descriptor_request_record_chain.md;findings/boundaries/audio_static_core_backend_cleanup.md;findings/boundaries/phase5_audio_singleton_cleanup_interface_limit.md,2026-10-04,"Base/derived raw RTTI and acquired object layout independently checked. Retention/use is not exclusive lifetime or backend ownership; full field/slot semantics unresolved. Phase4 symbolicP/32x24 rows/coreK/statusQ/backreference andopaque bank-C output14 route verified; namednode fields/bank/API/actualsuccess/ownership/free UNKNOWN. Seq56 distinct static014B0400 has actual direct cleanup adapter/local shared-storage contract. This does not prove invocation/deletion of lazy0138A6E4; absolute A/B/V are not root member offsets. Seq90 exactcompleteownslot nowqualified: cleanupnotgatedbyargbit0; no localroot/sharedcountgate, no globalabsence oractualcachedfree proof."
GOG_PC,OBJ-AUDIO-CSdCore-ROOT,CSingleton<CSdCore>,00773144;00828078,0x50C observed lazy allocation; base stores through +0x508,0072b710;0046fad0,0046f9f0 singleton slot;0072d840 base slot (body not deepened),0046fad0 0x50C; distinct static receiver 014B0400 via 0076d6c0,own deleting slot targets identified; actual lazy-root free/clear UNKNOWN,"cache 0138A6E4; backend 014B01E4 shared with distinct static CSdCore, not exclusive fields",AUDIO,VERIFIED,findings/boundaries/gameplay_audio_organizing_roots.md,2026-10-03,Base/derived raw RTTI and acquired object layout independently checked. Retention/use is not exclusive lifetime or backend ownership; full field/slot semantics unresolved.
STEAM_PC,OBJ-AUDIO-CSound-ROOT,CSound,00773164,0x68A0 observed malloc allocation,0046a7b0;004183d0,0046fa50,004183d0,selected own slot conditionally frees; actual cache/root-clear invocation UNKNOWN,"acquired cache 0138A6E0; conditional use from startup-installed task/audio coordinator, not task ownership proof",AUDIO,VERIFIED,findings/boundaries/gameplay_audio_organizing_roots.md;findings/boundaries/audio_descriptor_request_record_chain.md,2026-10-03,"Raw RTTI, exact allocation/constructor receiver and use verified. Embedded records/volume scalars not independently owned resources; no forced GOG mapping. Phase4 selected6604 parameter view/54AC name view/54B0 inline-node retainer andmarker1 request nowverified; borrow/type/field/free limits remain."
STEAM_PC,OBJ-AUDIO-CSdMain-ROOT,CSingleton<CSdMain>,007713fc;00828150,0x2838 observed allocation; 128 x 0x50 records at +0x30,0071fdd0;00427700,00427540;00720cc0,00427700,selected own slot conditionally frees; actual cache/root-clear invocation UNKNOWN,"acquired cache 00BDBCC0; conditional use from startup-installed task/audio coordinator, not task ownership proof",AUDIO,VERIFIED,findings/boundaries/gameplay_audio_organizing_roots.md;findings/boundaries/audio_descriptor_request_record_chain.md;findings/boundaries/phase5_audio_client_selected_record_operation.md,2026-10-04,"Raw RTTI, exact allocation/constructor receiver and use verified. Embedded records/volume scalars not independently owned resources; no forced GOG mapping. Phase4 inline128x50 row selector/generatedT andcoreK retention atrow18 verified; copied tail28..4F excludes local appendedP/backreferences. No successfulplayback/retirement guarantee. Seq106 newcurrentfullID/lowbyteinterioraddress mapping;128-rowinterpretationconditionali<128. SelectedR18 isaddressoperand notprovedcurrentloadedcoreK/memberobject; no directclear/currentID generation orsafe lifetime. Seq106 selectedoperand/mapping/interface scope only; guardedh/postgetterh/currentA-R-M-T-U generation and actualeffect/finaloperand/lastuse/safe release UNKNOWN. No directrecordclear; lowbyteindexnot128extentguard; auto0046FA70thunktargetnotrawproof. Main/branch/personal/explicitcomparison beforepromotion; no callee/root/bank/backend/source/GOG widening."
STEAM_PC,OBJ-PHYSICS-CORE,CSingleton<CPhysicsCore>,0076fe04;0076fe3c,0x67EDC observed allocation; heap field+0x67ED8,0040e340;0040e470,0040e2a0;0040e300;0040e440,0040e470 saved allocator0x67EDC; thunk0040e4f0 is5bytes only,own slots optionally free; concrete cache-clear/deleting caller UNKNOWN,"cache00BDA0C8/acquiredrootprotocol; G01493FA8 andR11C shareddependencyobservations, exclusive/currentgenerationUNKNOWN",PHYSICS_PHYSX,VERIFIED,findings/boundaries/cphysicscore_lifecycle_root.md;findings/boundaries/phase5_physics_scene_controller_release.md,2026-10-04,"Selected event+48,20 pointer slots+50, SDKalias+11C, scalargate+67CC8, controller-support+67CD4, heap+67ED8. Raw own RTTI differs from embedded interface tables and SDK pointers. Session cleanup is not full destructor or cached allocation free. Phase5actualsupportwrapper/externalMrelease andpostcallslotclears; untestedgeneration/lastuse, reachedprovider canpublishslot beforecleanup, laterRvirtual24use. Sessioncleanupnotcorecachedfree/SDKselfrelease."
STEAM_PC,CINPUT-CORE,CInput,00827604,0xBC4,00707D90,00708280;deleting00709AC0,zero-offset base of observed0xBD0 holder00409610,ConditionalappCSiHolder/currentcode00408A30/currentI BC8zero->rawholder004098C0/core00708280/flag1backingdeallocationboundary; registeredcarrier/currentI generations andsuccessfulsafe freeUNKNOWN,TSiHolder<CInput> cached00BD9E10,INPUT_CAMERA,VERIFIED,findings/boundaries/input_camera_primary_roots.md;findings/boundaries/phase5_input_registered_finalizer_lifetime.md;findings/boundaries/phase5_input_provider_accounting_finalizers.md,2026-10-04,"+668 embedded acquisition; +9AC aggregate7x4C;+7E4 pending7x40;+C8 live7xCC;+9A4index/+9A8count;+BC0pollgate. No named embedded device owner or cadence. Phase5narrowsoldexecutionownerUNKNOWN toconditionalappcodecarrierinterface. I8typedCCallBackThread/I94typedcallback/98receiver/9Ccode/BC8gate; currentU220dependency pair, opaqueprovider/lastuse/detach/join breaks; notdeviceowner/no-op668release. Seq86 StopWatch/Actuator exactproviderresult arithmetic qualified; offsets1C50/60 providersnotInputpointerretainers; currentgen/balance/lastuser notjoined."
STEAM_PC,TSIHOLDER-CINPUT,TSiHolder<CInput>,0076F5DC,0xBD0 observed holder allocation,00409370,004098C0,00409610->00403620(0xBD0),ConditionalappCSiHolder/currentcode00408A30/currentI BC8zero->rawholder004098C0/core00708280/flag1backingdeallocationboundary; registeredcarrier/currentI generations andsuccessfulsafe freeUNKNOWN,cached00BD9E10,INPUT_CAMERA,VERIFIED,findings/boundaries/input_camera_primary_roots.md;findings/boundaries/phase5_input_registered_finalizer_lifetime.md;findings/boundaries/phase5_input_provider_accounting_finalizers.md,2026-10-04,"RawRTTI zero-offsetCInput base; holder+BC8 guardzeroed. Callbackregister006E1930 owner not proven. Not CSingleton<CInput>. Phase5narrowsoldexecutionownerUNKNOWN toconditionalappcodecarrierinterface. I8typedCCallBackThread/I94typedcallback/98receiver/9Ccode/BC8gate; currentU220dependency pair, opaqueprovider/lastuse/detach/join breaks; notdeviceowner/no-op668release. Seq86 StopWatch/Actuator exactproviderresult arithmetic qualified; offsets1C50/60 providersnotInputpointerretainers; currentgen/balance/lastuser notjoined."
STEAM_PC,CCAMERA-CORE,CCamera,007721A4,0x15C selected+158 dword access; wrapperallocation0x1AC,UNKNOWN fullmemberinitializer,00449130,zero-offset base of acquired0x1AC singleton,optional00449130->0074E82B; actualcaller UNKNOWN,CSingleton<CCamera> cached00BE1EA4,INPUT_CAMERA,VERIFIED,findings/boundaries/input_camera_primary_roots.md;findings/boundaries/cmenu_fade_predicate_camera_policy.md,2026-10-03,"+154numericmode;+158previousmode;+11Cflags;selected+6C/+70input-fed fields. Lazyvptr publication not fullinitializer. Seq43 later state101 conditional endpoint clears +11C bit1, reloads root, sets bit4; mask policy/current identity/cadence/free unknown."
STEAM_PC,SINGLETON-CCAMERA,CSingleton<CCamera>,007721BC,0x1AC observed allocation,00449550 and selected lazyvptr paths; fullctorUNKNOWN,00449130,00449550/00528F40/selectedcamera lazy00404390(0x1AC),own deleting implementation available; actualrootclear/invocation UNKNOWN,cached00BE1EA4,INPUT_CAMERA,VERIFIED,findings/boundaries/input_camera_primary_roots.md;findings/boundaries/cmenu_fade_predicate_camera_policy.md,2026-10-03,RawRTTI proveszero-offset CCamera; ownone-slot differsfrom object19-slot interface; no fullmode/cadence/lifetime claim. Seq43 later state101 selected root reload precedes +11C bit4 set; no mode/friendly/lifetime/cadence claim.
STEAM_PC,CGAME-CORE,CGame,00772638,0x835018 directctorvptrwrite lowerbound; observedallocation0x838E30,00451D90,00450830 ordinary;00455D50 availableargbit0owninterface,zero-offsetbase of0040A320 singletonallocation,Available00455D50 afterordinaryconditionallypassesoriginalG to0074E82B; actualrootinvocation/generation/ownership/lastuse/success UNKNOWN,CSingleton<CGame> cached00BDA004,APPLICATION_LIFECYCLE,VERIFIED,findings/boundaries/cgame_record_reconstruction_root.md;findings/boundaries/cmenu_numeric_game_slot_commit.md;findings/boundaries/save_writer_staging_write_policy.md;findings/boundaries/citem_factory_value_resource_binding.md;findings/boundaries/phase5_save_preparation_world_player_values.md;findings/boundaries/phase5_cgame_inline_layout_composition.md,2026-10-04,"Sharedlargeapplicationstate. SelectedembeddedbackupBE8/live8C568 recordcopy45CC0; +99040..43signedresume domains;+99048/58vectors;+8C5ECflags. Not allfieldnames/serialization proven. NewPhase4selected836270valuepointer/837474signedthreshold/98270indexedslots/98E48sidearmselector observed. ConditionalUIliteral85 mutates983C4; exactrecord0containment isnot disktransaction/schema/owningactor proof. Seq47 C0169 builder copies live+8C568 into shared staging; no full record/schema/lifetime claim. Seq50 004FD920 ignores incoming ECX and reads indexed98E48 dword; later CItem binding separately obtains835000 row-base/DC arithmetic. Population/range/root-generation/row-name content unknown; no save-schema or Player ownership claim. Seq100 actualsavepreparation typedGentry/inline99040-68values, twoindependenthandlelookups,64worldslotnonzero observationsfold32bits; G1-G2/R1-R2/source/currentrootgen/coherentstaging/lastuse UNKNOWN. Inlinevectorsnotowneddynamiccontainers. Seq104 exact local interface/transport only; current00BDA004 invocation/G-table/member generation, ownership, borrower final use and successfulsafe release UNKNOWN. Independent/personal/schema proofs before promotion; failed first target assertion preserved. No GOG/body/source widening."
STEAM_PC,SINGLETON-CGAME,CSingleton<CGame>,0076F67C,0x838E30 observedallocation,0040A320 wrapperpublication after00451D90,0040A010 availablewrapperowninterface ->00450830,0040A320->00404390(0x838E30),Available0040A010 afterordinaryconditionallypassesoriginalG to0074E82B; actualcachedfree/rootclear/generation/lastborrower/success UNKNOWN,cached00BDA004,APPLICATION_LIFECYCLE,VERIFIED,findings/boundaries/cgame_record_reconstruction_root.md;findings/boundaries/save_writer_staging_write_policy.md;findings/boundaries/phase5_cgame_inline_layout_composition.md,2026-10-04,"RawRTTI CGamebaseoffset0; ownone-slot tables, noCRdObjectconsumer interfaceassumed. Use/resetpositive atselectedsave/creationcontexts; actualshutdowncoordinationunvisited. Seq47 C0169 uses accepted getter for live staging source; no chronology/ownership/free claim. Seq104 exact local interface/transport only; current00BDA004 invocation/G-table/member generation, ownership, borrower final use and successfulsafe release UNKNOWN. Independent/personal/schema proofs before promotion; failed first target assertion preserved. No GOG/body/source widening."
STEAM_PC,CCAR-STATIC,CCar,0077f6fc,0x740 selected+73C dword; full sizeof UNKNOWN,raw0076B770,0076DC90 registered static finalizer;005F5D80 own deleting slot,PE static .data008C29F0; no heap getter observed in selected source,Own deleting slot conditional free; actual static-root free/invocation UNKNOWN,"Staticroot008C29F0; retainsinteriorGamecelladdress at73C onselectedproducer success, notphysicalactor/exclusiveowner/keepalive",VEHICLE,VERIFIED,findings/boundaries/vehicle_organizing_root.md;findings/boundaries/phase5_ccar_retained_game_interior_address.md,2026-10-04,"Exact CCar self-only hierarchy. Organizing layout/resource/task interpretation SI; does not prove ownership of CObjectCar actor. Initializer is raw orphan; no fabricated exported entry. Seq102 actual73Cproducer successLEAGCD368+4n/fail0; predicate-returnnotretainedpointee, fixedincomingthisunusedinsecondleaf. G/CCarcurrentgeneration/celltype/borrowerlastuse/freecoordinationUNKNOWN; acceptedtaskclear notallocationfree."
GOG_PC,CCAR-STATIC,CCar,0077f6ec,0x740 selected+73C dword; full sizeof UNKNOWN,raw0076B480,0076D9A0 registered static finalizer;005F5E80 own deleting slot,PE static .data008C29F0; no heap getter observed in selected source,Own deleting slot conditional free; actual static-root free/invocation UNKNOWN,Static root008C29F0; embedded CLayout at+C/+3A4; distinct native-task dependency,VEHICLE,VERIFIED,findings/boundaries/vehicle_organizing_root.md,2026-10-03,Exact CCar self-only hierarchy. Organizing layout/resource/task interpretation SI; does not prove ownership of CObjectCar actor. Initializer is raw orphan; no fabricated exported entry.
STEAM_PC,SCENE-SUBMISSION-POINTER-VECTOR,SceneSubmissionPointerVector_candidate,,0x18 observed allocation,006DD8E0,006DD510->006CB1D0 opaque teardown,typed006D1610 at006D220B,invoked006D2880->006DD510(flag1)->outerfree;innerstorage/payload safety UNKNOWN,CRdSceneDraw+63A8 retains distinct collection object,RENDER_D3D9,STRONG_INFERENCE,findings/boundaries/scene_submission_pointer_pipeline.md,2026-10-03,No exact RTTI/template identity. VERIFIED allocation/beginC/end10/pointer-entry/selectedouterfree mechanics; model-packet borrowing SI.
STEAM_PC,MODEL-SUBMISSION-PACKET,ModelSubmissionPacket_candidate,,"0x8C selected dword88; variable allocation baseline7D4+extensions, not sizeof","006BD4C0 population, not constructor",UNKNOWN,00405E40 via owner144/148,00405E40 growth release of prior148; teardown/safe lifetime UNKNOWN,"Model receiver retains/replaces148; scene retains pointer entries, exclusive ownership UNKNOWN",RENDER_D3D9,STRONG_INFERENCE,findings/boundaries/scene_submission_pointer_pipeline.md,2026-10-03,"Unnamed runtime data packet, no RTTI/vtable asserted. VERIFIED installedCLevel/CPlayer producer tag1/84<-160/88<-164; actual querymembership unknown."
STEAM_PC,FISHING-CLAYOUTMNG,CLayoutMng,00780224,0x408 observedallocation;ctor+404dword,0060F110,0061A1C0 ownslot; fullimplementationunvisited,CFishingPerson00613BAB->allocator408 then0060F110(8),UNKNOWN actual global/helperfree invocation,Publishedat01470678 byCFishingPerson construction; globalretention/exclusiveownership UNKNOWN,FISHING,VERIFIED,findings/boundaries/fishing_primary_owner_update.md,2026-10-03,"Rawexact CLayoutMng,notCFishingPerson/CLayout/CGame/CCar orCSingleton. Count8 andselectednativeevent18 use; do not infergeneralUIownership fromname alone."
STEAM_PC,FISHING-CFISHINGLINE,CFishingLine,00780284,0xA04 observedallocation/ctor+A00float,00612F00,0060DB50 ordinary;0061A220 deleting,CFishingPerson00613BDB->allocatorA04 then00612F00,Parent0060E90A current83Cslot0 flag1; namedslot0061A220->0061A230 deallocation conditional; actualsamegeneration/safeinvocationUNKNOWN,"CFishingPerson83C retainer andconditionalcurrentslotdeleter; line8 CThrowLure retainer, exclusiveownershipUNKNOWN",FISHING,VERIFIED,findings/boundaries/phase5_fishing_parent_line_aux_retirement.md;findings/boundaries/fishing_primary_owner_update.md,2026-10-04,Rawexactline type; numeric9CC state andnew typedretainer8 verified. No CThrowLure H1cleanup/selflinkrepair/runtime orCMustache genealogy promotion. Phase5completeordinarybody handles4/C notdirect8; parent7E0-lure8 alias andlastusefirstedge retained. No genericCThrowH1/matrixreopening.
STEAM_PC,EFFECTS-CFADEMANAGER,CSingleton<CFadeManager>,00771404;00772314 base,0x14 observedallocation,004496A0,00427570 singleton;004496B0 base rewrite;0044AE10 base deleting,004277AD and selectedinlined lazy acquisition,Flag1 deletingimplementation only; actualcache/retainerfree invocation UNKNOWN,00BDBCC4 cache; retainsCFade at4/8/C afterstartup callbackevent0,EFFECTS,VERIFIED,findings/boundaries/effects_organizing_roots_and_use.md;findings/boundaries/presentation_movie_fade_latch_chain.md;findings/boundaries/cmenu_fade_predicate_camera_policy.md,2026-10-03,"Exactrawtypes/shell/retention/use; organizingaggregate SI, exclusiveownership notestablished. Getterdoes notinitialize retained pointers. Seq41 retains selected manager+4 reloads as F_A/F_B/F_C domains; sharedroot does not prove atomic identity/freshness/lifetime. Seq43 selected request3 and state100 separately load manager+4; shared offset does not prove same retained instance or temporal continuity."
STEAM_PC,RENDER-CRDPRIM,CSingleton<CRdPrim>,0076F030 singleton,0x24C observedallocation,00405470,00406D80 observedownslot; implementationunvisited,00406EA0,UNKNOWN actualcache/alias deletioncoordination,00BD9E5C cache;00BD7680 startup usealias,RENDER_D3D9,VERIFIED,findings/boundaries/effects_organizing_roots_and_use.md,2026-10-03,Selected typed acquisition andfade/weather primitive staging; finalGPU/aliasvalidity/free/fullclassalgorithm UNKNOWN.
STEAM_PC,EVENT-CDEMO,CDemo,0077140C,"0x818 observedembeddedextent +7A0 +2*3C; in-place, not heapallocation",PE staticvptr008A6070; raw0076AB90 embeddedinit/flagclear group,004275A0 ownslot;0076DB20 registeredstaticfinalizer,In-place008A6070; noheap acquisition claimed,"Staticfinalizerregistered; ownslotoptionalfree implementation, actualexecution/allocationfree UNKNOWN",Static organising receiver; native tasks distinct registeredobjects; CRdSceneDraw manages tasks,EVENT_SCRIPT,VERIFIED,findings/boundaries/cdemo_context_selector_provenance.md,2026-10-03,+4 bit31contextflags/+8 numericrequest/+C pending1/+69C numericphase/+770/772/773 requestbytes verified. Scene/demo roleSI; fullscript/scene/resourceowner/state/lifetime unknown.
STEAM_PC,MEDIA-CDEMOMOVIE,CDemoMovie,007717C4,0x20 selectedmethodfieldextent; fullsize UNKNOWN,PE staticvptr008A7218; noheapgetter,00427A70 ownslot;0076DB40 staticrewrite,In-place008A7218,Optionalfree interface only; actual staticrootfree UNKNOWN,"Separate typedstatic requestreceiver, notCDemo/CRdMovie cache",MEDIA_PLAYBACK,VERIFIED,findings/boundaries/cdemo_context_selector_provenance.md;findings/boundaries/presentation_movie_fade_latch_chain.md,2026-10-03,Selected numeric requestdefaultpath; +4 flags jointlycleared withCDemo. Fullmovie-request placement/algorithm/fields unknown. Seq41 C0162 selectedrequest0x40/taskcallback00427AF0/private-stateM+14 route; actualdelivery/fullmovie/lifetime/GOG unknown.
STEAM_PC,SCENE-COCTTREE,COctTree,00826988,0x70 observedallocation;node58 collection extends70,006BCA40,006BCAB0->006BCAE0;children006BBE40,006C5700 at006C57EF/1 ->006C580C; children006BBC90,invokedscene006D2880->006C7CA0->006C58B0 childcleanup/rootownslot0(flag1); node58 storage/refcell andouterfree,CRdSceneDraw1CA4 retains root; children38-array; node58 retains object pointer entries,RENDER_D3D9,VERIFIED,findings/boundaries/scene_query_member_lifecycle.md,2026-10-03,"Acquisition/use/memberfree positive. Object14C currentnode/D8bit31 interfaces; non-owning membership SI, liveclass/safeobjectdetachment/algorithm/GOG unknown."
STEAM_PC,UI-CMENU,CMenu,007818F4,0x9651 observedreset byte9650; notallocatedsizeof,006546E0,006548C0;00654A60 optionaldeleting,In-place01476978 via raw0076BA90 ctor; noheaprootasserted,0076DDD0 registeredordinarydestructor; actualexecution unknown; ownflag1freeimplementation only,"StaticorganizingUIreceiver; modeltaskregisteredseparatelyatCRdSceneDraw, notexclusiveownership",NATIVE_UI,VERIFIED,findings/boundaries/cmenu_organizing_task_use.md;findings/boundaries/cmenu_numeric_game_slot_commit.md;findings/boundaries/cmenu_fade_predicate_camera_policy.md;findings/boundaries/phase5_cmenu_task_layout_retirement.md,2026-10-04,Concrete root/request/task/use/input/camera; fullmode/commit/teardown/GOG/cadence unknown. Embedded9478 tablewrite notCMustache childfree evidence. NewPhase4selected40policy/28plus4/80latchedID andfloatgatedcontrol1commit positive; fullmode/valuepopulation/refresh/teardown/GOG/cadence unknown. Seq43 C0165 late U+14 raw99/100/101 map; request3/F predicate7/conditional101/later camera endpoint; U+72AC/children/producer/lifetime/cadence unknown. Phase5actualworldreset005FF350 targetsinlineCLayout+6EE8 notcontroller/taskfree; taskevent2 usesCFadeManager+8maskclear distinctfrom+4 request. Actualtaskgeneration/currentcallback/deleting/lastuse unknown.
STEAM_PC,OBJ-CRDOBJECTMODEL,CRdObjectModel,0076E704,0x3B0 observedselectedallocation,00402A30 selectedtypeprefix,00402E50 ownslot target unvisited; selectedSTEAM00402DA0 ordinary/00402E50 ownslot,006C5930 selector1 at006C59C3; actualCMenu00654610 caller,"Selectedavailablemodelownslot/ordinary->buffercleanup thenbasepacket148deallocation/clear beforecurrent48(0), plusflag1outerdeallocation; actualselectedinstance/generation/safe-lastuseUNKNOWN",RegisteredatacquiredCRdSceneDraw006C5AE0; callback00654490 operatesstaticCMenu separately,ACTOR_OBJECTS,VERIFIED,findings/boundaries/animation_model_state_submission.md;findings/boundaries/cmenu_organizing_task_use.md;findings/boundaries/phase5_model_buffer_packet_retirement.md;findings/boundaries/phase5_model_crdinterp_backing_reset_boundary.md,2026-10-05,"Newactualtypedcreation/installation; reusedmodel0C event1 and48 queryinterfaces. Liveclass/phase13selection/fullalgorithm/free unknown. Sequence26 selected model160/164 resources,1E4 A0-state/1E8 matrix-output,98 base/200 additionalstate,packet148/80 consumer; shared installed10/28/44 interfaces. Receiver/retainer notexclusive ownership orsafe free. Phase5narrowsownslot/basepacket unvisitedwording atavailableinterface scope only. Invokedrebindbufferfree/reset separatefromactualwholedeleting; packet/resource/vector generations/lastuse unproved. Seq118 inline1B4 region supplies shared reset: E4linkzero before currentE8/C/10 boundaryattempts/clears; actual selectedowner/member/backinggen andlastuse UNKNOWN."
STEAM_PC,CPreserve,CPreserve,0077306C,"0x57D (selected byte+57C, not sizeof)",00468F70;in-placecaller0076ACF0 at00BE5970,00468FD0 available;registeredfinalizer0076DC00 notnewfreeproof,Staticinplace00BE5970;no heapallocation claimed,UNKNOWN actualwholeobject retirement/free,In-place root;CAutoSave embedded+28C;objecttask00BE5964 isdistinct,SAVE_GAMERECORD,VERIFIED,findings/boundaries/save_disk_staging_record_chain.md;findings/boundaries/save_writer_staging_write_policy.md,2026-10-03,RawRTTI/constructor/type andselectedmechanism primary;160operation;1DCembeddedread/commitcontext. No fullUI/owner/free/cadence/GOG. Seq47 C0169 operation4->embedded+28C builder and C0170 same-context op6 path; state transition/admission/chronology/lifetime unknown.
STEAM_PC,CSaveData,CSaveData,0076F5FC;wrapper0076F604;callback0076F5C4,0x74 observedholderallocation; rootfield70gate; base sizeofUNKNOWN,00409A50;holder00409BD0;getter00409C90,00409B20 ordinary;00409C40 holder/00409C70 base deleting;raw00408A70 conditionalrootfinalizer,Selectedacquisition inprimaryfinding,Application-currentcodecarrier/rootfinalizer currenttable flag1->00403540 backingdeallocation boundary; successfulretention/currentgen/runtimequiescenceUNKNOWN,TSiHolder cache00BD9FF8;Sysutil retains embeddedcallback+2C;retainedsuppliedbuffer notownership,SAVE_GAMERECORD,VERIFIED,findings/boundaries/save_disk_staging_record_chain.md;findings/boundaries/save_writer_staging_write_policy.md;findings/boundaries/phase5_save_sysutil_deferred_root_lifetime.md,2026-10-04,"Selectedrawtype/request/callbackevidence only; notallfields/workeractivation/fulllifetime/GOG. Seq47 C0170 operation6 buffer/count request and accepted writer arm; admission/worker/write success/free unknown. Phase5conditionalappcarrier invocation/holdergates/cleanup/deallocationboundary nowpositive, strongerjoinedlifetimeUNKNOWN. Distinctconstruct-cleanup-finalU generations; idle28/counter220 notC8detach/threadjoin/bufferownership."
STEAM_PC,CSysutil,CSysutil,00827528;wrapper0076F5EC,0x228 observedholderallocation; rootfield220gate; base sizeofUNKNOWN,00707160;holder00409450;getter004098F0,00707310 ordinary;00409890 holder/007079E0 base deleting;raw00409240 conditionalrootfinalizer,Selectedacquisition inprimaryfinding,Application-currentcodecarrier/rootfinalizer currenttable flag1->00403540 backingdeallocation boundary; successfulretention/currentgen/runtimequiescenceUNKNOWN,TSiHoldercache00BD9E0C;selected+C8callbackretention;outeractivationUNKNOWN,PLATFORM_WIN32,VERIFIED,findings/boundaries/save_disk_staging_record_chain.md;findings/boundaries/phase5_save_sysutil_deferred_root_lifetime.md,2026-10-04,"Selectedrawtype/request/callbackevidence only; notallfields/workeractivation/fulllifetime/GOG. Phase5conditionalappcarrier invocation/holdergates/cleanup/deallocationboundary nowpositive, strongerjoinedlifetimeUNKNOWN. Distinctconstruct-cleanup-finalU generations; idle28/counter220 notC8detach/threadjoin/bufferownership."
STEAM_PC,CPhysicsThread,CPhysicsThread,0076FC64,0x2C fixedarraystride andhighestcount28dword,0040BA40;rawstaticarrayinit0076AAA0,0040BBA0;availabledeleting0040BC30,"4inplacestaticcontexts00BDA010,2Cstride;eachobserved8*18vectorallocation",Selecteddestructor freesvector20;registeredarrayfinalizer0076DA80;actualquiescentretirementUNKNOWN,Staticarray;embedsCNArray1C;scene-pointersretainedasrecordsnotexclusiveowners,PHYSICS_PHYSX,VERIFIED,findings/boundaries/physics_context_vector_activation.md,2026-10-03,"RawhierarchyCThfuncPMD0; availableomittedstart0040B630 haspreciseincomingencodingbound, notnever-workerproof; vectorproducer/worker samephysicalcontainer."
STEAM_PC,CLoadThread,CLoadThread,008268F4,0x41 from observed control byte40; no exact allocation size,006B4D70;static0076D4E0 receiver01481130,006B4F80 ordinary;006B4F50 availabledeleting;registered0076DE60,In-place static01481130;embedded collection24 grows contiguous4-byte storage,embeddedQstorage006B50F3->006E5300->0074E82B availablefinalizerroute; actualquiescentdispatch/staticWfree UNKNOWN,"Static game-owned load worker;retains distinct queued and direct request state, not CRdData singleton owner proof",RESOURCE_LOADING,VERIFIED,findings/boundaries/phase5_resource_worker_shutdown_coordination.md;findings/boundaries/resource_worker_typed_handoff.md,2026-10-04,"Raw COL0087BF94/TD009BBF80 CLoadThread andCThfunc PMD0; exact ctor/start/OSargument/slot4 genealogy. Fields14mutex,18started,19loop,20queued_counter,24collection,30/34/38 B/E/C,3Cpending,3Eword,40controlbyte; names are observed protocol roles, no full type/lifetime contract. Phase5invokedstop006B3D70 clearsloop/logicalqueue/count aftermanager release, notjoin. Separateordinarydestructor releasesqueue beforevptr-onlyCThfuncbase. Registereddispatch/lastuse/safeownership unknown."
STEAM_PC,OBJ-AUDIO-CSdCore-STATIC,CSdCore in-place static instance,00828548,Accepted constructor extent0x50C; new body receiver-vptr store only,0076D9B0 ->0072BA00 accepted C0118/H0268,"0076DF60 direct0072C2E0 local cleanup; registration reused, actual dispatch UNKNOWN","In-place .data014B0400, not heap acquisition","Static allocation free not established; opaque0074EE0B handles separate absolute B values, effect UNKNOWN",Independent static receiver sharing backend/storage with lazy cache; exclusive owner/safe order UNKNOWN,AUDIO,VERIFIED,findings/boundaries/gameplay_audio_organizing_roots.md;findings/boundaries/audio_static_core_backend_cleanup.md,2026-10-04,"Class/rawtype and static receiver provenance verified separately from lazyCSingleton. Local attempts/reset are not complete destruction, free, last-use, quiescence or runtime cadence."
STEAM_PC,UI-CLAYOUT,CLayout_selected_cmenu_inline,0077294c,"0x94 fromselectedresetwrite+90; arraystride398 independentlyobserved, notheapallocsize",004592b0 (actualselectedinlinector00654861),004592c0 ordinary(tablewrite/resettail);slot00459d50 unexamined,CMenu inline+6EE8; noheapallocationinselectedctor/reset,No deallocationinselectedordinarydtor/reset; othercontexts/ownslot/free UNKNOWN,Selectedembeddedstorage CMenu01476978+6EE8; no independenttaskregistration orpointerownershipclaim,NATIVE_UI,VERIFIED,findings/boundaries/phase5_cmenu_task_layout_retirement.md,2026-10-04,RawRTTI CLayout0077294C; constructor/destructor/rootreceiver distinctions. Inline resetnotfullcontroller/task/Faderetirement. Clearedfieldtypes/resources/otherinstances unproved.
STEAM_PC,PHYSICS-CONTROLLER-SUPPORT-W,physics_controller_support_wrapper_nominal_type_unknown,,0x18 acceptedobservedallocation; fieldsM0/A4/localcontainer8,006FE760,006FE800 ordinary;006FB020 directflagdeletingwrapper,CPhysicsCore006EC4D5 selectedproducer; C+67CD4 storesresult,Actualconditionalcleanup006F94D0->006FB020 flag1->006FB03B deallocation; safe/currentgenerationUNKNOWN,CPhysicsCore67CD4 retainer/conditionaldeleter; W0purge-W1reload notprovensamegeneration; exclusiveownershipUNKNOWN,PHYSICS_PHYSX,STRONG_INFERENCE,findings/boundaries/phase5_physics_scene_controller_release.md,2026-10-04,"Wrapperobject role/fields/creation/deletionABI VERIF; nominalC++class/RTTIunproved, notallocatorclass. Mimportreturn retainedat0, Adependency4 suppliedtocreation, localcontainer8. No actualoperation/quiescence/exclusivity."
STEAM_PC,PHYSICS-CONTROLLER-ALLOCATOR,ControllerManagerAllocator,00827034,0x4 observedvptrwrite lowerbound; nofullallocatorimplementation,006FE940,006FEAA0 ordinary;006FF2C0 installed1C deleting,selected006FE760 producer constructsA0 thenstoresW4,"Available006FF2C0 flag1->0074E82B; currentA1virtual1C afterMrelease, installedtable/generationunproved","W4 retainer/dependency; externalNxCreateControllerManager receivesA0; postreleaseA1indirectdeleting, exclusiveownershipUNKNOWN",PHYSICS_PHYSX,VERIFIED,findings/boundaries/phase5_physics_scene_controller_release.md,2026-10-04,RawRTTI ControllerManagerAllocator withzerooffsetNxUserAllocatorbase. LiveA1/A0 identity/table acrossopaqueMrelease unknown; allocatorRTTI notWtypeproof.
STEAM_PC,ROOT-CSI-HOLDER,CSiHolder_deferred_root_code_carrier,00826d8c,0x194 observedallocation/vptr+100DWORD code slots,006E1870;provider006E1AA0,006E18D0 ordinary;006E1B50 deleting,006E1ACE/AD3 observed194 through006E18F0; nominalcustomallocationadapter,driver006E1A73 currentcarrier slot0flag1; expected006E1B50->006E1910->00404490->00403540 deallocation boundary; generations/successUNKNOWN,Global0148CA40 carrier retainer; externalguard0148CA44; retainscodepointers notcreatedobjectcontexts; exclusive/safeownershipUNKNOWN,APPLICATION_LIFECYCLE,VERIFIED,findings/boundaries/phase5_save_sysutil_deferred_root_lifetime.md;findings/boundaries/phase5_shared_progress_delay_retirement_limit.md,2026-10-04,"RawCSiHolder identity nottemplatedTSiHolder objectwrapper. Registrationexhaustion/unlock/currentrecordcall-clear/generation breaks; noallregisteredfamilies/runtime/CRTatexitclaim. Sharedprogressdelay qualified: SleepDWORD1 forcarrierpair1000/0; threadwrapperthisunused, latepointertransport notTmemoryread. Normalreturn/localguard notparticipantclosure/join/safe retirement."
STEAM_PC,PLATFORM-SYSUTIL-CALLBACKTHREAD,CCallBackThread_selected_sysutil_embedded,008272c8,guardmember+68 observed; overallsizeof/independentallocationUNKNOWN,00702AB0 selectedU8 constructor,00702B80 ordinary; ownslot00702B50 unexamined,embeddedatCSysutilU+8; noindependentallocationselected,actualselectedUcleanup0070738F invokesordinaryTcleanup beforeholderstorageboundary; ownslotfree/threadquiescenceUNKNOWN,CSysutilU8 embeddedstorage; U94typedcallback distinct; admission/currentthread/lifetimeUNKNOWN,PLATFORM_WIN32,VERIFIED,findings/boundaries/phase5_save_sysutil_deferred_root_lifetime.md,2026-10-04,RawnamedT andexactmemberoffsets; deletescriticalsectionU74 viaT68guard+4 thenvptr-onlyCThfuncbase. Actualactivation/lastuse/stopjoin notproved.
STEAM_PC,INPUT-CALLBACK,TCallBackClass<CInput>_selected_embedded,00827624,0x10 observed initialized fields through+0C; overallclasssizeofUNKNOWN,00709B30 atI94; receiver007037D0/target00709B70 setters,00709B10 ordinary; slot0 unexpanded0070A520,EmbeddedI94; no independentallocationselected,Inputordinary00708323 invokesvptr-onlycallbackcleanup beforeholderstorageboundary; noindependentallocation/free,CInputI94storage retainsI at+4/target00709840 at+8; actualdispatch/exclusivity/lastuseUNKNOWN,INPUT_CAMERA,VERIFIED,findings/boundaries/phase5_input_registered_finalizer_lifetime.md,2026-10-04,Currentvirtual4=007037F0 notproof oftargetexecution. Cleanupvptrreset notcallbackdetachment/receiverclear; constructedI/currentIfinal generationsnotjoined.
STEAM_PC,INPUT-CALLBACKTHREAD,CCallBackThread_selected_input_embedded,008272C8,guardmember+68/byte25 observed; sizeof/independentallocationUNKNOWN,00702AB0 calledonI8,00702B80 ordinary; slot0 available00702B50 unexpanded,EmbeddedI8; noindependentallocationselected,Inputordinary00708335 membercleanup beforeholderstorageboundary; explicitmemberlock/vptr-base notsafequiescence,CInputI8 embeddedstorage; callbackI94 receiverI/target00709840 distinct,INPUT_CAMERA,VERIFIED,findings/boundaries/phase5_input_registered_finalizer_lifetime.md;findings/boundaries/phase5_shared_progress_delay_retirement_limit.md,2026-10-04,"Same rawCCallBackThread typeasSysutilU8 butdistinctinstance/generation. T25observation notlastTuse; actualactivation/admissionclosure/detach/stopjoin/successUNKNOWN. Sharedprogressdelay qualified: SleepDWORD1 forcarrierpair1000/0; threadwrapperthisunused, latepointertransport notTmemoryread. Normalreturn/localguard notparticipantclosure/join/safe retirement."
STEAM_PC,TSIHOLDER-STOPWATCH,TSiHolder<CStopWatch>_selected_provider,0076f098,"1C58 requestedholderallocation; provider1C50count, member1C18lock",00407B60,00407BD0 deleting,00407CF0 nullrootallocation/typedconstructor,Registeredcode004035E0 currentrootzero/table0flag1/rootclear; ifnamedtable00407BD0 member/backing; actualinvocation/safetyUNKNOWN,"00BD9E1C lazycache; Input exactprovider arithmetic, construction/cleanup/finalizer generationsdistinct",PLATFORM_WIN32,VERIFIED,findings/boundaries/phase5_input_provider_accounting_finalizers.md,2026-10-04,"Rawholder andnamedzerobasePMD(0,-1,0) verified; arithmetic pair dependencyaccountingSI notbalancedreferenceinvariant/exclusiveownership. code-onlyregistration/currentcode/gen/lastuser/admissionclosure/success/GOGUNKNOWN; providerfieldsnotInputretainedpointers."
STEAM_PC,TSIHOLDER-INPUT-ACTUATOR,TSiHolder<CInput_Actuator>_selected_provider,00827664,"64 requestedholderallocation; provider60count, namedbase4lock",0070B990,0070BA00 deleting;0070BA30 ordinary,0070B780 nullrootallocation/typedconstructor,Registeredcode0070BA50 currentrootzero/table0flag1/rootclear; ifnamedtable0070BA00 lockmember/backingadapter; actualinvocation/safetyUNKNOWN,"0148CA34 lazycache; Input exactprovider arithmetic, construction/cleanup/finalizer generationsdistinct",INPUT_CAMERA,VERIFIED,findings/boundaries/phase5_input_provider_accounting_finalizers.md,2026-10-04,"Rawholder andnamedzerobasePMD(0,-1,0) verified; arithmetic pair dependencyaccountingSI notbalancedreferenceinvariant/exclusiveownership. code-onlyregistration/currentcode/gen/lastuser/admissionclosure/success/GOGUNKNOWN; providerfieldsnotInputretainedpointers."
STEAM_PC,OBJ-CRDOBJECTLIGHT,CRdObjectLight_selected_spatial_interface,0077a5a4,0x198 observedembeddedvptr at194; allocationsizeUNKNOWN,UNKNOWN; notacquiredinthisbatch,005F26C0 ordinary;005F2890 deleting,UNKNOWN; nofactory/constructor census,Availableownslot005F2890 flagbit0sameO boundary0074E82B; actualclass-specificinvocation/currentgeneration/lastuse/successUNKNOWN,"QuerynodeO14C retainer/membership interface, notexclusiveowner; scene/global lifetimeUNKNOWN",RENDER_D3D9,VERIFIED,findings/boundaries/phase5_spatial_light_detach_cleanup.md,2026-10-04,Exactrawtypes/19observedcodepointers/slot48zero-query detach request/currentfieldclear. Ordinarylight/basevptr order preserved; C0141removalSI/C0200opaque-currentvptr limit notpromoted. No fullinheritance/queryalgorithm/liveclass/GOG.
STEAM_PC,OBJ-CGRID-RAIN-MEMBER,CGrid_selected_Rain_embedded_cleanup_receiver,00779380,0x40 selectedE+3C DWORD,UNKNOWN; unvisited,005C9F80 ordinarycleanup; rawslot0target only/unvisited,EmbeddedE=R+2424 cleanupreceiver; backingallocationUNKNOWN,ConditionalE3Cargument→0074EE0B thencurrentfieldzero; interfaceonly/notwholeGriddeletion,Rainembeddedcleanupcontext; backingexclusiveownership/lastuseUNKNOWN,EFFECTS,VERIFIED,findings/boundaries/phase5_weather_retainer_grid_retirement.md,2026-10-04,Rawsuppliedoffset/tablewrite/RTTI identity. P=E3C isuntypedbackingpointer; neitherresourcepayloadnorHaze+2460. Gridalgorithm/globalclasslifetimes/GOGUNKNOWN.
STEAM_PC,CACHE-CEFFECTLENSFLARE,CSingleton_CEffectLensflare_selected_cache_shell,00779fd8,0x454 observedallocationrequest; selectedL+8store,005E0D30 coldpath memset/tableinstall005E0F2D; no separatectorbody,Rawslot0=005DA8A0 bodyunvisited/semanticsUNKNOWN,005E0EEF malloc454 aftercurrent014379B4 null; failurepathrepeatboundary,UNKNOWN; rawslotnotqualifiedcleanup/deallocation; no actualcached-free/lastuse source,"Fixed014379B4 cache; incomingCMapreset context, Vopaqueacquisition/adapter-beforetable/rootpublication; exclusiveownerUNKNOWN",EFFECTS,VERIFIED,findings/boundaries/phase5_cmap_reset_lensflare_cache_publication.md,2026-10-04,Rawwrappertype/newallocation-table-root argumentaddress genealogy onlyunderABI. Existingnonnullcachetype/generation andnewL liveness throughopaquegetter/adapter unknown; +8notnamedcount/state/retirementgate.
STEAM_PC,CGAME-CLAYOUT-838A50,CGame_838A50_CLayout_compatible_inline_cleanup_region,0077294C retainedordinarytablewrite,0x94 retainedresetwritesDWORD+90; notsizeof/newresetacquisition,UNKNOWN; no selectedconstructiongenerationproof,00450830 suppliesG+838A50 toretained004592C0/00458990,LEA withinacceptedGame838E30extent; no separateallocationproved,Retainedfieldresetonly; no oldpointeerelease/ownedallocationproved,SelectedG-relativecleanupregion; exclusiveownership/borrower/membergenerationUNKNOWN,NATIVE_UI,STRONG_INFERENCE,findings/boundaries/phase5_cgame_inline_layout_composition.md,2026-10-04,"ExactLEA transport/tablewrite/reset VERIFIED; inlinecompositioninterpretation STRONG_INFERENCE. Difference398 notsizeof/arrayproof. Seq104 exact local interface/transport only; current00BDA004 invocation/G-table/member generation, ownership, borrower final use and successfulsafe release UNKNOWN. Independent/personal/schema proofs before promotion; failed first target assertion preserved. No GOG/body/source widening."
STEAM_PC,CGAME-CLAYOUT-8386B8,CGame_8386B8_CLayout_compatible_inline_cleanup_region,0077294C retainedordinarytablewrite,0x94 retainedresetwritesDWORD+90; notsizeof/newresetacquisition,UNKNOWN; no selectedconstructiongenerationproof,00450830 suppliesG+8386B8 toretained004592C0/00458990,LEA withinacceptedGame838E30extent; no separateallocationproved,Retainedfieldresetonly; no oldpointeerelease/ownedallocationproved,SelectedG-relativecleanupregion; exclusiveownership/borrower/membergenerationUNKNOWN,NATIVE_UI,STRONG_INFERENCE,findings/boundaries/phase5_cgame_inline_layout_composition.md,2026-10-04,"ExactLEA transport/tablewrite/reset VERIFIED; inlinecompositioninterpretation STRONG_INFERENCE. Difference398 notsizeof/arrayproof. Seq104 exact local interface/transport only; current00BDA004 invocation/G-table/member generation, ownership, borrower final use and successfulsafe release UNKNOWN. Independent/personal/schema proofs before promotion; failed first target assertion preserved. No GOG/body/source widening."
STEAM_PC,CRDTEXTURE-CONSTRUCTED-MOVIE-HOLDER,CRdTexture,0076E68C,0x20 observedallocation/ctorfieldextent,00402220,,007003DB allocationboundary20hex; nonzero->007003FF ctor,,CRdMovie start M8 retainer; exclusiveowner/heapretirement/currentgenUNKNOWN,RENDER_D3D9,VERIFIED,findings/boundaries/phase5_crdmovie_constructed_texture_setup_descriptor.md;findings/boundaries/phase6_native_instruction_texture_import.md,2026-10-06,"Fields0namedvptr;4/8/10/14/18/1C default0;C/E WORD0. Nominalsetup writes8=s4/C-E low16, passes14address andH inlocaldescriptor; loadedresource/directAPIresult/free/lastuseUNKNOWN. Retained006B59A0 cleanupinterface notownallocationdeletingproof. Seq113 actualMoviehelper construction/descriptor interface only; currentH/M8/table/resourcegen/APIeffect/ownership/free/finaluseUNKNOWN. Original8byte minimumsourceNOTPASS/wrongcutoff preserved; prospective128/448+88metadata passedbeforepromotion, no cleanoriginal40/160/112pass. PersonalcriticalPE/ASM andexplicit-schema agreement beforecanonicalwrites, replaysnonadditive. Seq193 independentnative availableconstructorresult/01472224/import request context; H14/H18 APIoutputaddress attempts and8/C/E/MOVAX mechanics. No Movie-nativecohort/owner/currenttype/success/capture/lastuse guarantee."
STEAM_PC,MODEL-INLINE-1B4-CRDINTERP-COMPATIBLE,CRdObjectModel_1B4_CRdInterp_compatible_reset_region,0076E6AC literalwrite only; no newRTTI/currenttype proof,0x28 observedexplicitresetextent; notsizeof. Prior scene0x30 is a separate allocation observation.,"UNKNOWN; initializer006B9E70 prefix onlyreset, notconstructionproof",availablemodel00402DA0 suppliesE=M1B4 toreset006B9FD0; notselectedactualdestruction,LEAM+1B4 inlineaddress; no separateallocationproved; independent sceneE notjoined,E8/C/10 loadedvalues->0074EE0B attempts followedbyfieldclear; E4clearalone; success/lastuse UNKNOWN,Selectedmodel-relative inlinegeometry VERIFIED; exclusiveowner/backing/resource/currentgen UNKNOWN,ANIMATION,STRONG_INFERENCE,findings/boundaries/phase5_model_crdinterp_backing_reset_boundary.md,2026-10-05,"Seq118 exact69/224 threewindows/no newdata-RTTI, personalPE/ASM and explicit-schema agreement before promotion. E4clear notresourcefree; backingguard/reload/call/clear notsameallocationgen, success, owner/currentdispatch, lastborrower/use orsafe retirement. CRdInterp-compatible type SI from cited prior map; no newnamed/current RTTI. GOG/actualowner/opaquehelper/allocator widening excluded. All70+18/originalMovieNOTPASS/disconnect107failurehistory preserved."
STEAM_PC,HOOKCHAIN-INLINE-434-CSOUNDLOOP-COMPATIBLE,HookChain_434_CSOUNDLOOP_compatible_inline_region,0077A504 literalwrite only; canonicaltableclassUNKNOWN/no newRTTI,0x8 observedL4 DWORD extent; notsizeof orownedallocation,retained005F5000 seed only; no newconstructor acquisition,available005F4E50 adjustedreceiver->0069E710 localvalue interface; notactualselecteddestruction,LEAO434 inlinegeometry only; no separatecomponent allocationproved,"L4=-1 normal-return store, no selectedL/backing deallocation; outerOboundary distinct",VERIFIED O434 transport; exclusiveownership/currentO-L-A-q-B-resourcegen UNKNOWN,AUDIO,STRONG_INFERENCE,findings/boundaries/phase5_hookchain_csoundloop_operand_retirement_limit.md,2026-10-05,"Seq121 staged4ids4windows82instructions288bytes/rawdata-RTTI0; outer54/204 and downstream28/84; personal PE/ASM plus explicit28row/named-schema agreement before promotion. L=O434 geometry, twoq observations/currentA/interiorB-or0/opaque-tail/normal-return sentinel store only. q not proven pointer/handle/resource; no backing relationship/ownership/actualselecteddispatch/gen/success/lastuse/safe retirement. CSoundLoop-compatible SI by retained legacyseed, not newnamed/currentRTTI; GOG no equivalence. No helper/getter/constructor/sibling/allocator/XNV/runtime widening; all70+18/oldfailedchecks/NOTPASS/disconnect119 preserved."
STEAM_PC,SINGLETON-CEVENT-ROOT,CSingleton<CEvent>_cache_object,0076E858,observedrequest0x3B9C; ownwrite4bytes,00405360 cachefactory;0042D5B0 opaqueinitializer,,00405390->00404390(3B9C),,00BD9E58 cache retainer; notexclusiveownership,EVENT_SCRIPT,VERIFIED,findings/boundaries/phase6_shared_service_qualification.md;findings/boundaries/phase6_cfunc_bulk_control_and_event_receiver_join.md,2026-10-05,"Availableconstruction/tableidentity only; basefields/policy/currenttype/gen/invokedretirement/free/GOG UNKNOWN. Selected13600452921getterEAX->ECX00452928 organizer valuejoin; staticCEventcompatiblemethodassociationSI, othercallers/currentgen/type/selectorvalue UNKNOWN."
STEAM_PC,SINGLETON-CFUNC-ROOT,CSingleton<CFunc>_cache_object,0076FEE8,0x18 observedrequest/initializedextent,0040EDE0 availableinlineconstruction,,0040EDEB->00404390(18),,00BDA0CC cache retainer; ownership/servicepolicy UNKNOWN,UNKNOWN,VERIFIED,findings/boundaries/phase6_shared_service_qualification.md;findings/boundaries/phase6_cfunc_bulk_control_and_event_receiver_join.md,2026-10-05,"Floats4/8/C,bytes10/11,DWORD14 observed; fieldmeanings/subsystem/currentgen/retirement/free/GOG UNKNOWN. Qualifiedoppositebulkcontrolmembers0044E560/0044E640 atacceptedtypedgettercontext; initialized10/11/C consumed. Activeobject/physicsinterfaceassociationSI; no fullservicepolicy/pause/resume/ownership."
STEAM_PC,INPLACE-STATIC-POINTER-TRACKER,InPlaceStaticPointerTrackingCollection_candidate,,0x18 retainedconstructorlayout; staticstorage notallocation,0040CEE0 via00403690 fixedroot,Registerednonexport0076D9D0->0040CE20 availableshellteardown,,Available0040CE20 R+C guard andR0 named_freeboundary; no localpointee traversal/deleting;separate00401422 getter->00401429/0040CE60 indexedpointer->_free boundary,Static00BD9E20/cache00BDA0C0/guard00BD9E38; pointeeowner UNKNOWN,UNKNOWN,STRONG_INFERENCE,findings/boundaries/phase6_inplace_static_pointer_tracking_root.md;findings/boundaries/phase6_static_tracker_shell_teardown_and_crdmodel_cache.md;findings/boundaries/phase6_tracker_application_raw_pointer_retirement.md,2026-10-05,"Compatiblegenericpointervectorshell/root, exactclassname/vtable UNKNOWN. Availableatexitroute notexecution/deleting/free/quiescence. Stage135targetunvisited historical;136own53bytebodyqualifiesavailableshell/backing/cellteardown only. Actualinvocation/deallocation/lastuse/ownership remainUNKNOWN. Sequence139explicit application consumer loops tracked pointers into raw_free requests; SI raw-allocation registry compatibility, notexclusiveowner/classdeleting/safefree. Earlier shell-only scope preserved;0040D580 result unknown."
STEAM_PC,CRDMODEL-FIXED-SHADER-AGGREGATE,CRdModel_fixed_shader_state_texture_aggregate,0076F008,0x31C addressedwriteextent notsizeof,00405690,,00406F20->00404390(368) availablewrapperconstruction,,AvailableCSingleton<CRdModel> wrapperroot00BD9E60 via00406EF0; ownership/currentgen/lifetime UNKNOWN,RENDER_D3D9,STRONG_INFERENCE,findings/subsystems/phase6_crdmodel_fixed_shader_composition.md;findings/boundaries/phase6_static_tracker_shell_teardown_and_crdmodel_cache.md,2026-10-05,"OuterrawRTTIselfonly;14fixedshaderregions40..214stride24 withnestedVertex/PixelCNArrays;tailstate280/lightarray2EC/texture2FC. ShaderbaseCRdShader notModelinheritance. NoGPU/textureownership/GOG. Stage136availablewrapperallocation/cachequalified;basewriteextent31C vsrequest368, no exactsizeof/fulltailgrammar."
STEAM_PC,SINGLETON-CRDMODEL-ROOT,CSingleton<CRdModel>_cache_object,0076F038,request0x368; baseownwriteextent0x31C notsizeof,00406EF0 cachefactory->00405690 baseaggregate,,00406F20->00404390(368),,00BD9E60 cache retainer; actualowner/lifetime UNKNOWN,RENDER_D3D9,VERIFIED,findings/boundaries/phase6_static_tracker_shell_teardown_and_crdmodel_cache.md,2026-10-05,RawwrapperRTTIdeclaresCRdModelat0; ownbasevptr overwrittenwithwrappertable. Slot00406DB0 unvisited; no GPU/textureowner/cleanup/currentgen/GOG proof.
STEAM_PC,CTIMER-STATE-SHELL,CTimer_state_shell,,0x24 retained allocation request; initializer direct writes+00..+21,00470880 via00449480,,,,00BE1EA0 CTimer cache; ownership/lifetime UNKNOWN,UNKNOWN,STRONG_INFERENCE,findings/boundaries/phase6_timer_root_and_bulk_shared_word_interfaces.md,2026-10-05,"RTTI tables identify CTimer/CEvFlag offsets; no clock policy, consumer, destructor, complete sizeof or GOG."
STEAM_PC,CEVTHREADEX,CEvThreadEx,007721DC,"0xC4 selectedreceiver writeextent, notallocation/sizeof",0042D3B0 selectedtable/resetprefix only; completeextentUNKNOWN,,,,UNKNOWN,EVENT_SCRIPT,STRONG_INFERENCE,findings/boundaries/phase6_ceventhreadex_virtual_mode_coordinator.md;findings/boundaries/phase6_cold_receiver_control_and_thread_initializer_prefix.md;findings/subsystems/phase6_threadex_available_cursor_item_event_cache_control.md,2026-10-06,RTTI direct hierarchy CEvThreadEx/CEvThread/CEvFlag+4 and selected slot3 body. Ownership/cadence/full interface/constructor/destructor UNKNOWN. Sequence14714/71 prefixliteralinstallation andsharedstatefieldinitialization; source/decompiletailconflict andactualincomingproducer/invocation unresolved. Seq196 available table+10/00447B50 prefix A6 direct00436450 cursor/control/knownauxcache interface. Not currentR/class/virtual invocation/lifecycle/grammar/owner.
STEAM_PC,CEVTHREADEX-STATIC-VECTOR-CANDIDATE,CEvThreadEx_static_vector_candidate,Intendedelement007721DC viaavailable0042D3B0 callback,"80*C4 requestedlayout(3D40), notmeasuredmemoryextent/sizeof",0076AC60 orphan ->0074E836 with0042D3B0 pointer,"0042BA30 pointerargument;0076DBA0 atexitoperand, effectsUNKNOWN",Mappedstatic00BDC960 addressoperand; no heapallocationinselectedsource,,UNKNOWN; no callbackexecution/currenttype/generation guarantee,EVENT_SCRIPT,STRONG_INFERENCE,findings/boundaries/phase6_static_thread_vector_and_demo_level_configuration.md;findings/boundaries/phase6_static_vector_address_publication_and_abi.md,2026-10-05,Intendedvector type fromconstructor/table/writeextent/stride/count/CRT interface; notanotherdefinedC++class orprovenscheduler. Consumer/ABI/lifecycle unresolved. Seq152 own77 iterator slot/ECX mechanics and599 addresspublication qualify intendedcomposition; callback/frame/normalreturn conditions explicit; actualelements/owner/lifetime unknown.
STEAM_PC,CSINGLETON_CEVCORE,CSingleton<CEvCore>,0076F2BC,"13ECallocationrequest; selectedcompatiblewriteextent12B8, notsizeof/measuredallocation",0070D150 availableCEvCoreinitializer;00408960 wrappertablepublication,"00408930 firstslot, semanticsUNKNOWN",00408990 ->accepted00404390(13EC),,Cache00BD9FE8; ownership/currentcachedtype/genUNKNOWN,EVENT_SCRIPT,STRONG_INFERENCE,findings/boundaries/phase6_core_typed_root_descriptor_and_static_cohorts.md;findings/boundaries/phase6_core_member_requests_reviewed_seq0158.md;findings/boundaries/phase6_core_current_bank_and_fixed_recipes_seq0160.md;findings/subsystems/phase6_cevcore_available_constructor_composition.md,2026-10-05,RawRTTI CEvCoreoffset0/CEvManage+4; threeintendedstaticcohorts published into currentreturnedobjectcells. No newservice/scheduling/synchronization/lastuse claim. Reviewed158: relative3C/40 and34/38 setter/currentrequest interfaces;80/32 opaque handoff surface. No persistedbinding/currentelement/gen/ownership/reset guarantee. Seq160 exactavailable10EC/116C currentU16-index DWORDlookup geometry/directrecipe handoff. Conditionalpublishedlayout composition only; no currentcontents/elementtype/gen/owner. Seq166 baseinitializer106/436/rawCEvCoretable graph confirmed; +3C/+12B4 currentgeneration/contents remainUNKNOWN.
STEAM_PC,CEVMANAGE_BASE,CEvManage,,UNKNOWN,UNKNOWN; parentavailable0070D150 boundary,,,,Rawnonvirtualbaseassociation+4 inavailableCSingleton<CEvCore>; noindependentownerproof,EVENT_SCRIPT,STRONG_INFERENCE,findings/boundaries/phase6_core_typed_root_descriptor_and_static_cohorts.md,2026-10-05,PrimaryRTTI PMD+4/-1/0 only; nameisnot managerbehavior or ownership. No ownmethod/body/fieldlayoutclaim.
STEAM_PC,CEVPROCESSEX,CEvProcessEx,007721D4,8observedwritebytes; intended54stride notsizeof,00449420 available16byte path,"004492B0 transportedcleanupoperand, effectsUNKNOWN",Intendedstatic32*54 request at00BDBEE0; noheapallocationproof,,UNKNOWN,EVENT_SCRIPT,STRONG_INFERENCE,findings/boundaries/phase6_core_typed_root_descriptor_and_static_cohorts.md,2026-10-05,"Ownvptr/+4reset; requestindependentofThread/Dataformats; getter-resultaddresspublication, notliveconsumer/runtime/owner."
STEAM_PC,CEVDATAEX,CEvDataEx,007721AC,4observedvptrwritebytes; intended10stride notsizeof,00449290 available9byte path,"004492A0 transportedcleanupoperand, effectsUNKNOWN",Intendedstatic384*10 request at00BE06A0; noheapallocationproof,,UNKNOWN,EVENT_SCRIPT,STRONG_INFERENCE,findings/boundaries/phase6_core_typed_root_descriptor_and_static_cohorts.md,2026-10-05,RawRTTI+availablevptr-onlypath; no payloadschema/flagtype/ownership/actualvectorinvocation.
GOG_PC,CRDMODEL_FIXED_AGGREGATE,CRdModel,0076EFF8,"31Cobservedreceiverwriteextent, notactualallocation/sizeof",00405650 availablefixedaggregateinitializer,,Caller00406EB0 metadataonly/unopened,,UNKNOWN,RENDER_D3D9,STRONG_INFERENCE,findings/subsystems/phase6_gog_crdmodel_fixed_aggregate_qualification.md,2026-10-05,Fourteenfixed24shaderregions plusnestedarrays/state/light/texture; no root/dispatcher/factory orforcedhomology.
STEAM_PC,CSINGLETON_CWEATHER,CSingleton<CWeather>,007702BC,,,,0041848B request18E0/00418490,,Available00BDA0F4 cache; ownerUNKNOWN,UNKNOWN,STRONG_INFERENCE,reports/PHASE6_RETAINED_BRANCH_ADJUDICATION_2026-10-05_SEQ0164.md,2026-10-05,Rawdeclaredwrapper0/CWeather0/CEvFlag4. Opaqueinitializer00471C50 notqualifiedconstructor; requestnotexactsizeof; no free/currentgeneration/runtime.
STEAM_PC,CWEATHER,CWeather,,,,,,,UNKNOWN,UNKNOWN,VERIFIED,reports/PHASE6_RETAINED_BRANCH_ADJUDICATION_2026-10-05_SEQ0164.md,2026-10-05,Declaredrawbase atmdisp0 ofselectedwrapper; CEvFlag+4. Actualobjectextent/owner/consumer/runtime unknown.
GOG_PC,CEVTHREADEX,CEvThreadEx,007721CC,,,,,,,EVENT_SCRIPT,STRONG_INFERENCE,reports/PHASE6_RETAINED_BRANCH_ADJUDICATION_2026-10-05_SEQ0164.md,2026-10-05,Ownslot3=0043D480; rawdeclaredCEvThreadEx0/CEvThread0/CEvFlag4. Notactualconstruction/type/currentgeneration/wholegrammar/Steamparity.
GOG_PC,CSINGLETON_CEVENT,CSingleton<CEvent>,0076E848,,,,,,Available00BD9E58 cache; ownerUNKNOWN,EVENT_SCRIPT,STRONG_INFERENCE,reports/PHASE6_RETAINED_BRANCH_ADJUDICATION_2026-10-05_SEQ0164.md,2026-10-05,SeparatefromCEvThreadEx. Rawdeclaredwrapper0/CEvent0/CEvManage4; currentinstance/owner/lifetime/runtime UNKNOWN.
STEAM_PC,CEVCORE,CEvCore,008276A4,Own directwrittenendpoint12BC; notsizeof/validextent,0070D150 availableinitializer,,,,UNKNOWN; acceptedwrapper availablecache00BD9FE8 context,EVENT_SCRIPT,STRONG_INFERENCE,findings/subsystems/phase6_cevcore_available_constructor_composition.md,2026-10-05,"DeclaredCEvManage+4, normalpath13interiorinitstartoffsets after+4base request; no ownedcomposition/typedbanks/currenttype/runtime/free."
STEAM_PC,CSINGLETON_CRDINPUT,CSingleton<CRdInput>,0076E830,,006E1750 availableCRdInputbaseinitializer;00405270 wrapper-table/publication recipe,,0040529B literal10request/0040529D accepted00404390 call,,Available00BD9E44 cache; ownerUNKNOWN,UNKNOWN,STRONG_INFERENCE,reports/PHASE6_ROOT_COUNTERFACTUAL_SYNTHESIS_2026-10-06_SEQ0169.md;findings/subsystems/phase6_crdinput_available_construction.md,2026-10-06,Declaredwrapper0/CRdInput0; requestnotsizeof/actualallocation/currentinstance. RelationtoCInput/inputOSbackend UNKNOWN. Seq173 same savedESI receives baseinit thenwrapper-table andcache publication onavailable normalpath; no currentgeneration/service/lifecycle proof.
STEAM_PC,CRDINPUT,CRdInput,00826CDC,Observed own directwrite endpoint10; not sizeof/validruntimeextent,006E1750 availablebaseinitializer,,,,UNKNOWN,UNKNOWN,VERIFIED,reports/PHASE6_ROOT_COUNTERFACTUAL_SYNTHESIS_2026-10-06_SEQ0169.md;findings/subsystems/phase6_crdinput_available_construction.md;findings/subsystems/phase6_crdinput_gated_provider_request.md;findings/subsystems/phase6_crdinput_existing_actuator_join.md,2026-10-06,"Rawdeclaredbase atmdisp0 ofselectedwrapper; no namedbackend policy/size/owner/runtime. Seq173 freshlyqualified baseinit17/51 andexactgetterreceiver;4/8/C values only, field meanings/owner/runtime unknown. Seq181 method006E15F0 reads4nonzero andstores8currentstackw0/Cfloatw3 aftertwoopaquerequests; ctorfieldrelationshipavailableonly, no livegen/provider/policy/timeunits proof. Seq182 selectedrequestpair usesexistingActuator0148CA34 currentgetter seam twice; availabletypedprovider relation only, no hardware/timepolicy/gen/owner/lifecycle."
STEAM_PC,CEFFECTADMIN,CEffectAdmin,0076E7D0,ObservedR7D8DWORD writeendpoint7DC; notsizeof,00403360 availablebase/wrapperrecipe,,,,UNKNOWN; available00BD9E54 cache context,EFFECTS,VERIFIED,reports/PHASE6_READINESS_WAVE_SYNTHESIS_2026-10-06_SEQ0179.md;findings/boundaries/phase6_effectadmin_selected_resource_registration.md,2026-10-06,Rawself0 andsamewrapperbase0; R8/500DWORDREP operands/optionalP7D8. No effect-element types/service/owner/synchronization/runtime. Seq188 selectedcompatible service join/setup/knownregistration placement. R7D8 wait/release requestoperand; freshgetterG4 descriptor-address source. No fieldowner/currentgen/completepolicy/synchronization/safety.
STEAM_PC,CSINGLETON_CEFFECTADMIN,CSingleton<CEffectAdmin>,0076E850,,00403360 availabletypedconstruction;004052E0 acceptedcachepublication,,0040530A literal7DC request/0040530F accepted00404390 call,,Available00BD9E54 cache; exclusiveowner UNKNOWN,EFFECTS,STRONG_INFERENCE,reports/PHASE6_READINESS_WAVE_SYNTHESIS_2026-10-06_SEQ0179.md;findings/boundaries/phase6_effectadmin_selected_resource_registration.md,2026-10-06,Declaredwrapper0/CEffectAdmin0; requestnotsizeof. Available sameR normalreturn only; currentgen/service/lifecycle UNKNOWN. Seq188 selectedcompatible service join/setup/knownregistration placement. R7D8 wait/release requestoperand; freshgetterG4 descriptor-address source. No fieldowner/currentgen/completepolicy/synchronization/safety.
STEAM_PC,CMUTEX,CMutex,0076E664,ObservedP4DWORDwriteendpoint8; notsizeof/actualallocation,00403380 selectedPtable/P4resultrecipe,,00403364/6C literal8 opaque0074EEEB request,,UNKNOWN; conditionalCEffectAdmin R7D8 retainer,PLATFORM_WIN32,VERIFIED,reports/PHASE6_READINESS_WAVE_SYNTHESIS_2026-10-06_SEQ0179.md,2026-10-06,Rawself0; optionalP independentoperand role notuniversalnonalias. APIresult validity/locking use/ownership/free/gen unknown.
STEAM_PC,CSINGLETON_CITEMMANAGER,CSingleton<CItemManager>,007702C4,,00435F86..FAA selectedcache/table recipe; no memberconstructor callproved,,00435F8F/94 literal590 accepted00404390request,,Available00BDA0F8 cache; ownerUNKNOWN,UNKNOWN,VERIFIED,reports/PHASE6_READINESS_WAVE_SYNTHESIS_2026-10-06_SEQ0179.md;findings/subsystems/phase6_two_tier_receiver_control_item_cache.md;findings/subsystems/phase6_item_cache_factory_callback_adapter.md,2026-10-06,Directrawwrappername only; templateargnotindependentbasegraph/type-layout/service/sizeof/ownership/currentinstance proof. SignedEDI16->opaque00456FB0 selecteduse. Seq190 independent004D23D0 matchingcache590/table/publication recipe; selected00457E70 result/resource/table54/opaquequery interfaces. NotRtype/fullbaseconstructor/currentcache/typedfactory/owner. Seq192 selected00457E70 rawfactoryselector6B/5A/callbackpacket adapter boundsfirstoperation. No completeclassservice/currentthis/typedQ/root/owner/packetretention.
