evidence_id,kind,build,path_or_identifier,sha256,size_bytes,description,authority_level,notes
BIN-STEAM,binary,STEAM_PC,inputs/binaries/steam/DP_STEAM.exe,7a713886756bcde67bf276ce0e8bb898ee689673ff6027fc182d491bd242a029,8224256,Primary Steam PC executable,PRIMARY_BINARY,PE32 x86; hash matches steam manifest
BIN-GOG,binary,GOG_PC,inputs/binaries/gog/DP_GOG.exe,c954c2e3b205d444b0fc3649adf4bd8462a7dfe73d89599e24a7e17a129415c2,8222208,Primary GOG PC executable,PRIMARY_BINARY,PE32 x86; hash matches GOG manifest
BIN-XBOX,binary,XBOX360_PAL,inputs/binaries/xbox/default.xex,a46bfbfbb1783728de497f9f5425ab3177e9d28bedd40560f4b275a8ff704a66,10113024,Xbox 360 PAL executable,PRIMARY_BINARY,XEX; no equivalent Ghidra manifest
MANIFEST-STEAM,static_manifest,STEAM_PC,inputs/decompiler/steam/manifest.json,,1027,Ghidra export manifest,PRIMARY_STATIC,10322 functions; 89516 calls; errors=0
EXPORT-STEAM-functions_csv,static_export,STEAM_PC,inputs/decompiler/steam/functions.csv,,1291961,Function index,PRIMARY_STATIC,Part of the same versioned export pack
EXPORT-STEAM-functions_jsonl,static_export,STEAM_PC,inputs/decompiler/steam/functions.jsonl,,13037390,Function metadata and outgoing calls,PRIMARY_STATIC,Part of the same versioned export pack
EXPORT-STEAM-calls_csv,static_export,STEAM_PC,inputs/decompiler/steam/calls.csv,,8402959,Resolved call-site edges,PRIMARY_STATIC,Part of the same versioned export pack
EXPORT-STEAM-xrefs_csv,static_export,STEAM_PC,inputs/decompiler/steam/xrefs.csv,,36716624,Instruction references,PRIMARY_STATIC,Part of the same versioned export pack
EXPORT-STEAM-strings_csv,static_export,STEAM_PC,inputs/decompiler/steam/strings.csv,,3334888,Defined strings and reference counts,PRIMARY_STATIC,Part of the same versioned export pack
EXPORT-STEAM-imports_csv,static_export,STEAM_PC,inputs/decompiler/steam/imports.csv,,23328,Imported symbols,PRIMARY_STATIC,Part of the same versioned export pack
EXPORT-STEAM-symbols_csv,static_export,STEAM_PC,inputs/decompiler/steam/symbols.csv,,9103722,Ghidra symbols,PRIMARY_STATIC,Part of the same versioned export pack
EXPORT-STEAM-memory_blocks_csv,static_export,STEAM_PC,inputs/decompiler/steam/memory_blocks.csv,,335,PE/memory map,PRIMARY_STATIC,Part of the same versioned export pack
EXPORT-STEAM-DP_full_asm,static_export,STEAM_PC,inputs/decompiler/steam/DP_full.asm,,69344408,Complete defined-instruction listing,PRIMARY_STATIC,Part of the same versioned export pack
EXPORT-STEAM-DP_decompiled_c,static_export,STEAM_PC,inputs/decompiler/steam/DP_decompiled.c,,17867602,Full decompiler output,PRIMARY_STATIC,Part of the same versioned export pack
EXPORT-STEAM-decompile_index_csv,static_export,STEAM_PC,inputs/decompiler/steam/decompile_index.csv,,426051,Function to decompiler line ranges,PRIMARY_STATIC,Part of the same versioned export pack
EXPORT-STEAM-errors_txt,static_export,STEAM_PC,inputs/decompiler/steam/errors.txt,,29,Export error log,PRIMARY_STATIC,Part of the same versioned export pack
MANIFEST-GOG,static_manifest,GOG_PC,inputs/decompiler/gog/manifest.json,,1033,Ghidra export manifest,PRIMARY_STATIC,9930 functions; 68506 calls; errors=0
EXPORT-GOG-functions_csv,static_export,GOG_PC,inputs/decompiler/gog/functions.csv,,1243631,Function index,PRIMARY_STATIC,Part of the same versioned export pack
EXPORT-GOG-functions_jsonl,static_export,GOG_PC,inputs/decompiler/gog/functions.jsonl,,10240556,Function metadata and outgoing calls,PRIMARY_STATIC,Part of the same versioned export pack
EXPORT-GOG-calls_csv,static_export,GOG_PC,inputs/decompiler/gog/calls.csv,,6444977,Resolved call-site edges,PRIMARY_STATIC,Part of the same versioned export pack
EXPORT-GOG-xrefs_csv,static_export,GOG_PC,inputs/decompiler/gog/xrefs.csv,,29850923,Instruction references,PRIMARY_STATIC,Part of the same versioned export pack
EXPORT-GOG-strings_csv,static_export,GOG_PC,inputs/decompiler/gog/strings.csv,,3329067,Defined strings and reference counts,PRIMARY_STATIC,Part of the same versioned export pack
EXPORT-GOG-imports_csv,static_export,GOG_PC,inputs/decompiler/gog/imports.csv,,22844,Imported symbols,PRIMARY_STATIC,Part of the same versioned export pack
EXPORT-GOG-symbols_csv,static_export,GOG_PC,inputs/decompiler/gog/symbols.csv,,8399626,Ghidra symbols,PRIMARY_STATIC,Part of the same versioned export pack
EXPORT-GOG-memory_blocks_csv,static_export,GOG_PC,inputs/decompiler/gog/memory_blocks.csv,,335,PE/memory map,PRIMARY_STATIC,Part of the same versioned export pack
EXPORT-GOG-DP_full_asm,static_export,GOG_PC,inputs/decompiler/gog/DP_full.asm,,56713050,Complete defined-instruction listing,PRIMARY_STATIC,Part of the same versioned export pack
EXPORT-GOG-DP_decompiled_c,static_export,GOG_PC,inputs/decompiler/gog/DP_decompiled.c,,14366076,Full decompiler output,PRIMARY_STATIC,Part of the same versioned export pack
EXPORT-GOG-decompile_index_csv,static_export,GOG_PC,inputs/decompiler/gog/decompile_index.csv,,409705,Function to decompiler line ranges,PRIMARY_STATIC,Part of the same versioned export pack
EXPORT-GOG-errors_txt,static_export,GOG_PC,inputs/decompiler/gog/errors.txt,,29,Export error log,PRIMARY_STATIC,Part of the same versioned export pack
EXPORT-XBOX-CORPUS,static_export,XBOX360_PAL,inputs/decompiler/xbox/,,16384,Xbox recompilation/static corpus,PRIMARY_STATIC,271 files; no PE/Ghidra function manifest
KNOW-001,prior_research,MULTI_BUILD,inputs/knowledge/zachfix_research_2026-10-01/disproven.md,,26328,Existing ZachFix reverse-engineering evidence,SECONDARY_RESEARCH,Use as seed evidence; reconcile against executable/static evidence
KNOW-002,prior_research,MULTI_BUILD,inputs/knowledge/zachfix_research_2026-10-01/engine/crddebug.md,,10365,Existing ZachFix reverse-engineering evidence,SECONDARY_RESEARCH,Use as seed evidence; reconcile against executable/static evidence
KNOW-003,prior_research,MULTI_BUILD,inputs/knowledge/zachfix_research_2026-10-01/engine/effects.md,,19314,Existing ZachFix reverse-engineering evidence,SECONDARY_RESEARCH,Use as seed evidence; reconcile against executable/static evidence
KNOW-004,prior_research,MULTI_BUILD,inputs/knowledge/zachfix_research_2026-10-01/engine/overview.md,,14243,Existing ZachFix reverse-engineering evidence,SECONDARY_RESEARCH,Use as seed evidence; reconcile against executable/static evidence
KNOW-005,prior_research,MULTI_BUILD,inputs/knowledge/zachfix_research_2026-10-01/engine/timing.md,,7702,Existing ZachFix reverse-engineering evidence,SECONDARY_RESEARCH,Use as seed evidence; reconcile against executable/static evidence
KNOW-006,prior_research,MULTI_BUILD,inputs/knowledge/zachfix_research_2026-10-01/evidence/aim_mode2_precision/aim_bad_entry_trace_2026-09-29.md,,37342,Existing ZachFix reverse-engineering evidence,SECONDARY_RESEARCH,Use as seed evidence; reconcile against executable/static evidence
KNOW-007,prior_research,MULTI_BUILD,inputs/knowledge/zachfix_research_2026-10-01/evidence/aim_mode2_precision/aim_range_RE_worklog_2026-09-29.md,,83754,Existing ZachFix reverse-engineering evidence,SECONDARY_RESEARCH,Use as seed evidence; reconcile against executable/static evidence
KNOW-008,prior_research,MULTI_BUILD,inputs/knowledge/zachfix_research_2026-10-01/evidence/game_record/ZachFix_GameRecord_RE_2026-09-30.md,,104309,Existing ZachFix reverse-engineering evidence,SECONDARY_RESEARCH,Use as seed evidence; reconcile against executable/static evidence
KNOW-009,prior_research,MULTI_BUILD,inputs/knowledge/zachfix_research_2026-10-01/evidence/save_resume_contract/SaveAnywhere_Corrective_Verification_RE.md,,10671,Existing ZachFix reverse-engineering evidence,SECONDARY_RESEARCH,Use as seed evidence; reconcile against executable/static evidence
KNOW-010,prior_research,MULTI_BUILD,inputs/knowledge/zachfix_research_2026-10-01/evidence/vehicle_protocol/extract_protocol.py,,6235,Existing ZachFix reverse-engineering evidence,SECONDARY_RESEARCH,Use as seed evidence; reconcile against executable/static evidence
KNOW-011,prior_research,MULTI_BUILD,inputs/knowledge/zachfix_research_2026-10-01/evidence/vehicle_protocol/gog_action_ingress.asm,,7420,Existing ZachFix reverse-engineering evidence,SECONDARY_RESEARCH,Use as seed evidence; reconcile against executable/static evidence
KNOW-012,prior_research,MULTI_BUILD,inputs/knowledge/zachfix_research_2026-10-01/evidence/vehicle_protocol/gog_action_selector.asm,,9429,Existing ZachFix reverse-engineering evidence,SECONDARY_RESEARCH,Use as seed evidence; reconcile against executable/static evidence
KNOW-013,prior_research,MULTI_BUILD,inputs/knowledge/zachfix_research_2026-10-01/evidence/vehicle_protocol/gog_active_car_exit_request.asm,,1552,Existing ZachFix reverse-engineering evidence,SECONDARY_RESEARCH,Use as seed evidence; reconcile against executable/static evidence
KNOW-014,prior_research,MULTI_BUILD,inputs/knowledge/zachfix_research_2026-10-01/evidence/vehicle_protocol/gog_active_state87_steering.asm,,7427,Existing ZachFix reverse-engineering evidence,SECONDARY_RESEARCH,Use as seed evidence; reconcile against executable/static evidence
KNOW-015,prior_research,MULTI_BUILD,inputs/knowledge/zachfix_research_2026-10-01/evidence/vehicle_protocol/gog_car_auxiliary_create.asm,,1538,Existing ZachFix reverse-engineering evidence,SECONDARY_RESEARCH,Use as seed evidence; reconcile against executable/static evidence
KNOW-016,prior_research,MULTI_BUILD,inputs/knowledge/zachfix_research_2026-10-01/evidence/vehicle_protocol/gog_car_auxiliary_objects_release.asm,,749,Existing ZachFix reverse-engineering evidence,SECONDARY_RESEARCH,Use as seed evidence; reconcile against executable/static evidence
KNOW-017,prior_research,MULTI_BUILD,inputs/knowledge/zachfix_research_2026-10-01/evidence/vehicle_protocol/gog_car_auxiliary_release.asm,,419,Existing ZachFix reverse-engineering evidence,SECONDARY_RESEARCH,Use as seed evidence; reconcile against executable/static evidence
KNOW-018,prior_research,MULTI_BUILD,inputs/knowledge/zachfix_research_2026-10-01/evidence/vehicle_protocol/gog_car_event35_dispatch_case.asm,,289,Existing ZachFix reverse-engineering evidence,SECONDARY_RESEARCH,Use as seed evidence; reconcile against executable/static evidence
KNOW-019,prior_research,MULTI_BUILD,inputs/knowledge/zachfix_research_2026-10-01/evidence/vehicle_protocol/gog_car_event_dispatch_entry.asm,,654,Existing ZachFix reverse-engineering evidence,SECONDARY_RESEARCH,Use as seed evidence; reconcile against executable/static evidence
KNOW-020,prior_research,MULTI_BUILD,inputs/knowledge/zachfix_research_2026-10-01/evidence/vehicle_protocol/gog_car_mode_enable.asm,,1369,Existing ZachFix reverse-engineering evidence,SECONDARY_RESEARCH,Use as seed evidence; reconcile against executable/static evidence
KNOW-021,prior_research,MULTI_BUILD,inputs/knowledge/zachfix_research_2026-10-01/evidence/vehicle_protocol/gog_car_packet_consumer.asm,,3494,Existing ZachFix reverse-engineering evidence,SECONDARY_RESEARCH,Use as seed evidence; reconcile against executable/static evidence
KNOW-022,prior_research,MULTI_BUILD,inputs/knowledge/zachfix_research_2026-10-01/evidence/vehicle_protocol/gog_packet_refresh.asm,,417,Existing ZachFix reverse-engineering evidence,SECONDARY_RESEARCH,Use as seed evidence; reconcile against executable/static evidence
KNOW-023,prior_research,MULTI_BUILD,inputs/knowledge/zachfix_research_2026-10-01/evidence/vehicle_protocol/gog_player_event_dispatch_entry.asm,,446,Existing ZachFix reverse-engineering evidence,SECONDARY_RESEARCH,Use as seed evidence; reconcile against executable/static evidence
KNOW-024,prior_research,MULTI_BUILD,inputs/knowledge/zachfix_research_2026-10-01/evidence/vehicle_protocol/gog_player_packet_refresh_dispatch.asm,,525,Existing ZachFix reverse-engineering evidence,SECONDARY_RESEARCH,Use as seed evidence; reconcile against executable/static evidence
KNOW-025,prior_research,MULTI_BUILD,inputs/knowledge/zachfix_research_2026-10-01/evidence/vehicle_protocol/gog_shared_completion.asm,,11107,Existing ZachFix reverse-engineering evidence,SECONDARY_RESEARCH,Use as seed evidence; reconcile against executable/static evidence
KNOW-026,prior_research,MULTI_BUILD,inputs/knowledge/zachfix_research_2026-10-01/evidence/vehicle_protocol/gog_vehicle_cleanup.asm,,9011,Existing ZachFix reverse-engineering evidence,SECONDARY_RESEARCH,Use as seed evidence; reconcile against executable/static evidence
KNOW-027,prior_research,MULTI_BUILD,inputs/knowledge/zachfix_research_2026-10-01/evidence/vehicle_protocol/gog_vehicle_entry.asm,,8763,Existing ZachFix reverse-engineering evidence,SECONDARY_RESEARCH,Use as seed evidence; reconcile against executable/static evidence
KNOW-028,prior_research,MULTI_BUILD,inputs/knowledge/zachfix_research_2026-10-01/evidence/vehicle_protocol/gog_vehicle_exit_prelude.asm,,3213,Existing ZachFix reverse-engineering evidence,SECONDARY_RESEARCH,Use as seed evidence; reconcile against executable/static evidence
KNOW-029,prior_research,MULTI_BUILD,inputs/knowledge/zachfix_research_2026-10-01/evidence/vehicle_protocol/gog_vehicle_hub38.asm,,16350,Existing ZachFix reverse-engineering evidence,SECONDARY_RESEARCH,Use as seed evidence; reconcile against executable/static evidence
KNOW-030,prior_research,MULTI_BUILD,inputs/knowledge/zachfix_research_2026-10-01/evidence/vehicle_protocol/gog_vehicle_setup.asm,,15866,Existing ZachFix reverse-engineering evidence,SECONDARY_RESEARCH,Use as seed evidence; reconcile against executable/static evidence
KNOW-031,prior_research,MULTI_BUILD,inputs/knowledge/zachfix_research_2026-10-01/evidence/vehicle_protocol/protocol.json,,30994,Existing ZachFix reverse-engineering evidence,SECONDARY_RESEARCH,Use as seed evidence; reconcile against executable/static evidence
KNOW-032,prior_research,MULTI_BUILD,inputs/knowledge/zachfix_research_2026-10-01/evidence/vehicle_protocol/steam_action_ingress.asm,,7424,Existing ZachFix reverse-engineering evidence,SECONDARY_RESEARCH,Use as seed evidence; reconcile against executable/static evidence
KNOW-033,prior_research,MULTI_BUILD,inputs/knowledge/zachfix_research_2026-10-01/evidence/vehicle_protocol/steam_action_selector.asm,,9433,Existing ZachFix reverse-engineering evidence,SECONDARY_RESEARCH,Use as seed evidence; reconcile against executable/static evidence
KNOW-034,prior_research,MULTI_BUILD,inputs/knowledge/zachfix_research_2026-10-01/evidence/vehicle_protocol/steam_active_car_exit_request.asm,,1556,Existing ZachFix reverse-engineering evidence,SECONDARY_RESEARCH,Use as seed evidence; reconcile against executable/static evidence
KNOW-035,prior_research,MULTI_BUILD,inputs/knowledge/zachfix_research_2026-10-01/evidence/vehicle_protocol/steam_active_state87_steering.asm,,7431,Existing ZachFix reverse-engineering evidence,SECONDARY_RESEARCH,Use as seed evidence; reconcile against executable/static evidence
KNOW-036,prior_research,MULTI_BUILD,inputs/knowledge/zachfix_research_2026-10-01/evidence/vehicle_protocol/steam_car_auxiliary_create.asm,,1542,Existing ZachFix reverse-engineering evidence,SECONDARY_RESEARCH,Use as seed evidence; reconcile against executable/static evidence
KNOW-037,prior_research,MULTI_BUILD,inputs/knowledge/zachfix_research_2026-10-01/evidence/vehicle_protocol/steam_car_auxiliary_objects_release.asm,,753,Existing ZachFix reverse-engineering evidence,SECONDARY_RESEARCH,Use as seed evidence; reconcile against executable/static evidence
KNOW-038,prior_research,MULTI_BUILD,inputs/knowledge/zachfix_research_2026-10-01/evidence/vehicle_protocol/steam_car_auxiliary_release.asm,,423,Existing ZachFix reverse-engineering evidence,SECONDARY_RESEARCH,Use as seed evidence; reconcile against executable/static evidence
KNOW-039,prior_research,MULTI_BUILD,inputs/knowledge/zachfix_research_2026-10-01/evidence/vehicle_protocol/steam_car_event35_dispatch_case.asm,,293,Existing ZachFix reverse-engineering evidence,SECONDARY_RESEARCH,Use as seed evidence; reconcile against executable/static evidence
KNOW-040,prior_research,MULTI_BUILD,inputs/knowledge/zachfix_research_2026-10-01/evidence/vehicle_protocol/steam_car_event_dispatch_entry.asm,,658,Existing ZachFix reverse-engineering evidence,SECONDARY_RESEARCH,Use as seed evidence; reconcile against executable/static evidence
KNOW-041,prior_research,MULTI_BUILD,inputs/knowledge/zachfix_research_2026-10-01/evidence/vehicle_protocol/steam_car_mode_enable.asm,,1373,Existing ZachFix reverse-engineering evidence,SECONDARY_RESEARCH,Use as seed evidence; reconcile against executable/static evidence
KNOW-042,prior_research,MULTI_BUILD,inputs/knowledge/zachfix_research_2026-10-01/evidence/vehicle_protocol/steam_car_packet_consumer.asm,,3498,Existing ZachFix reverse-engineering evidence,SECONDARY_RESEARCH,Use as seed evidence; reconcile against executable/static evidence
KNOW-043,prior_research,MULTI_BUILD,inputs/knowledge/zachfix_research_2026-10-01/evidence/vehicle_protocol/steam_packet_refresh.asm,,421,Existing ZachFix reverse-engineering evidence,SECONDARY_RESEARCH,Use as seed evidence; reconcile against executable/static evidence
KNOW-044,prior_research,MULTI_BUILD,inputs/knowledge/zachfix_research_2026-10-01/evidence/vehicle_protocol/steam_player_event_dispatch_entry.asm,,450,Existing ZachFix reverse-engineering evidence,SECONDARY_RESEARCH,Use as seed evidence; reconcile against executable/static evidence
KNOW-045,prior_research,MULTI_BUILD,inputs/knowledge/zachfix_research_2026-10-01/evidence/vehicle_protocol/steam_player_packet_refresh_dispatch.asm,,529,Existing ZachFix reverse-engineering evidence,SECONDARY_RESEARCH,Use as seed evidence; reconcile against executable/static evidence
KNOW-046,prior_research,MULTI_BUILD,inputs/knowledge/zachfix_research_2026-10-01/evidence/vehicle_protocol/steam_shared_completion.asm,,11111,Existing ZachFix reverse-engineering evidence,SECONDARY_RESEARCH,Use as seed evidence; reconcile against executable/static evidence
KNOW-047,prior_research,MULTI_BUILD,inputs/knowledge/zachfix_research_2026-10-01/evidence/vehicle_protocol/steam_vehicle_cleanup.asm,,9015,Existing ZachFix reverse-engineering evidence,SECONDARY_RESEARCH,Use as seed evidence; reconcile against executable/static evidence
KNOW-048,prior_research,MULTI_BUILD,inputs/knowledge/zachfix_research_2026-10-01/evidence/vehicle_protocol/steam_vehicle_entry.asm,,8767,Existing ZachFix reverse-engineering evidence,SECONDARY_RESEARCH,Use as seed evidence; reconcile against executable/static evidence
KNOW-049,prior_research,MULTI_BUILD,inputs/knowledge/zachfix_research_2026-10-01/evidence/vehicle_protocol/steam_vehicle_exit_prelude.asm,,3217,Existing ZachFix reverse-engineering evidence,SECONDARY_RESEARCH,Use as seed evidence; reconcile against executable/static evidence
KNOW-050,prior_research,MULTI_BUILD,inputs/knowledge/zachfix_research_2026-10-01/evidence/vehicle_protocol/steam_vehicle_hub38.asm,,16354,Existing ZachFix reverse-engineering evidence,SECONDARY_RESEARCH,Use as seed evidence; reconcile against executable/static evidence
KNOW-051,prior_research,MULTI_BUILD,inputs/knowledge/zachfix_research_2026-10-01/evidence/vehicle_protocol/steam_vehicle_setup.asm,,15870,Existing ZachFix reverse-engineering evidence,SECONDARY_RESEARCH,Use as seed evidence; reconcile against executable/static evidence
KNOW-052,prior_research,MULTI_BUILD,inputs/knowledge/zachfix_research_2026-10-01/evidence/xbox_only_controls/gog_player_update_tail.asm,,1647,Existing ZachFix reverse-engineering evidence,SECONDARY_RESEARCH,Use as seed evidence; reconcile against executable/static evidence
KNOW-053,prior_research,MULTI_BUILD,inputs/knowledge/zachfix_research_2026-10-01/evidence/xbox_only_controls/gog_quickturn_combat.asm,,3475,Existing ZachFix reverse-engineering evidence,SECONDARY_RESEARCH,Use as seed evidence; reconcile against executable/static evidence
KNOW-054,prior_research,MULTI_BUILD,inputs/knowledge/zachfix_research_2026-10-01/evidence/xbox_only_controls/gog_quickturn_normal.asm,,2542,Existing ZachFix reverse-engineering evidence,SECONDARY_RESEARCH,Use as seed evidence; reconcile against executable/static evidence
KNOW-055,prior_research,MULTI_BUILD,inputs/knowledge/zachfix_research_2026-10-01/evidence/xbox_only_controls/gog_quickturn_state_0b.asm,,6663,Existing ZachFix reverse-engineering evidence,SECONDARY_RESEARCH,Use as seed evidence; reconcile against executable/static evidence
KNOW-056,prior_research,MULTI_BUILD,inputs/knowledge/zachfix_research_2026-10-01/evidence/xbox_only_controls/gog_strafe_states_09_0a.asm,,10326,Existing ZachFix reverse-engineering evidence,SECONDARY_RESEARCH,Use as seed evidence; reconcile against executable/static evidence
KNOW-057,prior_research,MULTI_BUILD,inputs/knowledge/zachfix_research_2026-10-01/evidence/xbox_only_controls/steam_player_update_tail.asm,,1651,Existing ZachFix reverse-engineering evidence,SECONDARY_RESEARCH,Use as seed evidence; reconcile against executable/static evidence
KNOW-058,prior_research,MULTI_BUILD,inputs/knowledge/zachfix_research_2026-10-01/evidence/xbox_only_controls/steam_quickturn_combat.asm,,3479,Existing ZachFix reverse-engineering evidence,SECONDARY_RESEARCH,Use as seed evidence; reconcile against executable/static evidence
KNOW-059,prior_research,MULTI_BUILD,inputs/knowledge/zachfix_research_2026-10-01/evidence/xbox_only_controls/steam_quickturn_normal.asm,,2523,Existing ZachFix reverse-engineering evidence,SECONDARY_RESEARCH,Use as seed evidence; reconcile against executable/static evidence
KNOW-060,prior_research,MULTI_BUILD,inputs/knowledge/zachfix_research_2026-10-01/evidence/xbox_only_controls/steam_quickturn_state_0b.asm,,6667,Existing ZachFix reverse-engineering evidence,SECONDARY_RESEARCH,Use as seed evidence; reconcile against executable/static evidence
KNOW-061,prior_research,MULTI_BUILD,inputs/knowledge/zachfix_research_2026-10-01/evidence/xbox_only_controls/steam_strafe_states_09_0a.asm,,10330,Existing ZachFix reverse-engineering evidence,SECONDARY_RESEARCH,Use as seed evidence; reconcile against executable/static evidence
KNOW-062,prior_research,MULTI_BUILD,inputs/knowledge/zachfix_research_2026-10-01/evidence/xbox_only_controls/xbox_quickturn_candidates.cpp.txt,,13350,Existing ZachFix reverse-engineering evidence,SECONDARY_RESEARCH,Use as seed evidence; reconcile against executable/static evidence
KNOW-063,prior_research,MULTI_BUILD,inputs/knowledge/zachfix_research_2026-10-01/evidence/xbox_only_controls/xbox_strafe_ingress_excerpt.cpp.txt,,2200,Existing ZachFix reverse-engineering evidence,SECONDARY_RESEARCH,Use as seed evidence; reconcile against executable/static evidence
KNOW-064,prior_research,MULTI_BUILD,inputs/knowledge/zachfix_research_2026-10-01/input/camera-modes.md,,14822,Existing ZachFix reverse-engineering evidence,SECONDARY_RESEARCH,Use as seed evidence; reconcile against executable/static evidence
KNOW-065,prior_research,MULTI_BUILD,inputs/knowledge/zachfix_research_2026-10-01/input/xbox-controls.md,,7553,Existing ZachFix reverse-engineering evidence,SECONDARY_RESEARCH,Use as seed evidence; reconcile against executable/static evidence
KNOW-066,prior_research,MULTI_BUILD,inputs/knowledge/zachfix_research_2026-10-01/player/action-protocol.md,,7095,Existing ZachFix reverse-engineering evidence,SECONDARY_RESEARCH,Use as seed evidence; reconcile against executable/static evidence
KNOW-067,prior_research,MULTI_BUILD,inputs/knowledge/zachfix_research_2026-10-01/player/action_selector.md,,4680,Existing ZachFix reverse-engineering evidence,SECONDARY_RESEARCH,Use as seed evidence; reconcile against executable/static evidence
KNOW-068,prior_research,MULTI_BUILD,inputs/knowledge/zachfix_research_2026-10-01/player/cct-bridge.md,,2738,Existing ZachFix reverse-engineering evidence,SECONDARY_RESEARCH,Use as seed evidence; reconcile against executable/static evidence
KNOW-069,prior_research,MULTI_BUILD,inputs/knowledge/zachfix_research_2026-10-01/player/object-action-taxonomy.md,,9638,Existing ZachFix reverse-engineering evidence,SECONDARY_RESEARCH,Use as seed evidence; reconcile against executable/static evidence
KNOW-070,prior_research,MULTI_BUILD,inputs/knowledge/zachfix_research_2026-10-01/player/state-families.md,,28906,Existing ZachFix reverse-engineering evidence,SECONDARY_RESEARCH,Use as seed evidence; reconcile against executable/static evidence
KNOW-071,prior_research,MULTI_BUILD,inputs/knowledge/zachfix_research_2026-10-01/player/vehicle.md,,16228,Existing ZachFix reverse-engineering evidence,SECONDARY_RESEARCH,Use as seed evidence; reconcile against executable/static evidence
KNOW-072,prior_research,MULTI_BUILD,inputs/knowledge/zachfix_research_2026-10-01/render/color.md,,923,Existing ZachFix reverse-engineering evidence,SECONDARY_RESEARCH,Use as seed evidence; reconcile against executable/static evidence
KNOW-073,prior_research,MULTI_BUILD,inputs/knowledge/zachfix_research_2026-10-01/render/daynight.md,,1953,Existing ZachFix reverse-engineering evidence,SECONDARY_RESEARCH,Use as seed evidence; reconcile against executable/static evidence
KNOW-074,prior_research,MULTI_BUILD,inputs/knowledge/zachfix_research_2026-10-01/render/depth.md,,4315,Existing ZachFix reverse-engineering evidence,SECONDARY_RESEARCH,Use as seed evidence; reconcile against executable/static evidence
KNOW-075,prior_research,MULTI_BUILD,inputs/knowledge/zachfix_research_2026-10-01/render/interior-visibility.md,,1866,Existing ZachFix reverse-engineering evidence,SECONDARY_RESEARCH,Use as seed evidence; reconcile against executable/static evidence
KNOW-076,prior_research,MULTI_BUILD,inputs/knowledge/zachfix_research_2026-10-01/render/water.md,,2453,Existing ZachFix reverse-engineering evidence,SECONDARY_RESEARCH,Use as seed evidence; reconcile against executable/static evidence
KNOW-077,prior_research,MULTI_BUILD,inputs/knowledge/zachfix_research_2026-10-01/unresolved.md,,18758,Existing ZachFix reverse-engineering evidence,SECONDARY_RESEARCH,Use as seed evidence; reconcile against executable/static evidence
KNOW-078,prior_research,MULTI_BUILD,inputs/knowledge/zachfix_research_2026-10-01/world/frustum.md,,8631,Existing ZachFix reverse-engineering evidence,SECONDARY_RESEARCH,Use as seed evidence; reconcile against executable/static evidence
KNOW-079,prior_research,MULTI_BUILD,inputs/knowledge/zachfix_research_2026-10-01/world/lod.md,,1809,Existing ZachFix reverse-engineering evidence,SECONDARY_RESEARCH,Use as seed evidence; reconcile against executable/static evidence
KNOW-080,prior_research,MULTI_BUILD,inputs/knowledge/zachfix_research_2026-10-01/world/residency.md,,2893,Existing ZachFix reverse-engineering evidence,SECONDARY_RESEARCH,Use as seed evidence; reconcile against executable/static evidence
KNOW-081,prior_research,MULTI_BUILD,inputs/knowledge/zachfix_research_2026-10-01/world/shadows.md,,2648,Existing ZachFix reverse-engineering evidence,SECONDARY_RESEARCH,Use as seed evidence; reconcile against executable/static evidence
ASSET-CORPUS,asset_corpus,DP_SERIAL,inputs/assets/dpserial/,,4096,Unpacked DPserial game assets,PRIMARY_ASSET,"14333 files; 2266394183 bytes; extensions={'.db': 3, '.dpb': 1, '.dsb': 656, '.flg': 1, '.grs': 11, '.idx': 1, '.ldp': 1, '.mes': 7, '.nod': 1, '.pam': 3, '.par': 1, '.pea': 1, '.png': 6, '.prm': 410, '.roa': 3, '.sfo': 3, '.srl': 2, '.xam': 3456, '.xca': 1641, '.xcm': 38, '.xfe': 70, '.xly': 175, '.xmd': 3033, '.xnv': 318, '.xop': 99, '.xpc': 3819, '.xpf': 38, '.xpm': 137, '.xul': 56, '.xus': 6, '.xvo': 110, '.xwp': 221, '.zip': 5}"
RUNTIME-EMPTY,runtime_evidence,NONE,inputs/runtime/,,4096,Runtime evidence directory,MISSING,"Only README/sidecar present; no logs, traces, probes, or crash observations"
INVENTORY-REPORT,derived_inventory,MULTI_BUILD,reports/INPUT_INVENTORY.md,,1151061,Generated input inventory,DERIVED,Generated by scripts/inventory_inputs.py; raw evidence remains under inputs/
P5-WORLD-PRIMARY-20261004,derived_primary_check,STEAM_PC,scratch/phase5_world_retirement_primary_20261004.json,d3c9543d12b74bfd33afcdb7a141fabf35cfda4d6be7a039449b74845b3657b5,35003,Primary main PE/ASM verification of selected Phase5 world lifetime joins or paired typed tables,DERIVED_PRIMARY_CHECK,Exact scopes and overlapping/reused instruction counts in receipt; no runtime/safety/generation guarantee.
P5-CLEVEL-PRIMARY-20261004,derived_primary_check,STEAM_PC;GOG_PC,scratch/phase5_clevel_lifetime_main_20261004.json,790a44c82718f7c0d434bb02a07c4c7eb2caa5ea8eb56259a61f8131a175bd47,37816,Primary main PE/ASM verification of selected Phase5 world lifetime joins or paired typed tables,DERIVED_PRIMARY_CHECK,Exact scopes and overlapping/reused instruction counts in receipt; no runtime/safety/generation guarantee.
P5-WORKER-REPLAY-20261004,derived_primary_check,STEAM_PC,scratch/phase5_resource_worker_retirement_main_replay_20261004.json,260f320beb16dbf34f6b3cd2fdad59c557ae14b3b8ac1f74b9ba28b2aff245e9,105599,Main replay or selected personal verification of typedresource shutdown/workerstop/storage teardown,DERIVED_PRIMARY_CHECK,Static PE/export checks only; no OSexecution/quiescence/safeownership orbuildparity. Originalagentreturn retained; overlappingcounts notnovelty.
P5-WORKER-MAIN-20261004,derived_primary_check,STEAM_PC,scratch/phase5_worker_shutdown_main_20261004.json,a65c01f9283a8f3e2098f930f87acf936a60ed9a0612818ed2c36db1e6e364db,26813,Main replay or selected personal verification of typedresource shutdown/workerstop/storage teardown,DERIVED_PRIMARY_CHECK,Static PE/export checks only; no OSexecution/quiescence/safeownership orbuildparity. Originalagentreturn retained; overlappingcounts notnovelty.
P5-MENU-MAIN-20261004,derived_primary_check,STEAM_PC,scratch/phase5_menu_task_lifetime_main_20261004.json,77a8f64d96365e624a49f89e355c2823f30f5d6c2904d58ee3bf6ba02f3cf7e7,18243,Main selectedmenu/task/Fadeevent2 andtypedinlineCLayout reset verification,DERIVED_PRIMARY_CHECK,131instructions/429bytes includesselectedacceptedmarker/request reuse; noactualgeneration/lastuse/free/runtime.
P5-FISHING-MAIN-20261004,derived_primary_check,STEAM_PC,scratch/phase5_fishing_line_lifetime_main_20261004.json,219f5b97f969f0bc2d65b0c2e78b1a27fcc33767d16663f8c78e37a79cfd8adc,22446,Main typedparent event2/line deleting-to-cleanup receiver andfield verification,DERIVED_PRIMARY_CHECK,159instructions/570bytes; someacceptedprefix reuse. No oldH1/selflink/runtime/safeownership/GOG claim.
P5-PHYSICS-REPLAY-20261004,derived_primary_check,STEAM_PC,scratch/phase5_physics_dependency_release_main_replay_20261004.json,200851a8d21c2882ed6a10abd146f970f186534309b4b359a57d1a67bde5206e,125406,Mainreplay orselectedpersonal physics scene/controller/allocator release checks,DERIVED_PRIMARY_CHECK,802/2703 returnedcheck or262/859 mainselectedchecks overlapacceptedanchors; noOS/APIexecution/samegeneration/quiescence/success.
P5-PHYSICS-MAIN-20261004,derived_primary_check,STEAM_PC,scratch/phase5_physics_release_main_20261004.json,8accca0f24bf7c5aac3e8c298aea170f95199443ad0a4397d75813f09997202c,35585,Mainreplay orselectedpersonal physics scene/controller/allocator release checks,DERIVED_PRIMARY_CHECK,802/2703 returnedcheck or262/859 mainselectedchecks overlapacceptedanchors; noOS/APIexecution/samegeneration/quiescence/success.
P5-SAVE-REPLAY-20261004,derived_primary_check,STEAM_PC,scratch/phase5_save_callback_lifetime_main_replay_20261004.json,0fcb163ab110a58393ec7956bd288da58cc05a2f65b279ce3414dff16c9edb66,90089,Mainreplay orpersonal deferredCSiHolder/rootfinalizer/SaveData-Sysutil cleanup checks,DERIVED_PRIMARY_CHECK,599/1948 returnedreplay or366/1208 mainchecks overlap; originalreturn unchanged. No runtime/operation-success/safejoinedlifetime/buildparity.
P5-SAVE-MAIN-20261004,derived_primary_check,STEAM_PC,scratch/phase5_save_lifetime_main_20261004.json,128f388353f2b8c011f31bdce868141c5314e10dd3d29ca4bd67738dd24e42cc,47508,Mainreplay orpersonal deferredCSiHolder/rootfinalizer/SaveData-Sysutil cleanup checks,DERIVED_PRIMARY_CHECK,599/1948 returnedreplay or366/1208 mainchecks overlap; originalreturn unchanged. No runtime/operation-success/safejoinedlifetime/buildparity.
P5-INPUT-REGISTRATION-20261004,derived_primary_check,STEAM_PC,scratch/phase5_input_registration_main_20261004.json,877db794d3749990452d57d593ebc7e258944b0e70279e63049d5432bfcccad7,11885,Personally verified 83/303 literal registration/currentcode,DERIVED_PRIMARY_CHECK,"Finite byte/type/control evidence, overlapping/reusedcounts notadditivenovelty; no runtime/currentgeneration/ownership/lastuse/quiescence/success/GOG."
P5-INPUT-LIFETIME-20261004,derived_primary_check,STEAM_PC,scratch/phase5_input_lifetime_main_20261004.json,942d59ed51bb20890ea981ba6375e6d3d82c2746515a4bffc7a8ee9edc13aaa8,25300,Personally verified 181/617 finalizer/member/U220/callback joins,DERIVED_PRIMARY_CHECK,"Finite byte/type/control evidence, overlapping/reusedcounts notadditivenovelty; no runtime/currentgeneration/ownership/lastuse/quiescence/success/GOG."
P5-INPUT-MEMBERS-20261004,derived_primary_check,STEAM_PC,scratch/phase5_input_members_main_20261004.json,eda0a793e3cce702ca743ad79e85469b839efbbaf3daadf02a6b3f555437b55c,17691,Personally verified 130/446 no-op/member/provider/thread genealogy,DERIVED_PRIMARY_CHECK,"Finite byte/type/control evidence, overlapping/reusedcounts notadditivenovelty; no runtime/currentgeneration/ownership/lastuse/quiescence/success/GOG."
P5-INPUT-CALLBACK-20261004,derived_primary_check,STEAM_PC,scratch/phase5_input_callback_main_20261004.json,6479778c020d1528b1d0135661039793c4e248e379aa1eeb88c94858078bd803,8705,Personally verified 62/216 stopobservation/remainingTuse,DERIVED_PRIMARY_CHECK,"Finite byte/type/control evidence, overlapping/reusedcounts notadditivenovelty; no runtime/currentgeneration/ownership/lastuse/quiescence/success/GOG."
P5-INPUT-CLEANUP-REPLAY-20261004,derived_primary_check,STEAM_PC,scratch/phase5_input_cleanup_branch_main_replay_20261004.json,01f9b5ebfa9ab654110c39d71931a61e3a59c75abb62dd81d3753c83c7c0212e,203664,FreshboundedOpusbranch replayedintoNEWreceipt; mainimportantjoins separatelychecked,DERIVED_PRIMARY_CHECK,761/2504 cleanup or420/1371 semanticguardspans plusliteralunion1130/5153 mechanical; overlapnotadditivecoverage. ExtraS/Aprovideridentification locatorsnotyetcanonicalpromoted.
P5-INPUT-GUARD-REPLAY-20261004,derived_primary_check,STEAM_PC,scratch/phase5_input_guard_main_replay_20261004.json,cbe9aac9cbc53c7c5304fd449d917aed58a02125fd97ebe9cd181ad76c1ea1f9,599162,FreshboundedOpusbranch replayedintoNEWreceipt; mainimportantjoins separatelychecked,DERIVED_PRIMARY_CHECK,761/2504 cleanup or420/1371 semanticguardspans plusliteralunion1130/5153 mechanical; overlapnotadditivecoverage. ExtraS/Aprovideridentification locatorsnotyetcanonicalpromoted.
P5-MODEL-BUFFERS-20261004,derived_primary_check,STEAM_PC,scratch/phase5_model_buffers_main_20261004.json,0f62ccfe5af33f4ed26f2da9fd190136d8b3aa034ea7c99647f109421163da9d,23075,Personally verified selectedmodel buffer oravailabletypedbasepacket retirement,DERIVED_PRIMARY_CHECK,"163/551 mainbuffers,80/287 mainpacket or222/771 branchreplay overlapping/reusedbytechecks; no success/currentgeneration/lastuse/quiescence/GOG."
P5-MODEL-PACKET-20261004,derived_primary_check,STEAM_PC,scratch/phase5_model_packet_main_20261004.json,89ce5b8f0e032bddf5488a9dbd268c2b72179281799a0eb580fbf71c5ef8290a,12509,Personally verified selectedmodel buffer oravailabletypedbasepacket retirement,DERIVED_PRIMARY_CHECK,"163/551 mainbuffers,80/287 mainpacket or222/771 branchreplay overlapping/reusedbytechecks; no success/currentgeneration/lastuse/quiescence/GOG."
P5-MODEL-REPLAY-20261004,derived_primary_check,STEAM_PC,scratch/phase5_model_packet_main_replay_seq0080.json,87a3da7b63a5f702fb0d4b954c6a53798ab6988bdd34e754f9a569442e8beda9,46539,Personally verified selectedmodel buffer oravailabletypedbasepacket retirement,DERIVED_PRIMARY_CHECK,"163/551 mainbuffers,80/287 mainpacket or222/771 branchreplay overlapping/reusedbytechecks; no success/currentgeneration/lastuse/quiescence/GOG."
P5-PROGRESS-HELPER-20261004,derived_primary_check,STEAM_PC,scratch/phase5_progress_helper_main_20261004.json,8340999b2c7b59bdf75953ec911b46834d962259ab15ff7be355780e5718c8a6,4359,Finitehelper/import/fixed-divide path orcaller integration personallyverified/replayed,DERIVED_PRIMARY_CHECK,27/69 helper/main-replay or86/290 caller checks overlap; API note notgameprimary/runtime. No actualelapsedtime/providerclock/admissionclose/lastuse/quiescence/threadjoin/success/GOG.
P5-PROGRESS-CALLERS-20261004,derived_primary_check,STEAM_PC,scratch/phase5_progress_callers_main_20261004.json,b8424f2376766ebe3ede479d32c0e45c64cb020e461f31e0948fb8b6c037b755,11969,Finitehelper/import/fixed-divide path orcaller integration personallyverified/replayed,DERIVED_PRIMARY_CHECK,27/69 helper/main-replay or86/290 caller checks overlap; API note notgameprimary/runtime. No actualelapsedtime/providerclock/admissionclose/lastuse/quiescence/threadjoin/success/GOG.
P5-PROGRESS-REPLAY-20261004,derived_primary_check,STEAM_PC,scratch/phase5_progress_helper_main_replay_seq0082.json,20f62f248190a4edc656a991d63a66722383a3909b34b2897d0b0ade1e39fcc8,8856,Finitehelper/import/fixed-divide path orcaller integration personallyverified/replayed,DERIVED_PRIMARY_CHECK,27/69 helper/main-replay or86/290 caller checks overlap; API note notgameprimary/runtime. No actualelapsedtime/providerclock/admissionclose/lastuse/quiescence/threadjoin/success/GOG.
P5-PROGRESS-API-CONTRACT-20261004,external_api_reference,STEAM_PC,scratch/phase5_sleep_api_contract_20261004.md,b5ed34504f39db33d4ab0200b1dc99f7e070eaba3701cca24a2b7973f948a1ff,996,DocumentedSleep signature/requestunits only,REFERENCE_API_CONTRACT,27/69 helper/main-replay or86/290 caller checks overlap; API note notgameprimary/runtime. No actualelapsedtime/providerclock/admissionclose/lastuse/quiescence/threadjoin/success/GOG.
P5-COLD7F0-MAIN-20261004,derived_primary_check,STEAM_PC,scratch/phase5_fishing_7f0_main_20261004.json,8dba934d9a799902e06d47f9f441b4efa020c8a6028dc14934a3e732a2de81a8,9979,"Bounded coldparent/shell exactwriter, directhelper andnamedinterface; importantjoins personallyverified",DERIVED_PRIMARY_CHECK,"Main64/186 replay overlaps; personalwriter25/93; branch wholector fieldcensus only, no genericchild/handle expansion. No generation/ownership/destruction/lastuse/free success/GOG."
P5-COLD7F0-REPLAY-20261004,derived_primary_check,STEAM_PC,scratch/phase5_fishing_7f0_main_replay_seq0084.json,8dba934d9a799902e06d47f9f441b4efa020c8a6028dc14934a3e732a2de81a8,9979,"Bounded coldparent/shell exactwriter, directhelper andnamedinterface; importantjoins personallyverified",DERIVED_PRIMARY_CHECK,"Main64/186 replay overlaps; personalwriter25/93; branch wholector fieldcensus only, no genericchild/handle expansion. No generation/ownership/destruction/lastuse/free success/GOG."
P5-COLD7F0-WRITER-20261004,derived_primary_check,STEAM_PC,scratch/phase5_fishing_7f0_writer_branch_20261004.json,190bc36749b6d1cc0930897e9f35f44d12f11cc6102ea321c02492740616271d,10296,"Bounded coldparent/shell exactwriter, directhelper andnamedinterface; importantjoins personallyverified",DERIVED_PRIMARY_CHECK,"Main64/186 replay overlaps; personalwriter25/93; branch wholector fieldcensus only, no genericchild/handle expansion. No generation/ownership/destruction/lastuse/free success/GOG."
P5-COLD7F0-PERSONAL-WRITER-20261004,derived_primary_check,STEAM_PC,scratch/phase5_fishing_7f0_main_writer_verification_seq0084.json,26d33ce723ac34142ba6e5f8d45524893611f99f2992cb1ca4a54e29b2523901,3730,"Bounded coldparent/shell exactwriter, directhelper andnamedinterface; importantjoins personallyverified",DERIVED_PRIMARY_CHECK,"Main64/186 replay overlaps; personalwriter25/93; branch wholector fieldcensus only, no genericchild/handle expansion. No generation/ownership/destruction/lastuse/free success/GOG."
P5-PROVIDER-BRANCH-20261004,derived_primary_check,STEAM_PC,scratch/phase5_input_provider_branch_20261004_primary.json,89fcd8193af1e6732a48f8f9452dfaf6de293de5a6f0ca07590842b988edf361,58568,Finiteprovider type/transport/arithmetics/currentrootcode/interface personallyverified; exactimport separate,DERIVED_PRIMARY_CHECK,"Branch248/880; main/replay256/835rechecks+120/355interfaces counts overlap, notadditive. No generation/balance/admissionclose/lastuser/success/runtime/GOG."
P5-PROVIDER-MAIN-20261004,derived_primary_check,STEAM_PC,scratch/phase5_provider_main_20261004.json,07d71be7202f59906bf8d7e746a05491cd5a498e65760d073d3422b5b2e33d0c,53384,Finiteprovider type/transport/arithmetics/currentrootcode/interface personallyverified; exactimport separate,DERIVED_PRIMARY_CHECK,"Branch248/880; main/replay256/835rechecks+120/355interfaces counts overlap, notadditive. No generation/balance/admissionclose/lastuser/success/runtime/GOG."
P5-PROVIDER-REPLAY-20261004,derived_primary_check,STEAM_PC,scratch/phase5_provider_main_replay_seq0086.json,07d71be7202f59906bf8d7e746a05491cd5a498e65760d073d3422b5b2e33d0c,53384,Finiteprovider type/transport/arithmetics/currentrootcode/interface personallyverified; exactimport separate,DERIVED_PRIMARY_CHECK,"Branch248/880; main/replay256/835rechecks+120/355interfaces counts overlap, notadditive. No generation/balance/admissionclose/lastuser/success/runtime/GOG."
P5-PROVIDER-IMPORT-20261004,derived_primary_check,STEAM_PC,scratch/phase5_provider_main_import_seq0086.json,44cecb6087e60275b1bd04fff641c0eb4dd277b2987abad523efd0b3f106b669,290,Finiteprovider type/transport/arithmetics/currentrootcode/interface personallyverified; exactimport separate,DERIVED_PRIMARY_CHECK,"Branch248/880; main/replay256/835rechecks+120/355interfaces counts overlap, notadditive. No generation/balance/admissionclose/lastuser/success/runtime/GOG."
P5-SPATIAL-LIGHT-BRANCH-20261004,derived_primary_check,STEAM_PC,scratch/phase5_spatial_node_branch_20261004.json,a95ba83190e7dea33620c128e3b9e4297ace5e5dcdb633cb92d298ad51b3a7af,30140,"Threebody typedlight detach/availablecleanup, rawtables andexactreceiver/vptr-order personallyverified",DERIVED_PRIMARY_CHECK,"Each92/311 overlaps, notadditive. No actualgeneration/currenttable/invocation/aliaslastuse/free success/queryalgorithm/GOG."
P5-SPATIAL-LIGHT-MAIN-20261004,derived_primary_check,STEAM_PC,scratch/phase5_spatial_light_main_20261004.json,6e4740b78eae6c371a0f5e560b7875ce81d5bc2db940ae596f2b009af810bc85,13268,"Threebody typedlight detach/availablecleanup, rawtables andexactreceiver/vptr-order personallyverified",DERIVED_PRIMARY_CHECK,"Each92/311 overlaps, notadditive. No actualgeneration/currenttable/invocation/aliaslastuse/free success/queryalgorithm/GOG."
P5-SPATIAL-LIGHT-REPLAY-20261004,derived_primary_check,STEAM_PC,scratch/phase5_spatial_light_main_replay_seq0088.json,6e4740b78eae6c371a0f5e560b7875ce81d5bc2db940ae596f2b009af810bc85,13268,"Threebody typedlight detach/availablecleanup, rawtables andexactreceiver/vptr-order personallyverified",DERIVED_PRIMARY_CHECK,"Each92/311 overlaps, notadditive. No actualgeneration/currenttable/invocation/aliaslastuse/free success/queryalgorithm/GOG."
P5-AUDIO-INTERFACE-BRANCH-20261004,derived_primary_check,STEAM_PC,scratch/phase5_audio_root_branch_20261004.json,d0743930f6e3282ab6db67c38e43a458e3b82e53682ebfd2177eecd7e52c8e32,18369,Complete36byte typedown-interface cleanup before optionalreceiverdeallocation; personallyverifiedafterREADY,DERIVED_PRIMARY_CHECK,Availabilityonly; actualcurrentrootgeneration/invocation/sharedlastuser/successUNKNOWN. Initialearly/same-runduplicate outputs preserved/notused; confirmedreplayaftervalidatedselection distinct. No staticbackend/CRT/freecensus.
P5-AUDIO-INTERFACE-MAIN-20261004,derived_primary_check,STEAM_PC,scratch/phase5_audio_interface_main_confirmed_seq0090.json,89701937e13f7304f5616715ae0bb128d7f0229988beb1c836839673e9bc982d,2034,Complete36byte typedown-interface cleanup before optionalreceiverdeallocation; personallyverifiedafterREADY,DERIVED_PRIMARY_CHECK,Availabilityonly; actualcurrentrootgeneration/invocation/sharedlastuser/successUNKNOWN. Initialearly/same-runduplicate outputs preserved/notused; confirmedreplayaftervalidatedselection distinct. No staticbackend/CRT/freecensus.
P5-AUDIO-INTERFACE-REPLAY-20261004,derived_primary_check,STEAM_PC,scratch/phase5_audio_interface_main_confirmed_replay_seq0090.json,89701937e13f7304f5616715ae0bb128d7f0229988beb1c836839673e9bc982d,2034,Complete36byte typedown-interface cleanup before optionalreceiverdeallocation; personallyverifiedafterREADY,DERIVED_PRIMARY_CHECK,Availabilityonly; actualcurrentrootgeneration/invocation/sharedlastuser/successUNKNOWN. Initialearly/same-runduplicate outputs preserved/notused; confirmedreplayaftervalidatedselection distinct. No staticbackend/CRT/freecensus.
P5-MOVIE-EVENT2-BRANCH-20261004,derived_primary_check,STEAM_PC,scratch/phase5_movie_task_lifetime_branch_20261004.json,84beacd16f38f3e2f8843bfe9985e3731917702392eaddc659f79942aab49caf,28942,New9byteevent2 selector/acceptedcarrier-epiloguereuse; personallyverifiedfinitecandidate limit,DERIVED_PRIMARY_CHECK,46/151replay incl2/9new; personal17/60 overlap. No M18typedcontext/actualeventdelivery/retirement/globalabsence/lastuse/GOG.
P5-MOVIE-EVENT2-MAIN-REPLAY-20261004,derived_primary_check,STEAM_PC,scratch/phase5_movie_task_lifetime_branch_20261004_main_replay.json,062a109bf0805b09aab830957be44f368e682e9f313b6fd9f8a6d291f7e352b8,28942,New9byteevent2 selector/acceptedcarrier-epiloguereuse; personallyverifiedfinitecandidate limit,DERIVED_PRIMARY_CHECK,46/151replay incl2/9new; personal17/60 overlap. No M18typedcontext/actualeventdelivery/retirement/globalabsence/lastuse/GOG.
P5-MOVIE-EVENT2-PERSONAL-20261004,derived_primary_check,STEAM_PC,scratch/phase5_movie_event2_main_20261004.json,f191d09c7fcc350718e0cbbf8a3ea3f88860a7b658e6e18fc13f541fe0471365,2297,New9byteevent2 selector/acceptedcarrier-epiloguereuse; personallyverifiedfinitecandidate limit,DERIVED_PRIMARY_CHECK,46/151replay incl2/9new; personal17/60 overlap. No M18typedcontext/actualeventdelivery/retirement/globalabsence/lastuse/GOG.
P5-WEATHER-MAIN-20261004,derived_primary_check,STEAM_PC,scratch/phase5_weather_main_seq0094.json,c3fd1da3840c71f8444e02c1efa4cbe8f9e4e8513ad1b3127ebfc6e7e5bf51cc,18381,Finite exact Rain current-retainer or named Rain/Grid receiver/cleanup interface qualification,DERIVED_PRIMARY_CHECK,Overlapping checks not additive. Old branch strict display cap NOT_PASS retained; no actual generation/selected deleting/ownership/lastuse/safe deallocation/GOG.
P5-WEATHER-GRID-BRANCH-20261004,derived_primary_check,STEAM_PC,scratch/phase5_weather_grid_independent_seq0094.json,992eea12e5fbce5823c29f747418e31d52616ad82aca17b893c6311a3c0af165,22678,Finite exact Rain current-retainer or named Rain/Grid receiver/cleanup interface qualification,DERIVED_PRIMARY_CHECK,Overlapping checks not additive. Old branch strict display cap NOT_PASS retained; no actual generation/selected deleting/ownership/lastuse/safe deallocation/GOG.
P5-WEATHER-GRID-PERSONAL-20261004,derived_primary_check,STEAM_PC,scratch/phase5_weather_grid_personal_seq0094.json,5536f509837d05e86b3b6253fb7334c5d781761dbaba07e5022ea425286c7c99,7581,Finite exact Rain current-retainer or named Rain/Grid receiver/cleanup interface qualification,DERIVED_PRIMARY_CHECK,Overlapping checks not additive. Old branch strict display cap NOT_PASS retained; no actual generation/selected deleting/ownership/lastuse/safe deallocation/GOG.
P5-WEATHER-ROUTING-RETAINED-20261004,derived_primary_check,STEAM_PC,scratch/phase5_weather_routing_retained_seq0094.json,92a33103fe2d4f5b06b87c6f9ad98fa504117ae2b80a4a66bd3c69d53e413540,945,Previously executed exact weather event/state assertions retained as nine raw data bytes after redteamF1,DERIVED_PRIMARY_CHECK,Receipt/provenance correction only; initialJSONomittedroutingbytes. No newinstruction/function/scope/semanticpromotion orclean-capcredit; originalreceipt unchanged.
P5-PLAYER-PHYSICS-20261004-MAIN,derived_primary_check,STEAM_PC,scratch/phase5_player_main_seq0096.json,f3f69e781254b8bf57ef21b70922c203f7c1bcff5958382925391feb97002b90,10154,FinitePlayer own/ordinary numericoperand andindexedcore request-clear interface personallyqualified,DERIVED_PRIMARY_CHECK,Seq96 finite typedcaller/localindexed-interface scope; currentgeneration/indexdomain/Qtype/table/lastuse/success UNKNOWN. Availableouterdeletion notactualretiredPlayer; K0023 game-service notexclusivecompiledorigin; no SDK/start/handle/fishing/CMustache/oldmatrix reopening.
P5-PLAYER-PHYSICS-20261004-BRANCH,derived_primary_check,STEAM_PC,scratch/phase5_player_physics_branch_seq0096.json,64990ffd64002d8bbf99f64b563bd6f557ad9585d9ea586e82174948067dae66,12058,FinitePlayer own/ordinary numericoperand andindexedcore request-clear interface personallyqualified,DERIVED_PRIMARY_CHECK,Seq96 finite typedcaller/localindexed-interface scope; currentgeneration/indexdomain/Qtype/table/lastuse/success UNKNOWN. Availableouterdeletion notactualretiredPlayer; K0023 game-service notexclusivecompiledorigin; no SDK/start/handle/fishing/CMustache/oldmatrix reopening.
P5-PLAYER-PHYSICS-20261004-PERSONAL-HELPER,derived_primary_check,STEAM_PC,scratch/phase5_player_helper_personal_seq0096.json,fefeeb81d9ee0659e835912887869c6d255ea20642f09d34a20583ea3a71244a,5595,FinitePlayer own/ordinary numericoperand andindexedcore request-clear interface personallyqualified,DERIVED_PRIMARY_CHECK,Seq96 finite typedcaller/localindexed-interface scope; currentgeneration/indexdomain/Qtype/table/lastuse/success UNKNOWN. Availableouterdeletion notactualretiredPlayer; K0023 game-service notexclusivecompiledorigin; no SDK/start/handle/fishing/CMustache/oldmatrix reopening.
P5-CMAP-LENSFLARE-20261004-MAIN,derived_primary_check,STEAM_PC,scratch/phase5_cmap_vector_main_seq0098.json,f601f75df778447915f855eaf2460fc5cd7f16cf1ed81ebd3ad7e3e17d8329a6,17155,FiniteCMapreset/newLensflaretable-cache order andgenericreferenceadapter personallyqualified; oldappend/callerretainedonly,DERIVED_PRIMARY_CHECK,Seq98 localnormal-return/ABIconditional order/type/interface only; currentC/L/V/Dgeneration/backing/argumentcontinuity/ownership/lastuse/successUNKNOWN. No allocator/debug/manager/tree/CLevel/weather/oldhandle-free-registry bodies. Rawcache ownslotbodyunvisited; no cachedcleanupinvocation.
P5-CMAP-LENSFLARE-20261004-ADAPTER-BRANCH,derived_primary_check,STEAM_PC,scratch/phase5_cmap_vector_adapter_branch_seq0098.json,426c178304c84abd753bc1b16ee7933ebdc3e142af3015c1682e5034add74936,10702,FiniteCMapreset/newLensflaretable-cache order andgenericreferenceadapter personallyqualified; oldappend/callerretainedonly,DERIVED_PRIMARY_CHECK,Seq98 localnormal-return/ABIconditional order/type/interface only; currentC/L/V/Dgeneration/backing/argumentcontinuity/ownership/lastuse/successUNKNOWN. No allocator/debug/manager/tree/CLevel/weather/oldhandle-free-registry bodies. Rawcache ownslotbodyunvisited; no cachedcleanupinvocation.
P5-CMAP-LENSFLARE-20261004-PERSONAL,derived_primary_check,STEAM_PC,scratch/phase5_cmap_vector_personal_seq0098.json,b242e816badbe82825c5efe702499a5d0384ddca1735b1730b824aa18428921a,6059,FiniteCMapreset/newLensflaretable-cache order andgenericreferenceadapter personallyqualified; oldappend/callerretainedonly,DERIVED_PRIMARY_CHECK,Seq98 localnormal-return/ABIconditional order/type/interface only; currentC/L/V/Dgeneration/backing/argumentcontinuity/ownership/lastuse/successUNKNOWN. No allocator/debug/manager/tree/CLevel/weather/oldhandle-free-registry bodies. Rawcache ownslotbodyunvisited; no cachedcleanupinvocation.
P5-CMAP-LENSFLARE-20261004-TABLE,derived_primary_check,STEAM_PC,scratch/phase5_cmap_454_table_seq0098.json,c2c2a0f7bb928e5b785c54f884c202d498deb482fc2ced883281e2383aed568a,510,FiniteCMapreset/newLensflaretable-cache order andgenericreferenceadapter personallyqualified; oldappend/callerretainedonly,DERIVED_PRIMARY_CHECK,Seq98 localnormal-return/ABIconditional order/type/interface only; currentC/L/V/Dgeneration/backing/argumentcontinuity/ownership/lastuse/successUNKNOWN. No allocator/debug/manager/tree/CLevel/weather/oldhandle-free-registry bodies. Rawcache ownslotbodyunvisited; no cachedcleanupinvocation.
P5-SAVE-PREPARE-20261004-MAIN,derived_primary_check,STEAM_PC,scratch/phase5_save_preparation_main_seq0100.json,9dc242ee600e1ca09c99890a5d19ec747c4d697a28a5e5078d022f8f96934763,6623,Finiteactualsavepreparation/currentGame inlinevalue andworldslot foldedbitmap mechanics personallyqualified; oldcaller/G/handle interfaces reusedonly,DERIVED_PRIMARY_CHECK,Seq100 conditionaltypedentry/localvaluecopies/32-bitfoldedslotobservation only. G1-G2/currenthandle-root-R1-R2/worldslot generation/sourcevalidity/coherent snapshot/stagingadmission/lastuse/success UNKNOWN. No savegate/schema/event/worker/finalizer/registry/free/handlematrix bodies.
P5-SAVE-PREPARE-20261004-BRANCH,derived_primary_check,STEAM_PC,scratch/phase5_save_world_branch_seq0100.json,d6425753dd5c27742134f01b76b46643d73c6fd5bfce81430aabbf725a894533,75461,Finiteactualsavepreparation/currentGame inlinevalue andworldslot foldedbitmap mechanics personallyqualified; oldcaller/G/handle interfaces reusedonly,DERIVED_PRIMARY_CHECK,Seq100 conditionaltypedentry/localvaluecopies/32-bitfoldedslotobservation only. G1-G2/currenthandle-root-R1-R2/worldslot generation/sourcevalidity/coherent snapshot/stagingadmission/lastuse/success UNKNOWN. No savegate/schema/event/worker/finalizer/registry/free/handlematrix bodies.
P5-SAVE-PREPARE-20261004-PERSONAL,derived_primary_check,STEAM_PC,scratch/phase5_save_world_personal_seq0100.json,251ea1b43ea290d70e7a4444c5e35b0c71a00860f71f3945af501c5a186b9582,11064,Finiteactualsavepreparation/currentGame inlinevalue andworldslot foldedbitmap mechanics personallyqualified; oldcaller/G/handle interfaces reusedonly,DERIVED_PRIMARY_CHECK,Seq100 conditionaltypedentry/localvaluecopies/32-bitfoldedslotobservation only. G1-G2/currenthandle-root-R1-R2/worldslot generation/sourcevalidity/coherent snapshot/stagingadmission/lastuse/success UNKNOWN. No savegate/schema/event/worker/finalizer/registry/free/handlematrix bodies.
P5-SAVE-PREPARE-20261004-BUILDER-ZERO-REUSE,derived_primary_check,STEAM_PC,scratch/phase5_save_builder_zero_retained_seq0100.json,629bfd6cf5825f3e6b934d6c26e027593f7fb032a4c64118789cf55125a89b27,2266,Finiteactualsavepreparation/currentGame inlinevalue andworldslot foldedbitmap mechanics personallyqualified; oldcaller/G/handle interfaces reusedonly,DERIVED_PRIMARY_CHECK,Seq100 conditionaltypedentry/localvaluecopies/32-bitfoldedslotobservation only. G1-G2/currenthandle-root-R1-R2/worldslot generation/sourcevalidity/coherent snapshot/stagingadmission/lastuse/success UNKNOWN. No savegate/schema/event/worker/finalizer/registry/free/handlematrix bodies.
P5-CCAR-RESULT-20261004-MAIN,derived_primary_check,STEAM_PC,scratch/phase5_ccar_result_main_seq0102.json,0c3f4e2f21b4cdfaf9920f06b4496531383769c73d60548167a5f95cffd997bd,5897,FiniteCCarresultproducer Gameinterioraddress andtwoleafopaque/receiverlesspredicates personallyqualified; oldtypedcallerretainedonly,DERIVED_PRIMARY_CHECK,Seq102 compactexactresult/address/unusedreceiver/interface qualification only; U/Q/opaquepredicate meaning/currentG/cellcontents/byte-table generation/owner/lastuseUNKNOWN. RetainedGameinterioraddress notnewreturnedphysicalvehicleobject/owningallocation; no getter/helper/event/vehiclemath/physics/factory/handle/free/registry bodies.
P5-CCAR-RESULT-20261004-BRANCH,derived_primary_check,STEAM_PC,scratch/phase5_ccar_result_branch_seq0102.json,29cc0546a015bf272ce8d5a3109c6a34c39dcb34622c5d3b0b66dd7fbda64577,22697,FiniteCCarresultproducer Gameinterioraddress andtwoleafopaque/receiverlesspredicates personallyqualified; oldtypedcallerretainedonly,DERIVED_PRIMARY_CHECK,Seq102 compactexactresult/address/unusedreceiver/interface qualification only; U/Q/opaquepredicate meaning/currentG/cellcontents/byte-table generation/owner/lastuseUNKNOWN. RetainedGameinterioraddress notnewreturnedphysicalvehicleobject/owningallocation; no getter/helper/event/vehiclemath/physics/factory/handle/free/registry bodies.
P5-CCAR-RESULT-20261004-PERSONAL,derived_primary_check,STEAM_PC,scratch/phase5_ccar_result_personal_seq0102.json,d5500f2d9437b121eb2cfc06c3b20c6b5a2896f7595512ad08d52743d720a1d3,3784,FiniteCCarresultproducer Gameinterioraddress andtwoleafopaque/receiverlesspredicates personallyqualified; oldtypedcallerretainedonly,DERIVED_PRIMARY_CHECK,Seq102 compactexactresult/address/unusedreceiver/interface qualification only; U/Q/opaquepredicate meaning/currentG/cellcontents/byte-table generation/owner/lastuseUNKNOWN. RetainedGameinterioraddress notnewreturnedphysicalvehicleobject/owningallocation; no getter/helper/event/vehiclemath/physics/factory/handle/free/registry bodies.
P5-CGAME-MAIN-SEQ0104,derived_primary_check,STEAM_PC,scratch/phase5_cgame_composition_main_seq0104.json,c50cb6f8a773d25b45d951a582bfe63b901c4b86997c74ec77f4cbda2b7d7e4c,8559,Finite Game own-interface/ordinary inline-member saved-receiver proof or explicit independent receipt agreement,DERIVED_PRIMARY_CHECK,Three cold bodies50/174; minimum retained tail2/11. Branch/main repeats not additive. Type replay retained; actual root/member generation/lastborrower/safe release UNKNOWN. First failed personal expected-tail assertion and rejected branch command preserved.
P5-CGAME-BRANCH-SEQ0104,derived_primary_check,STEAM_PC,scratch/phase5_cgame_composition_branch_seq0104.json,de4dad2f4faaa422c2369117b0bffae67408156ea0d4bc6a6379df801b693fe6,53625,Finite Game own-interface/ordinary inline-member saved-receiver proof or explicit independent receipt agreement,DERIVED_PRIMARY_CHECK,Three cold bodies50/174; minimum retained tail2/11. Branch/main repeats not additive. Type replay retained; actual root/member generation/lastborrower/safe release UNKNOWN. First failed personal expected-tail assertion and rejected branch command preserved.
P5-CGAME-COMPARE-SEQ0104,derived_primary_check,STEAM_PC,scratch/phase5_cgame_receipt_comparison_seq0104.json,6cb1124c4534e2404480103ffec9c1e04aad0ed8050864cbf2550666b9827b0f,1213,Finite Game own-interface/ordinary inline-member saved-receiver proof or explicit independent receipt agreement,DERIVED_PRIMARY_CHECK,Three cold bodies50/174; minimum retained tail2/11. Branch/main repeats not additive. Type replay retained; actual root/member generation/lastborrower/safe release UNKNOWN. First failed personal expected-tail assertion and rejected branch command preserved.
P5-AUDIOCLIENT-MAIN-SEQ0106,derived_primary_check,STEAM_PC,scratch/phase5_audio_client_main_seq0106.json,49239b2cdf2f5523ffe5ecda0b6a262eeab3b48443622508ff590138b4200326,3497,Finite selective audio client/wrapper/mapping/interface or explicit independent agreement proof,DERIVED_PRIMARY_CHECK,Seq106 selectedoperand/mapping/interface scope only; guardedh/postgetterh/currentA-R-M-T-U generation and actualeffect/finaloperand/lastuse/safe release UNKNOWN. No directrecordclear; lowbyteindexnot128extentguard; auto0046FA70thunktargetnotrawproof. Main/branch/personal/explicitcomparison beforepromotion; no callee/root/bank/backend/source/GOG widening. Totalunique97/283; replaysnotadditive.
P5-AUDIOCLIENT-PERSONAL-SEQ0106,derived_primary_check,STEAM_PC,scratch/phase5_audio_operation_personal_seq0106.json,d1c1d792e124a412ca3a9fdacf996c25e69fe7f908bbef4daf3d6ddd5696a44c,11169,Finite selective audio client/wrapper/mapping/interface or explicit independent agreement proof,DERIVED_PRIMARY_CHECK,Seq106 selectedoperand/mapping/interface scope only; guardedh/postgetterh/currentA-R-M-T-U generation and actualeffect/finaloperand/lastuse/safe release UNKNOWN. No directrecordclear; lowbyteindexnot128extentguard; auto0046FA70thunktargetnotrawproof. Main/branch/personal/explicitcomparison beforepromotion; no callee/root/bank/backend/source/GOG widening. Totalunique97/283; replaysnotadditive.
P5-AUDIOCLIENT-BRANCH-SEQ0106,derived_primary_check,STEAM_PC,scratch/phase5_audio_client_branch_seq0106.json,88a5028ee9d7b01b7703cfebb1fc4713e374e50b124e663d7d645e23acc03eaf,35441,Finite selective audio client/wrapper/mapping/interface or explicit independent agreement proof,DERIVED_PRIMARY_CHECK,Seq106 selectedoperand/mapping/interface scope only; guardedh/postgetterh/currentA-R-M-T-U generation and actualeffect/finaloperand/lastuse/safe release UNKNOWN. No directrecordclear; lowbyteindexnot128extentguard; auto0046FA70thunktargetnotrawproof. Main/branch/personal/explicitcomparison beforepromotion; no callee/root/bank/backend/source/GOG widening. Totalunique97/283; replaysnotadditive.
P5-AUDIOCLIENT-COMPARE-SEQ0106,derived_primary_check,STEAM_PC,scratch/phase5_audio_receipt_comparison_seq0106.json,8231380e38cedb236d75fadaaf8a0672d98a0e6b1174b8965c0ffb218bde8b82,1188,Finite selective audio client/wrapper/mapping/interface or explicit independent agreement proof,DERIVED_PRIMARY_CHECK,Seq106 selectedoperand/mapping/interface scope only; guardedh/postgetterh/currentA-R-M-T-U generation and actualeffect/finaloperand/lastuse/safe release UNKNOWN. No directrecordclear; lowbyteindexnot128extentguard; auto0046FA70thunktargetnotrawproof. Main/branch/personal/explicitcomparison beforepromotion; no callee/root/bank/backend/source/GOG widening. Totalunique97/283; replaysnotadditive.
P5-NPC-EVENT2-ROUTING-SEQ0109,derived_primary_check,STEAM_PC,scratch/phase5_npc_event2_routing_stage1_seq0109.json,f3c943e6d6bfbb456e94436f848333913109ba67f459a2cb9b86b6e1d23a18ec,1981,Exactsingleevent2data/routing orselectedcurrentvirtual90 arm PE/ASM qualification,DERIVED_PRIMARY_CHECK,Oneidentity/twowindows12instructions45bytes+1byte1DWORD total. Conditionaldirectarm rejected; no coldcleanup/virtualtarget/tail acquisition orlifetimeclosure.
P5-NPC-EVENT2-ARM-SEQ0109,derived_primary_check,STEAM_PC,scratch/phase5_npc_event2_selected_arm_seq0109.json,29fc49d90d708ea98526602089f11e3e3282b706d32359962ddaee15ab388e1b,1448,Exactsingleevent2data/routing orselectedcurrentvirtual90 arm PE/ASM qualification,DERIVED_PRIMARY_CHECK,Oneidentity/twowindows12instructions45bytes+1byte1DWORD total. Conditionaldirectarm rejected; no coldcleanup/virtualtarget/tail acquisition orlifetimeclosure.
P5-MOVIEHOLDER-MAIN-SEQ0113,derived_primary_check,STEAM_PC,scratch/phase5_movie_holder_main_seq0112.json,1063c2872f03c7897f81b2a9d14f8bc1f0ed3750616830d2e548e1798564d825,7237,BoundedMovie-to-constructedCRdTexture caller/ctor/setup/descriptor/returnbits/exacttype or explicit independentagreement,DERIVED_PRIMARY_CHECK,"Seq113 actualMoviehelper construction/descriptor interface only; currentH/M8/table/resourcegen/APIeffect/ownership/free/finaluseUNKNOWN. Original8byte minimumsourceNOTPASS/wrongcutoff preserved; prospective128/448+88metadata passedbeforepromotion, no cleanoriginal40/160/112pass. PersonalcriticalPE/ASM andexplicit-schema agreement beforecanonicalwrites, replaysnonadditive. Artifactseq0112tags preserved; promotion113. Unique121/427,inclusive123/435code;41exactmetadata."
P5-MOVIEHOLDER-PERSONAL-SEQ0113,derived_primary_check,STEAM_PC,scratch/phase5_movie_setup_personal_seq0113.json,e0059b15a50e7a1e862a480f49067067d7b9f1fe6fad93f607b27fa6b38f23c3,12285,BoundedMovie-to-constructedCRdTexture caller/ctor/setup/descriptor/returnbits/exacttype or explicit independentagreement,DERIVED_PRIMARY_CHECK,"Seq113 actualMoviehelper construction/descriptor interface only; currentH/M8/table/resourcegen/APIeffect/ownership/free/finaluseUNKNOWN. Original8byte minimumsourceNOTPASS/wrongcutoff preserved; prospective128/448+88metadata passedbeforepromotion, no cleanoriginal40/160/112pass. PersonalcriticalPE/ASM andexplicit-schema agreement beforecanonicalwrites, replaysnonadditive. Artifactseq0112tags preserved; promotion113. Unique121/427,inclusive123/435code;41exactmetadata."
P5-MOVIEHOLDER-BRANCH-SEQ0113,derived_primary_check,STEAM_PC,scratch/phase5_movie_holder_branch_seq0112.json,bd6c82d5516fe25e5a23e985f952ec2aa49190e1ada3b8124ee5eff940c59ae4,54253,BoundedMovie-to-constructedCRdTexture caller/ctor/setup/descriptor/returnbits/exacttype or explicit independentagreement,DERIVED_PRIMARY_CHECK,"Seq113 actualMoviehelper construction/descriptor interface only; currentH/M8/table/resourcegen/APIeffect/ownership/free/finaluseUNKNOWN. Original8byte minimumsourceNOTPASS/wrongcutoff preserved; prospective128/448+88metadata passedbeforepromotion, no cleanoriginal40/160/112pass. PersonalcriticalPE/ASM andexplicit-schema agreement beforecanonicalwrites, replaysnonadditive. Artifactseq0112tags preserved; promotion113. Unique121/427,inclusive123/435code;41exactmetadata."
P5-MOVIEHOLDER-TYPE-SEQ0113,derived_primary_check,STEAM_PC,scratch/phase5_movie_holder_exact_type_seq0113.json,b6e257e70328a7dacc3bcba4fa6093df8f22e3cd8aa682724d4d1236d27b9d7d,953,BoundedMovie-to-constructedCRdTexture caller/ctor/setup/descriptor/returnbits/exacttype or explicit independentagreement,DERIVED_PRIMARY_CHECK,"Seq113 actualMoviehelper construction/descriptor interface only; currentH/M8/table/resourcegen/APIeffect/ownership/free/finaluseUNKNOWN. Original8byte minimumsourceNOTPASS/wrongcutoff preserved; prospective128/448+88metadata passedbeforepromotion, no cleanoriginal40/160/112pass. PersonalcriticalPE/ASM andexplicit-schema agreement beforecanonicalwrites, replaysnonadditive. Artifactseq0112tags preserved; promotion113. Unique121/427,inclusive123/435code;41exactmetadata."
P5-MOVIEHOLDER-COMPARE-SEQ0113,derived_primary_check,STEAM_PC,scratch/phase5_movie_receipt_comparison_seq0113.json,98c51f882da72e9e524dd1489a21c42c82c68fcdc47f234ae2a0c96f8cc44c9e,1535,BoundedMovie-to-constructedCRdTexture caller/ctor/setup/descriptor/returnbits/exacttype or explicit independentagreement,DERIVED_PRIMARY_CHECK,"Seq113 actualMoviehelper construction/descriptor interface only; currentH/M8/table/resourcegen/APIeffect/ownership/free/finaluseUNKNOWN. Original8byte minimumsourceNOTPASS/wrongcutoff preserved; prospective128/448+88metadata passedbeforepromotion, no cleanoriginal40/160/112pass. PersonalcriticalPE/ASM andexplicit-schema agreement beforecanonicalwrites, replaysnonadditive. Artifactseq0112tags preserved; promotion113. Unique121/427,inclusive123/435code;41exactmetadata."
P5-TEXDESCCONSUMER-BRANCH-SEQ0115,derived_primary_check,STEAM_PC,scratch/phase5_texture_descriptor_consumer_branch_seq0115.json,ce54d57617e2b2a0da927d8b6b578f706661a9ee0ddbeee2541aee498bc3d69b,41392,Onecompositedescriptorconsumer two-armrequest/unsignedcompare/R10write/Pcopy/RETbits or explicitagreement,DERIVED_PRIMARY_CHECK,"Seq115 capture/retention/lifetime NOT_READY at exactonecaller; Dforwardedafteropaque effects, Ptwo-wordcopy notDalias, R10poststore notsuccessfulcapture. R/D/P/H/storage gen/type/lastuse UNKNOWN; fivecallees unacquired. Newclean45/115fit notretroactiveMovieoriginalNOTPASSpass. PersonalPE/ASM andexplicit45rows beforepromotion. 1identity/1window/45instructions115bytes/rawdata0/8metadata rows; replaysnonadditive."
P5-TEXDESCCONSUMER-PERSONAL-SEQ0115,derived_primary_check,STEAM_PC,scratch/phase5_texture_descriptor_consumer_personal_seq0115.json,7d707f268f0106c9f86f2f0df998d8ffcb8d7914a1d0d4b25b89cca6d6cfefc3,7128,Onecompositedescriptorconsumer two-armrequest/unsignedcompare/R10write/Pcopy/RETbits or explicitagreement,DERIVED_PRIMARY_CHECK,"Seq115 capture/retention/lifetime NOT_READY at exactonecaller; Dforwardedafteropaque effects, Ptwo-wordcopy notDalias, R10poststore notsuccessfulcapture. R/D/P/H/storage gen/type/lastuse UNKNOWN; fivecallees unacquired. Newclean45/115fit notretroactiveMovieoriginalNOTPASSpass. PersonalPE/ASM andexplicit45rows beforepromotion. 1identity/1window/45instructions115bytes/rawdata0/8metadata rows; replaysnonadditive."
P5-TEXDESCCONSUMER-COMPARE-SEQ0115,derived_primary_check,STEAM_PC,scratch/phase5_texture_descriptor_consumer_comparison_seq0115.json,977bc92dc5766c6a35fc386da27959c4cd5cbf4394673f86744f8f68f08ccb26,1155,Onecompositedescriptorconsumer two-armrequest/unsignedcompare/R10write/Pcopy/RETbits or explicitagreement,DERIVED_PRIMARY_CHECK,"Seq115 capture/retention/lifetime NOT_READY at exactonecaller; Dforwardedafteropaque effects, Ptwo-wordcopy notDalias, R10poststore notsuccessfulcapture. R/D/P/H/storage gen/type/lastuse UNKNOWN; fivecallees unacquired. Newclean45/115fit notretroactiveMovieoriginalNOTPASSpass. PersonalPE/ASM andexplicit45rows beforepromotion. 1identity/1window/45instructions115bytes/rawdata0/8metadata rows; replaysnonadditive."
P5-MODELCRDINTERP-CALLERS-SEQ0118,derived_primary_check,STEAM_PC,scratch/phase5_model_crdinterp_callers_personal_seq0118.json,95811fcab3fd3019ea29645626c6b130cb8a987c8c8d76a4e21dd10ff9557d27,2244,Exact Model/initializer receiver prefixes and cold component backing/resource reset; personal/independent/schema proofs,DERIVED_PRIMARY_CHECK,"Seq118 exact69/224 threewindows/no newdata-RTTI, personalPE/ASM and explicit-schema agreement before promotion. E4clear notresourcefree; backingguard/reload/call/clear notsameallocationgen, success, owner/currentdispatch, lastborrower/use orsafe retirement. CRdInterp-compatible type SI from cited prior map; no newnamed/current RTTI. GOG/actualowner/opaquehelper/allocator widening excluded. All70+18/originalMovieNOTPASS/disconnect107failurehistory preserved."
P5-MODELCRDINTERP-BRANCH-SEQ0118,derived_primary_check,STEAM_PC,scratch/phase5_model_crdinterp_branch_seq0118.json,df611b970e074b433c7bf856eae1a55524a80eb0403b0cde28d76af64ea1fff0,25759,Exact Model/initializer receiver prefixes and cold component backing/resource reset; personal/independent/schema proofs,DERIVED_PRIMARY_CHECK,"Seq118 exact69/224 threewindows/no newdata-RTTI, personalPE/ASM and explicit-schema agreement before promotion. E4clear notresourcefree; backingguard/reload/call/clear notsameallocationgen, success, owner/currentdispatch, lastborrower/use orsafe retirement. CRdInterp-compatible type SI from cited prior map; no newnamed/current RTTI. GOG/actualowner/opaquehelper/allocator widening excluded. All70+18/originalMovieNOTPASS/disconnect107failurehistory preserved."
P5-MODELCRDINTERP-PERSONAL-SEQ0118,derived_primary_check,STEAM_PC,scratch/phase5_model_crdinterp_personal_seq0118.json,70912765f550797043e49cf4643bf3b053d3f1ba11889e7edf816cbfad514f16,9136,Exact Model/initializer receiver prefixes and cold component backing/resource reset; personal/independent/schema proofs,DERIVED_PRIMARY_CHECK,"Seq118 exact69/224 threewindows/no newdata-RTTI, personalPE/ASM and explicit-schema agreement before promotion. E4clear notresourcefree; backingguard/reload/call/clear notsameallocationgen, success, owner/currentdispatch, lastborrower/use orsafe retirement. CRdInterp-compatible type SI from cited prior map; no newnamed/current RTTI. GOG/actualowner/opaquehelper/allocator widening excluded. All70+18/originalMovieNOTPASS/disconnect107failurehistory preserved."
P5-MODELCRDINTERP-COMPARE-SEQ0118,derived_primary_check,STEAM_PC,scratch/phase5_model_crdinterp_comparison_explicit_seq0118.json,02a5178d754c5fb1dc9488317f2c717aad586a928f31f1f221c1d4da0765b9c9,1604,Exact Model/initializer receiver prefixes and cold component backing/resource reset; personal/independent/schema proofs,DERIVED_PRIMARY_CHECK,"Seq118 exact69/224 threewindows/no newdata-RTTI, personalPE/ASM and explicit-schema agreement before promotion. E4clear notresourcefree; backingguard/reload/call/clear notsameallocationgen, success, owner/currentdispatch, lastborrower/use orsafe retirement. CRdInterp-compatible type SI from cited prior map; no newnamed/current RTTI. GOG/actualowner/opaquehelper/allocator widening excluded. All70+18/originalMovieNOTPASS/disconnect107failurehistory preserved."
P5-HOOKCHAIN-OUTER-SEQ0121,derived_primary_check,STEAM_PC,scratch/phase5_hookchain_outer_personal_seq0121.json,5265a92e6153190d85d1c05b65dd809baa33deedc372dba4026e04baa540e756,8622,Bounded HookChain inline-component receiver/CSound operand/interface/normal-return reset checks,DERIVED_PRIMARY_CHECK,"Seq121 staged4ids4windows82instructions288bytes/rawdata-RTTI0; outer54/204 and downstream28/84; personal PE/ASM plus explicit28row/named-schema agreement before promotion. L=O434 geometry, twoq observations/currentA/interiorB-or0/opaque-tail/normal-return sentinel store only. q not proven pointer/handle/resource; no backing relationship/ownership/actualselecteddispatch/gen/success/lastuse/safe retirement. CSoundLoop-compatible SI by retained legacyseed, not newnamed/currentRTTI; GOG no equivalence. No helper/getter/constructor/sibling/allocator/XNV/runtime widening; all70+18/oldfailedchecks/NOTPASS/disconnect119 preserved."
P5-HOOKCHAIN-BRANCH-SEQ0121,derived_primary_check,STEAM_PC,scratch/phase5_hookchain_downstream_branch_seq0121.json,6352fb5a0a1d877e29a4038713098b686e123bd0677d899136fa2147e038beff,5627,Bounded HookChain inline-component receiver/CSound operand/interface/normal-return reset checks,DERIVED_PRIMARY_CHECK,"Seq121 staged4ids4windows82instructions288bytes/rawdata-RTTI0; outer54/204 and downstream28/84; personal PE/ASM plus explicit28row/named-schema agreement before promotion. L=O434 geometry, twoq observations/currentA/interiorB-or0/opaque-tail/normal-return sentinel store only. q not proven pointer/handle/resource; no backing relationship/ownership/actualselecteddispatch/gen/success/lastuse/safe retirement. CSoundLoop-compatible SI by retained legacyseed, not newnamed/currentRTTI; GOG no equivalence. No helper/getter/constructor/sibling/allocator/XNV/runtime widening; all70+18/oldfailedchecks/NOTPASS/disconnect119 preserved."
P5-HOOKCHAIN-PERSONAL-SEQ0121,derived_primary_check,STEAM_PC,scratch/phase5_hookchain_downstream_personal_seq0121.json,5883e65d527a194f581c69029421f6d7d547b9391394c8ceb620d8ad21032d2a,4738,Bounded HookChain inline-component receiver/CSound operand/interface/normal-return reset checks,DERIVED_PRIMARY_CHECK,"Seq121 staged4ids4windows82instructions288bytes/rawdata-RTTI0; outer54/204 and downstream28/84; personal PE/ASM plus explicit28row/named-schema agreement before promotion. L=O434 geometry, twoq observations/currentA/interiorB-or0/opaque-tail/normal-return sentinel store only. q not proven pointer/handle/resource; no backing relationship/ownership/actualselecteddispatch/gen/success/lastuse/safe retirement. CSoundLoop-compatible SI by retained legacyseed, not newnamed/currentRTTI; GOG no equivalence. No helper/getter/constructor/sibling/allocator/XNV/runtime widening; all70+18/oldfailedchecks/NOTPASS/disconnect119 preserved."
P5-HOOKCHAIN-COMPARE-SEQ0121,derived_primary_check,STEAM_PC,scratch/phase5_hookchain_comparison_seq0121.json,ff2683534c1cd501563908440bf146ee2073481c25cd737f68bdfaa9f40114ba,863,Bounded HookChain inline-component receiver/CSound operand/interface/normal-return reset checks,DERIVED_PRIMARY_CHECK,"Seq121 staged4ids4windows82instructions288bytes/rawdata-RTTI0; outer54/204 and downstream28/84; personal PE/ASM plus explicit28row/named-schema agreement before promotion. L=O434 geometry, twoq observations/currentA/interiorB-or0/opaque-tail/normal-return sentinel store only. q not proven pointer/handle/resource; no backing relationship/ownership/actualselecteddispatch/gen/success/lastuse/safe retirement. CSoundLoop-compatible SI by retained legacyseed, not newnamed/currentRTTI; GOG no equivalence. No helper/getter/constructor/sibling/allocator/XNV/runtime widening; all70+18/oldfailedchecks/NOTPASS/disconnect119 preserved."
P5-SAVE-EVENT-SEQ0124-1,derived_primary_check,STEAM_PC,scratch/phase5_save_event_caller_personal_seq0124.json,6fe9e01d4b1ab5eb476dbe071562fc05bcd7cfceb271b376f0fd716d9b038d88,7613,Selected Save/Event caller transport and cold leaf value-transfer check,DERIVED_PRIMARY_CHECK,"Seq1242identities2windows87instructions303encodedbytes/rawdataRTTI0; main46/195 then freshleaf41/108 after local transport PASS. Personal PE/ASM and explicit41row named-schema comparison before promotion. Getter-result occurrences/I/R/P, values and generations separate; name associations SI only. Untyped interleaved bit copies, not owning-reference transport/cleanup/success/finaluse/safe retirement. DF/validity/alias/frame integrity explicit; no getter/upstream/helper/constructor/GOG/runtime widening. All70+18/original failures/corrections/NOTPASS retained; Phase5ACTIVE/noPhase6."
P5-SAVE-EVENT-SEQ0124-2,derived_primary_check,STEAM_PC,scratch/phase5_save_event_transport_gate_seq0124.json,8554290a9bbefc86cbec77565dd320fb16014b322d6d07828b91cf98d39c84e2,1916,Selected Save/Event caller transport and cold leaf value-transfer check,DERIVED_PRIMARY_CHECK,"Seq1242identities2windows87instructions303encodedbytes/rawdataRTTI0; main46/195 then freshleaf41/108 after local transport PASS. Personal PE/ASM and explicit41row named-schema comparison before promotion. Getter-result occurrences/I/R/P, values and generations separate; name associations SI only. Untyped interleaved bit copies, not owning-reference transport/cleanup/success/finaluse/safe retirement. DF/validity/alias/frame integrity explicit; no getter/upstream/helper/constructor/GOG/runtime widening. All70+18/original failures/corrections/NOTPASS retained; Phase5ACTIVE/noPhase6."
P5-SAVE-EVENT-SEQ0124-3,derived_primary_check,STEAM_PC,scratch/phase5_save_event_leaf_branch_seq0124.json,d58adfbfb5a2da7be10dcd792811db667dbca2f86f7d120da76fa92a3990c43f,13677,Selected Save/Event caller transport and cold leaf value-transfer check,DERIVED_PRIMARY_CHECK,"Seq1242identities2windows87instructions303encodedbytes/rawdataRTTI0; main46/195 then freshleaf41/108 after local transport PASS. Personal PE/ASM and explicit41row named-schema comparison before promotion. Getter-result occurrences/I/R/P, values and generations separate; name associations SI only. Untyped interleaved bit copies, not owning-reference transport/cleanup/success/finaluse/safe retirement. DF/validity/alias/frame integrity explicit; no getter/upstream/helper/constructor/GOG/runtime widening. All70+18/original failures/corrections/NOTPASS retained; Phase5ACTIVE/noPhase6."
P5-SAVE-EVENT-SEQ0124-4,derived_primary_check,STEAM_PC,scratch/phase5_save_event_leaf_personal_seq0124.json,318656e1f92f172fda0b65e890e0bfd9cea1223447ca9c907c6d1254036508de,6566,Selected Save/Event caller transport and cold leaf value-transfer check,DERIVED_PRIMARY_CHECK,"Seq1242identities2windows87instructions303encodedbytes/rawdataRTTI0; main46/195 then freshleaf41/108 after local transport PASS. Personal PE/ASM and explicit41row named-schema comparison before promotion. Getter-result occurrences/I/R/P, values and generations separate; name associations SI only. Untyped interleaved bit copies, not owning-reference transport/cleanup/success/finaluse/safe retirement. DF/validity/alias/frame integrity explicit; no getter/upstream/helper/constructor/GOG/runtime widening. All70+18/original failures/corrections/NOTPASS retained; Phase5ACTIVE/noPhase6."
P5-SAVE-EVENT-SEQ0124-5,derived_primary_check,STEAM_PC,scratch/phase5_save_event_comparison_seq0124.json,31b225829a1e7d6dd799ba2c723960665154b0c1d8eab8c82350c75c97ef90c7,502,Selected Save/Event caller transport and cold leaf value-transfer check,DERIVED_PRIMARY_CHECK,"Seq1242identities2windows87instructions303encodedbytes/rawdataRTTI0; main46/195 then freshleaf41/108 after local transport PASS. Personal PE/ASM and explicit41row named-schema comparison before promotion. Getter-result occurrences/I/R/P, values and generations separate; name associations SI only. Untyped interleaved bit copies, not owning-reference transport/cleanup/success/finaluse/safe retirement. DF/validity/alias/frame integrity explicit; no getter/upstream/helper/constructor/GOG/runtime widening. All70+18/original failures/corrections/NOTPASS retained; Phase5ACTIVE/noPhase6."
P6-SERVICES-0133,derived_primary_check,STEAM_PC,scratch/phase6_shared_service_ownbody_check_seq0133.json,3d118c521a44d03a706bdc21551175e0426dd955301508179e3a2731e445c214,15065,Five ownservicebodies123instructions364bytes,DERIVED_PRIMARY_CHECK,FiniteownsourcePE/ASM agreement orliteralRTTI decode; no semanticpromotion of unexaminedcallees/callers/currentgeneration/runtime/GOG. All88guards/failures preserved.
P6-SERVICE-TABLES-0133,derived_primary_check,STEAM_PC,scratch/phase6_service_table_identity_seq0133.json,fd67f96cfd5aafd048b2760e30f23f58f9a38524bfa52dd6ff2300ba4dfdeea4,871,InstalledCEvent/CFuncRTTI/literals only,DERIVED_PRIMARY_CHECK,FiniteownsourcePE/ASM agreement orliteralRTTI decode; no semanticpromotion of unexaminedcallees/callers/currentgeneration/runtime/GOG. All88guards/failures preserved.
P6-TRACKER-GET-0134,derived_primary_check,STEAM_PC,scratch/phase6_00403690_ownbody_check_seq0134.json,42052d2dc873e6d98abf9ea6f948f9a46414e21323feef6a4ca1792a099b31df,3676,Statictrackinggetter29instructions117bytes,DERIVED_PRIMARY_CHECK,FiniteownsourcePE/ASM agreement orliteralRTTI decode; no semanticpromotion of unexaminedcallees/callers/currentgeneration/runtime/GOG. All88guards/failures preserved.
P6-TRACKER-INIT-CALLBACK-0135,derived_primary_check,STEAM_PC,scratch/phase6_static_tracker_construction_callback_seq0135.json,140df69f072d85aa2be3ac4a2c40aa907eff28df6f56116856698a486690964b,4622,Owninitializer32instructions70bytes plusregisterednonexportcallback2instructions10bytes,DERIVED_PRIMARY_CHECK,FiniteownsourcePE/ASM agreement orliteralRTTI decode; no semanticpromotion of unexaminedcallees/callers/currentgeneration/runtime/GOG. All88guards/failures preserved.
P6-MODEL-PERSONAL-0135,derived_primary_check,STEAM_PC,scratch/phase6_00405690_personal_verification_seq0135.json,1d6c35fe783fbd45c0c6bdb274e166b76988849ec8986c1a85eac2a5aa448293,43836,PersonalCRdModel193instructions1040bytes plus20ownliteralRTTI,DERIVED_PRIMARY_CHECK,FiniteownsourcePE/ASM agreement orliteralRTTI decode; no semanticpromotion of unexaminedcallees/callers/currentgeneration/runtime/GOG. All88guards/failures preserved.
P6-EVENT-PERSONAL-0135,derived_primary_check,STEAM_PC,scratch/phase6_00446af0_personal_verification_seq0135.json,b48046ff39d2998f943732c1665cc03bd3360b015a26e2203b5464a795ed981a,63746,Personalnumericorganizer412instructions1524bytes plusownswitch3RTTI72calltargets,DERIVED_PRIMARY_CHECK,FiniteownsourcePE/ASM agreement orliteralRTTI decode; no semanticpromotion of unexaminedcallees/callers/currentgeneration/runtime/GOG. All88guards/failures preserved.
P6-CLEANUP-MODEL-0136,derived_primary_check,STEAM_PC,scratch/phase6_tracker_cleanup_model_root_seq0136.json,8d398262d215e4129d34cc8b5efaac27b50cd96dcfefb4e034ade407625cecad,7719,Finite53+11+115ownbody orowninstalledmodelRTTI qualification,DERIVED_PRIMARY_CHECK,Personalprimaryscope only; no_freecallee/slot/GOG/runtime orcallerwidepromotion; all88guards unchanged.
P6-MODEL-CACHE-RTTI-0136,derived_primary_check,STEAM_PC,scratch/phase6_crdmodel_cache_table_seq0136.json,ca4909531bb46857134f4682deb43e4c4eee8c095865947aed01bda226c5588d,488,Finite53+11+115ownbody orowninstalledmodelRTTI qualification,DERIVED_PRIMARY_CHECK,Personalprimaryscope only; no_freecallee/slot/GOG/runtime orcallerwidepromotion; all88guards unchanged.
P6-EVENT-CFUNC-PERSONAL-0136,derived_primary_check,STEAM_PC,scratch/phase6_event_cfunc_personal_seq0136.json,5c78617bb5869beab9a2b455f99d1c97d5ea324405e6dd78e0e116058981ac76,21322,Personal125/366CFunc pair and32/133selectedEventincoming window,DERIVED_PRIMARY_CHECK,Priorfinitecontracts only;6bytecodeholeexcluded;128beforecall+5E8=133window. No outsidecaller/callee/slot/GOG/runtime acquisition. Branchincidentallyprinted12calllinesunanalyzed/excluded.
P6-TRACKER-APPLICATION-0139,derived_primary_check,STEAM_PC,scratch/phase6_seq0138_tracker_main.json,437052246acfac62062deb7455cc2d8ed6c4bb4d932581fd4a2da776d0c4845e,6886,Main selected118byte tracker consumer and13byte application getter-result relay,DERIVED_PRIMARY_CHECK,Finite source only; no helper/free implementation/other application code/GOG/runtime; no safe-retirement proof.
P6-TIMER-ATOMIC-MAIN-0140,derived_primary_check,STEAM_PC,scratch/phase6_timer_atomic_personal_seq0140.json,7fb59fb6c97b051bcb40db7d00fdbd3adee9a9a6732e31350ec2c562b2df75ef,6314,Main exact Timer42 and atomic67 byte checks plus RTTI tables,DERIVED_PRIMARY_CHECK,Personal PE/ASM verification; no consumer/slot/caller/GOG/runtime expansion.
P6-TIMER-ATOMIC-COMPARE-0140,derived_primary_check,STEAM_PC,scratch/phase6_timer_atomic_comparison_seq0140.json,8f56ef63ed9e659f063e46b9213a992c2d5c9c3f50490314630fb427821b6f5e,1810,Normalized independent Timer/atomic receipt comparison,DERIVED_PRIMARY_CHECK,Schema normalization corrections disclosed; no byte disagreement.
P6-EVENT-ORPHAN-MAIN-0140,derived_primary_check,STEAM_PC,scratch/phase6_event_orphan_personal_seq0140.json,d64a4819d35c25030cb93596afc2e27c93070cc2e3ed1d07fbc6ce8d447e8b9d,434225,Main exact Event7140 and orphan4451 byte checks and selected RTTI,DERIVED_PRIMARY_CHECK,Personal load-bearing source verification; no producer/callee/slot/GOG/runtime expansion.
P6-EVENT-ORPHAN-COMPARE-0140,derived_primary_check,STEAM_PC,scratch/phase6_event_orphan_comparison_seq0140.json,68aaa484cd272aba3ef033009599e17fc7a9a26eef1ce119f08a9b0c1040c124,484,Normalized independent Event/orphan receipt comparison,DERIVED_PRIMARY_CHECK,Orphan receipt schema correction disclosed; no byte disagreement.
P6-EVENT-ATOMIC-MAIN-0141,derived_primary_check,STEAM_PC,scratch/phase6_event_atomic_personal_seq0141.json,aa460e4a771e5733680ef571e574b0e2f4c237f2e700dc03227404d93981ba7d,4861,Main exact67byte Event incoming prefix and42byte fixed-word mask wrapper checks,DERIVED_PRIMARY_CHECK,Personal PE/ASM agreement; no full caller/callee/producer/worker/GOG/runtime expansion.
P6-EVENT-ATOMIC-ADJUDICATION-0141,derived_primary_check,STEAM_PC,scratch/phase6_event_atomic_main_adjudication_seq0141.md,4ace66749f54b6b2f6948e631eec66d04d5eb6444fe173bb770bae79edc5ad42,2402,Main adjudication of selected Event transport and fixed-word wrapper,DERIVED_PRIMARY_CHECK,Local facts only; hook/producer/owner/policy limits explicit.
P6-RETAINED-PERSONAL-0143,derived_primary_check,STEAM_PC,scratch/phase6_entry_retained_personal_replay_seq0143.json,fef994fb96159b4e3d0551e52391dd885eb4053c9388056e2f35ea274009562e,12576,Fresh primary exact retained162+62byte PE/ASM replay; semantics qualified separately,DERIVED_PRIMARY_CHECK,Exact finite source; no generation/success/ownership/runtime/GOG closure.
P6-IMPORT-PERSONAL-0143,derived_primary_check,STEAM_PC,scratch/phase6_import_and_sort_personal_seq0143.json,90156bd290d9d032ef8aa017c62bcb19ff449f834b758171eb1764173c621080,591,Personal direct PE import-directory resolution and named sort-boundary metadata,DERIVED_PRIMARY_CHECK,Exact finite source; no generation/success/ownership/runtime/GOG closure.
P6-HOOK-SCOUT-0143,derived_primary_check,STEAM_PC,scratch/phase6_seq0143_hook_qualification.json,f662e8ba9aa25951f649dbe59aa5d05779dbf569489a4d230e1542d5e59abad2,7077,Independent finite retained62byte mutex hook qualification,DERIVED_PRIMARY_CHECK,Exact finite source; no generation/success/ownership/runtime/GOG closure.
P6-SHORT-PERSONAL-0143,derived_primary_check,STEAM_PC,scratch/phase6_short_bridges_personal_seq0143.json,389c49037e8c9ece8b853207a004894100162ac180339b3edc08c64b7664fd12,7989,Primary exact36byte gate and84byte local stride-scan checks,DERIVED_PRIMARY_CHECK,Exact finite source; no generation/success/ownership/runtime/GOG closure.
P6-CALLBACK-SCOUT-0143,derived_primary_check,STEAM_PC,scratch/phase6_seq0143_callback_qualification.md,2fbf2a6af803457e1cdce4ba34564f92265932c47061a9b5a2a630eaae95fe83,6754,Fresh exact callback/publication pair qualification,DERIVED_PRIMARY_CHECK,Finite own-source qualification; semantic and lifecycle limits retained.
P6-CAMERA-SCOUT-0143,derived_primary_check,STEAM_PC,scratch/phase6_seq0143_camera_geometry.md,ab91319aaae83d6c160d47013b04c15307b03518cc1fe941ad9247eb6156c754,6080,Fresh Camera function-extent/count geometry qualification,DERIVED_PRIMARY_CHECK,Finite own-source qualification; semantic and lifecycle limits retained.
P6-EVTHREADEX-PERSONAL-0145,derived_primary_check,STEAM_PC,scratch/phase6_evthreadex_personal_seq0145.json,cf888eabb1860897e4fd2ccc9baf5337b2ff06d3253f481ef3c523c260b5139c,188500,Primary exact CEvThreadEx body/table/RTTI verification,DERIVED_PRIMARY_CHECK,Finite own-source qualification; semantic and lifecycle limits retained.
P6-GOG-CGAME-PERSONAL-0144,derived_primary_check,GOG_PC,findings/boundaries/phase6_gog_cgame_accessor_qualification.md,49736ff98d0c3d9d3879e66db086285e392ce9c486dc5fd5ae671fc927c18fc2,2397,Primary exact GOG cached CGame accessor/table verification,DERIVED_PRIMARY_CHECK,Finite own-source qualification; semantic and lifecycle limits retained.
P6-WORLD-GEOMETRY-PERSONAL-0145,derived_primary_check,STEAM_PC,scratch/phase6_world_bridge_geometry_seq0145.json,395726475fd51ed891d522d29a05f4408fff048634238de5bdac7b99b23a2889,39662,Primary870definedbytes vs889envelope metadata geometry only; no wholefunction promotion,DERIVED_PRIMARY_CHECK,"Conservative contract stop; old136selectedrelay preserved, no neighbor/callee."
P6-SHORT-PERSONAL-0146,derived_primary_check,STEAM_PC,scratch/phase6_short_bridges_personal_seq0146.json,0e1d09046591447062c70fff94a2493df0cd9c9d05d05e740f538e44883f5acb,4933,Primary7/30 and10/32 exact shortbridge PEASM checks,DERIVED_PRIMARY_CHECK,Localvalue/carrier facts only; no operation success/generation/owner/runtime/GOG.
P6-PENDING-TUPLE-REUSE-0146,derived_primary_check,STEAM_PC,scratch/phase6_pending_resource_tuple_reuse_seq0146.json,ee9daa5f0baca82e337a0a1b4de84f4f4301e5b7ec3591f974bf01eaeedd85ed,537,"Accepted existing getter ordinaryRET reuse, no new supportbody",DERIVED_PRIMARY_CHECK,Localvalue/carrier facts only; no operation success/generation/owner/runtime/GOG.
P6-COLD-INIT-PERSONAL-0147,derived_primary_check,STEAM_PC,scratch/phase6_cold_and_initializer_personal_seq0147.json,8fc185c3c6cb8d20be27b4ccfed1c49263ecd8e7c5b56f7bb23354c0ef163cf1,208648,Primary1335/5307 coldhandler and14/71 table/resetprefix plusadjudication,DERIVED_PRIMARY_CHECK,"Selectedscope; no support/caller/neighbor/GOG/runtime body, allhistorypreserved."
P6-RESOURCE-GEOMETRY-PERSONAL-0147,derived_primary_check,STEAM_PC,scratch/phase6_resource_geometry_personal_seq0147.json,9b3a786563ffb640e6645a703d09659bc3e54e0b1b5ca8443b51f6c1a5b22fdc,1132,Correctinclusiveend:914/3614definedbytes vs3617envelope and3unlisted; no semanticpromotion,DERIVED_PRIMARY_CHECK,"Selectedscope; no support/caller/neighbor/GOG/runtime body, allhistorypreserved."
P6-EVTHREADEX-RAW-TAIL-0147,derived_primary_check,STEAM_PC,scratch/phase6_evthreadex_exact_raw_tail_seq0147.json,11e1bf40ce17ab1840790a732b3ab996d879b8aa0c7b28973040d0dd39712001,1715,Exact15raw-onlybytes WORD B0zero/BYTE98one/RET withinexplicitboundedgap,DERIVED_PRIMARY_CHECK,ASM/unlisted/export71 historypreserved; noafterRET/padding/nextbody/actualinvocation claim.
P6-COLLECTED-PERSONAL-0149,derived_primary_check,STEAM_PC,scratch/phase6_collected_branches_personal_seq0149.json,e883e50ec6971a00dc08fc86986ee25a2f943f9937914bc75dc99a934f038aaa,131252,Primary39orphan/67incoming/3614resourcecode exactreplay,DERIVED_PRIMARY_CHECK,No helper/calleroutsidecap/teardown/GOG/runtime body; no success/currentgen/owner/wholemembership.
P6-RESOURCE-DATA-PERSONAL-0149,derived_primary_check,STEAM_PC,scratch/phase6_resource_data_personal_seq0149.json,04ad50aea53285dab2ac88e7f22a0f3137b835646779329a93cdf6f64a2b16db,1482,Own16slot/91index dispatchdata andnineexactnamedassetstrings,DERIVED_PRIMARY_CHECK,No helper/calleroutsidecap/teardown/GOG/runtime body; no success/currentgen/owner/wholemembership.
P6-PUBLICATION-SOURCE-0152,derived_primary_check,STEAM_PC,scratch/phase6_entry_retained_personal_replay_seq0151.json,a19808d389cf9e2f949bf4468e82ed47f5d28ea613c880da9e770c762131d0ed,1103,Main retained58/2471 source replay; explicit cold schema correction,DERIVED_PRIMARY_CHECK,Finite source only; no caller/callee/GOG/runtime widening or inherited scout semantics.
P6-PUBLICATION-CONSUMER-0152,derived_primary_check,STEAM_PC,scratch/phase6_vector_consumer_personal_replay_seq0151.json,04253c9d4b2ae3aaf6e361e7bc733563520e308616f6ec6647980eb6deb4c4f7,1286,Main175/599 exact publication-source replay; gap excluded,DERIVED_PRIMARY_CHECK,Finite source only; no caller/callee/GOG/runtime widening or inherited scout semantics.
P6-PUBLICATION-ABI-0152,derived_primary_check,STEAM_PC,scratch/phase6_vector_abi_personal_replay_seq0151.json,9b81bdadd930641af762d84f622f6129c6ecbd06e74033bc12e6e8b8432d1bfc,3722,Main22/77 own CRT iterator replay,DERIVED_PRIMARY_CHECK,Finite source only; no caller/callee/GOG/runtime widening or inherited scout semantics.
P6-PUBLICATION-COLD-DATA-0152,derived_primary_check,STEAM_PC,scratch/phase6_cold_data_personal_seq0151.json,84fcbfdab78fa2a5bce2d3e5dc02ff29b43d7d739e0274ff2ac709955544bed1,426,Main exact cold switch/auxiliary RTTI data checks,DERIVED_PRIMARY_CHECK,Finite source only; no caller/callee/GOG/runtime widening or inherited scout semantics.
P6-CORE-MENU-OWN-0153,derived_primary_check,STEAM_PC;GOG_PC,scratch/phase6_collected_personal_replay_seq0153.json,24cf45ebb54c00418fee1bb25a1664fd1b248e4804aca99a143005d3c5b63eb8,202645,Primary finite own-source/owned-data qualification; OWN,DERIVED_PRIMARY_CHECK,No helper/caller/neighbor/runtime expansion. Corrections retained; no scout-only promotion.
P6-CORE-MENU-RTTI-0153,derived_primary_check,STEAM_PC;GOG_PC,scratch/phase6_root_model_rtti_personal_seq0153.json,e244aa312e42c703179220d3913df2e2eb910ddca5f3b6e56407b165d69a0993,1256,Primary finite own-source/owned-data qualification; RTTI,DERIVED_PRIMARY_CHECK,No helper/caller/neighbor/runtime expansion. Corrections retained; no scout-only promotion.
P6-CORE-MENU-COHORT-0153,derived_primary_check,STEAM_PC,scratch/phase6_adjacent_static_source_personal_seq0152.json,650190aa4d542d089f1a5a9e6d4ce821593c03b7e5f6ff1d6ec6bd5366a8d62a,4224,Primary finite own-source/owned-data qualification; COHORT,DERIVED_PRIMARY_CHECK,No helper/caller/neighbor/runtime expansion. Corrections retained; no scout-only promotion.
P6-CORE-MENU-CALLBACK-0153,derived_primary_check,STEAM_PC,scratch/phase6_adjacent_callback_personal_seq0152.json,82300849274f2a6b54d849913468bd30c7a50ed70a10b487e0694f26dcc73b19,3856,Primary finite own-source/owned-data qualification; CALLBACK,DERIVED_PRIMARY_CHECK,No helper/caller/neighbor/runtime expansion. Corrections retained; no scout-only promotion.
P6-CORE-MENU-COHORT-RTTI-0153,derived_primary_check,STEAM_PC,scratch/phase6_adjacent_callback_rtti_qualified_seq0152.json,a9f03d112409e585a1a72c53da260a3d0ae8ab4577180eb5ac79c604c6768e70,1061,Primary finite own-source/owned-data qualification; COHORT-RTTI,DERIVED_PRIMARY_CHECK,No helper/caller/neighbor/runtime expansion. Corrections retained; no scout-only promotion.
P6-CORE-MENU-MENU-DATA-0153,derived_primary_check,STEAM_PC,scratch/phase6_menu_data_personal_seq0153.json,e076c2959d1940e084b115f41840f1a780df9f94590dc024753c7edae30f0792,620,Primary finite own-source/owned-data qualification; MENU-DATA,DERIVED_PRIMARY_CHECK,No helper/caller/neighbor/runtime expansion. Corrections retained; no scout-only promotion.
P6-REVIEWED-MEMBER-SOURCE-0158,derived_primary_check,STEAM_PC,scratch/phase6_followup_pair_ingress_personal_seq0155.json,d941de07c8b84685a9cb93f62e17edc8549dedc9d8bc17c4c5e5a799d3aea538,23963,Retained155 own source/fresh157 main exact replay; first promotion158,DERIVED_PRIMARY_CHECK,Own348-byte member/ingress scope; replay2823negative is source-only; gap13/external8 excluded.
P6-REVIEWED-MEMBER-REPLAY-0158,derived_primary_check,STEAM_PC,scratch/phase6_personal_unpromoted_replay_seq0157.json,a1d1253436a613a787cc96515f394d8b659d45e560723595accd3659321b4dda,1165,Retained155 own source/fresh157 main exact replay; first promotion158,DERIVED_PRIMARY_CHECK,Own348-byte member/ingress scope; replay2823negative is source-only; gap13/external8 excluded.
P6-FINITE-SMALL-0160,derived_primary_check,STEAM_PC,scratch/phase6_small_cluster_personal_seq0160.json,3cc34466c15e34d077cb5e27c2767366090e501b3cc782471db8d2a4967a5473,32619,Main finite source/replay; selected own geometry and PE/ASM edges,DERIVED_PRIMARY_CHECK,585small/5125camera/70GOGallocation/267GOGstring; excludedgaps/orphan711 retained. No currentgen/owner/runtime/fullalgorithm.
P6-FINITE-CAMERA-0160,derived_primary_check,STEAM_PC,scratch/phase6_camera_rank11_personal_seq0160.json,964f8e4492f1dcd186cd200b6d229d1bef53340c6f5e47483c90ca4c5220fd58,1093,Main finite source/replay; selected own geometry and PE/ASM edges,DERIVED_PRIMARY_CHECK,585small/5125camera/70GOGallocation/267GOGstring; excludedgaps/orphan711 retained. No currentgen/owner/runtime/fullalgorithm.
P6-FINITE-GOG-ALLOC-0160,derived_primary_check,GOG_PC,scratch/phase6_main_gog_rank27_personal_seq0159.json,7036792681144ae12a850aac45a82a56c2ae558ecc8264409dfddc657615ed23,4474,Main finite source/replay; selected own geometry and PE/ASM edges,DERIVED_PRIMARY_CHECK,585small/5125camera/70GOGallocation/267GOGstring; excludedgaps/orphan711 retained. No currentgen/owner/runtime/fullalgorithm.
P6-FINITE-GOG-STRING-0160,derived_primary_check,GOG_PC,scratch/phase6_main_gog_rank63_personal_seq0159.json,8a6a7936b31d07be11ea9e78156c8842f834df5cf244d49e3ce096dc5b0a6a57,14243,Main finite source/replay; selected own geometry and PE/ASM edges,DERIVED_PRIMARY_CHECK,585small/5125camera/70GOGallocation/267GOGstring; excludedgaps/orphan711 retained. No currentgen/owner/runtime/fullalgorithm.
P6-RETAINED-REPLAY-0164,derived_primary_check,STEAM_PC;GOG_PC,scratch/phase6_main_retained_verification_seq0163.json,4c10e616e7605d7837af61fa8333aac7a16621b2ef3aa45d76e4f395ff35078d,2195,Freshmain qualified retained161 PE/ASM/data scope; canonical164 adjudication,DERIVED_PRIMARY_CHECK,Only exact selected source; no new gap/callee/currentinstance/runtime/ownership guarantee.
P6-RETAINED-MESSAGE-RTTI-0164,derived_primary_check,STEAM_PC,scratch/phase6_main_rank20_rtti_verification_seq0163.json,aeb4a1d5cabaf3d8eccca9edc203da3247926ad32cdf4856bd423b675f52831a,736,Freshmain qualified retained161 PE/ASM/data scope; canonical164 adjudication,DERIVED_PRIMARY_CHECK,Only exact selected source; no new gap/callee/currentinstance/runtime/ownership guarantee.
P6-RETAINED-CORE-0164,derived_primary_check,STEAM_PC,scratch/phase6_core_query_personal_seq0162.json,eb9196e476e6ea86d7fa3c0a4a8e5045bc9446eb3915657ad2036c37829081b5,9172,Freshmain qualified retained161 PE/ASM/data scope; canonical164 adjudication,DERIVED_PRIMARY_CHECK,Only exact selected source; no new gap/callee/currentinstance/runtime/ownership guarantee.
P6-RETAINED-PRESENTATION-0164,derived_primary_check,STEAM_PC,scratch/phase6_seq0161_independent_rank20_source.json,621920211ecab3e4c1c673205537606430e7e686869cc990bada291950a0d51d,453102,Freshmain qualified retained161 PE/ASM/data scope; canonical164 adjudication,DERIVED_PRIMARY_CHECK,Only exact selected source; no new gap/callee/currentinstance/runtime/ownership guarantee.
P6-RETAINED-GOG-0164,derived_primary_check,GOG_PC,scratch/phase6_gog_event_personal_seq0162.json,6fd84e5b90102b809c63e1bf34479a5ce25d918a1f860e02f76936cacd049b1d,156395,Freshmain qualified retained161 PE/ASM/data scope; canonical164 adjudication,DERIVED_PRIMARY_CHECK,Only exact selected source; no new gap/callee/currentinstance/runtime/ownership guarantee.
P6-RETAINED-WEATHER-0164,derived_primary_check,STEAM_PC,scratch/phase6_main_rank42_root_personal_seq0161.json,b17195dc8755723fbfa2f794ff6435e112404f2672c6375e4e73ca6ae7210fd0,5855,Freshmain qualified retained161 PE/ASM/data scope; canonical164 adjudication,DERIVED_PRIMARY_CHECK,Only exact selected source; no new gap/callee/currentinstance/runtime/ownership guarantee.
P6-RETAINED-WEATHER-RTTI-0164,derived_primary_check,STEAM_PC,scratch/phase6_main_rank42_root_rtti_seq0161.json,d1896608ab7107c10dcfdcfc9fc7497ef559a4b5db75c68fe283c1d51cd49725,1057,Freshmain qualified retained161 PE/ASM/data scope; canonical164 adjudication,DERIVED_PRIMARY_CHECK,Only exact selected source; no new gap/callee/currentinstance/runtime/ownership guarantee.
P6-RETAINED-WEATHER-BASES-0164,derived_primary_check,STEAM_PC,scratch/phase6_main_weather_hierarchy_seq0161.json,e12072fb9ef0ab656ff202946b21cfb450063b23cd507a955185f7857dbd444c,1612,Freshmain qualified retained161 PE/ASM/data scope; canonical164 adjudication,DERIVED_PRIMARY_CHECK,Only exact selected source; no new gap/callee/currentinstance/runtime/ownership guarantee.
P6-CORE-CTOR-OWN-0166,derived_primary_check,STEAM_PC,scratch/phase6_main_core_ctor_personal_seq0165.json,a7a0aeac480bdc2822a901b02f5967702db828a635274d67d6f06fa3fa743fe1,17945,Main106/436 owninitializer PE/ASM or directly installedbaseRTTI,DERIVED_PRIMARY_CHECK,No opaquehelper/caller/exceptionhandler bodies/currenttype/gen/runtime/owner.
P6-CORE-CTOR-RTTI-0166,derived_primary_check,STEAM_PC,scratch/phase6_main_core_ctor_rtti_seq0165.json,11a82010463c45b51eb153ca2f3990af7fff23c9bf4452c5f9fd6c4fbd4f7d0e,2039,Main106/436 owninitializer PE/ASM or directly installedbaseRTTI,DERIVED_PRIMARY_CHECK,No opaquehelper/caller/exceptionhandler bodies/currenttype/gen/runtime/owner.
P6-INTEGRATION-WEATHER-SHARED-0167,derived_primary_check,STEAM_PC,scratch/phase6_main_weather_shared_personal_seq0166.json,c75edb16f69f5dd13d89a5be39676e52766d1984a3220235775dae3864517f23,25276,Main165 scoped PE/ASM anddirectdata replay; actualbranchcompletion finalized167,DERIVED_PRIMARY_CHECK,Only546+12/1862/4713 ownsource; no caller/callee/currenttype/owner/runtime. Nonfilebacked data unobserved.
P6-INTEGRATION-INPUT-0167,derived_primary_check,STEAM_PC,scratch/phase6_main_input_personal_seq0166.json,3e7c71aa7d8e2bfffd630e535f8217d10c8726c3ae442aeb48eead539c7baaf2,548,Main165 scoped PE/ASM anddirectdata replay; actualbranchcompletion finalized167,DERIVED_PRIMARY_CHECK,Only546+12/1862/4713 ownsource; no caller/callee/currenttype/owner/runtime. Nonfilebacked data unobserved.
P6-INTEGRATION-CAMERA-0167,derived_primary_check,STEAM_PC,scratch/phase6_main_camera_personal_seq0166.json,cf1b7e5fe8ea464e5dac966bfd90f29f56ec7ab2278fd6f4f909733ecbd08e51,663,Main165 scoped PE/ASM anddirectdata replay; actualbranchcompletion finalized167,DERIVED_PRIMARY_CHECK,Only546+12/1862/4713 ownsource; no caller/callee/currenttype/owner/runtime. Nonfilebacked data unobserved.
P6-ROOT-ROOT-CONTROL-0169,derived_primary_check,STEAM_PC,scratch/phase6_main_root_control_personal_seq0168.json,1930a402437025ce8e1d577d6a2391a6d9664083c980c1f083d9d97f77fd4b1f,733,Main168 own122/153/112/rawRTTI/124 PE-ASM checks; actualbranchcompletion169,DERIVED_PRIMARY_CHECK,Only selectedbody/data; no opaqueconstructor/callee/currentroot/sizeof/owner/runtime.
P6-ROOT-CRDINPUT-0169,derived_primary_check,STEAM_PC,scratch/phase6_main_crdinput_personal_seq0168.json,246313696411b505680460b110a6fa455ca48fe2b0e5b4099ebe421292c4df43,502,Main168 own122/153/112/rawRTTI/124 PE-ASM checks; actualbranchcompletion169,DERIVED_PRIMARY_CHECK,Only selectedbody/data; no opaqueconstructor/callee/currentroot/sizeof/owner/runtime.
P6-ROOT-RECIPE-0169,derived_primary_check,STEAM_PC,scratch/phase6_main_control124_personal_seq0168.json,60a73d98da131bc091193bfb99b3e292f233d915cdca1b6404e25ce4e95b3750,6486,Main168 own122/153/112/rawRTTI/124 PE-ASM checks; actualbranchcompletion169,DERIVED_PRIMARY_CHECK,Only selectedbody/data; no opaqueconstructor/callee/currentroot/sizeof/owner/runtime.
P6-CRDINIT-0173,derived_primary_check,STEAM_PC,scratch/phase6_main_crdinput_retained_qualification_seq0172.json,dd6b120e4c0c1a9683125236ff9d091e56215ace2d349c42f63386ded7ce85f2,2077,"Fresh172 main replay of retained170 initializer17/51, accepted getter35/112 and direct RTTI raw records",DERIVED_PRIMARY_CHECK,Exact retained addresses only; no reacquisition/currentroot/service/gen/owner/sizeof proof.
P6-NUMCONTROL-OWN-0175,derived_primary_check,STEAM_PC,scratch/phase6_main_control1069_personal_seq0174.json,2da0d856456a275e8039b5f43304937c22513fc038c0e830d985171487ef9f13,44465,Main exact own287/1069 selector/audio/callback control or direct selector/float data PEASM,DERIVED_PRIMARY_CHECK,No caller/callee/currenttarget/receiverclass/runtime/success/lastuse/owner proof.
P6-NUMCONTROL-DATA-0175,derived_primary_check,STEAM_PC,scratch/phase6_main_control1069_data_seq0174.json,a82c88be9c1892d0b21a4dfe83159dab347c632a4959f10802973c3d6f6af7e8,803,Main exact own287/1069 selector/audio/callback control or direct selector/float data PEASM,DERIVED_PRIMARY_CHECK,No caller/callee/currenttarget/receiverclass/runtime/success/lastuse/owner proof.
P6-NATIVESEQ-OWN-0177,derived_primary_check,STEAM_PC,scratch/phase6_main_native1507_personal_seq0176.json,016ea5b1b46d29c6906bf0662bf40a4be73a69fcc7811e1287aea0dc1a1eb4be,62822,Main exact own410/1507 or direct raw8-entry selector/float constants PEASM,DERIVED_PRIMARY_CHECK,No typedS/installedcallback/producer/targets/opaqueeffects/currentgen/owner/runtime proof.
P6-NATIVESEQ-DATA-0177,derived_primary_check,STEAM_PC,scratch/phase6_main_native1507_data_seq0176.json,19ff59177a4458a23f08eeaf121d502499511164493948cb9c8843eb111776d9,998,Main exact own410/1507 or direct raw8-entry selector/float constants PEASM,DERIVED_PRIMARY_CHECK,No typedS/installedcallback/producer/targets/opaqueeffects/currentgen/owner/runtime proof.
P6-READINESS-WAVE-0179,derived_primary_check,STEAM_PC,scratch/phase6_main_readiness_wave_replay_seq0179.json,d52dc2d29e2eead60e71e9b035836babc57b4036f49770814fe1fc9352cb1bdd,1470,Main completed172 own28/80+163/543+395/1383 PEASM and26/6/17 rawrecords replay,DERIVED_PRIMARY_CHECK,Actual4agent completion; no caller/callee/currentroot/gap/owner/gen/runtime widening.
P6-READINESS-TYPES-0179,derived_primary_check,STEAM_PC,scratch/phase6_main_readiness_type_graph_seq0179.json,89ebcbad823707d51dda18d147755509fc2eb985c791313ec4a22dcf4f401a20,1360,Main scout-declared CEffectAdmin/Mutex/wrapper graphs andWorld table-COL-name primary replay,DERIVED_PRIMARY_CHECK,Only exact retained-declared addresses; no World basegraph/method/currentcache proof.
P6-INPUTREQ-0181,derived_primary_check,STEAM_PC,scratch/phase6_main_input91_personal_seq0180.json,652c6ce40a41e7af4de501fd7d54ed6bb6c881a76374b90987c90a376ffa7e69,6316,Main33/91 exact gated request-pair/receiver-field PEASM,DERIVED_PRIMARY_CHECK,No helper/provider/currentroot/gen/policy/owner/runtime widening.
P6-ACTUATOR-JOIN-0182,derived_primary_check,STEAM_PC,scratch/phase6_main_retained_actuator_join_seq0182.json,00d1a46fe845dafb1df347ffff91e8307adeaa8a1e66da2fe3c864b11afe2002,3341,Main selectedretained16/39 Actuatorgetter/sixrawtype records replay fornewC0305join,DERIVED_PRIMARY_CHECK,Reusedsource notadditional discovery; no oldlifecycle/currentprovider/gen/effect proof.
P6-SERVICE43-0187,derived_primary_check,STEAM_PC,scratch/phase6_main_service43_personal_seq0186.json,7d79af06131b293eac18cd96962bc145d89b005112a744e58bcb7e9c18f86adf,3473,Main exact header-owned15/43 PEASM for independent high-centrality adapter counterfactual,DERIVED_PRIMARY_CHECK,"No caller/callee/neighbor/headercontext, runtime or ownership qualification."
P6-RETAINED-BYTES-0188,derived_primary_check,STEAM_PC,scratch/phase6_main_retained_wave_byte_replay_seq0185.json,e035918f9b9126324e022d9bef56a746ff4d510c407c3a7f8deb0461bc04e83a,3078,Main exact retained5bodies byte replay; Effect339/1019 personally semantically reviewed,DERIVED_PRIMARY_CHECK,Retainedscope only; no automatic otherbranch semanticcredit/currentinstance/owner/gen/synchronization/success.
P6-RETAINED-DATA-0188,derived_primary_check,STEAM_PC,scratch/phase6_main_retained_wave_data_replay_seq0185.json,21b32db21cde55722e569991fc30663170204090f1e72db9ef225e119c09ab91,6883,Main exact retained12/9/9/9 directdata records replay; no grammar/current diskvalue credit,DERIVED_PRIMARY_CHECK,Retainedscope only; no automatic otherbranch semanticcredit/currentinstance/owner/gen/synchronization/success.
P6-EFFECT-INPUT-0188,derived_primary_check,STEAM_PC,scratch/phase6_seq0185_effect_fresh_qualification.json,91f8f2f753fbf0de2dd15fb7570d63b0927bffbecd71e33a63002ec4e3051f41,20711,Fresh independent exact128/891 Effect qualifier; main owns all canonical decisions,DERIVED_PRIMARY_CHECK,Retainedscope only; no automatic otherbranch semanticcredit/currentinstance/owner/gen/synchronization/success.
P6-WORLD47-RECONCILE-0190,derived_primary_check,STEAM_PC,scratch/phase6_main_world47_reconciliation_seq0189.json,3d751a447eada4eeff77c8dc8ba28fc99cbcd9fd07d951566b0a929e53b0eb72,1807,Main retainedWorld47 producer/cache/control reconciliation; acceptedallocator28/70 replay excludesnineenvelopebytes,DERIVED_PRIMARY_CHECK,Retained1262/4857+9data personallyreplayed185; no incomingclass/type/gen/owner orcallee-body expansion.
P6-ITEM-ADAPTER-0192,derived_primary_check,STEAM_PC,scratch/phase6_main_cache242_personal_seq0191.json,8b84ef4e42592089dc3c6b7ecbef14e9a3c6b832bc0805d60375b102f89c01b9,12132,Main exact84/242 cache-operation PEASM; signedselector/factory/callback packet interfaces,DERIVED_PRIMARY_CHECK,No factoryarm/helper/target/neighbor/grammar/runtime/type/owner/source-limit widening.
P6-ITEM-LITERAL-0192,derived_primary_check,STEAM_PC,scratch/phase6_main_cache242_data_seq0191.json,e49799b4b1eb017d4101e0f6e63c2a1a39dbc9e3ae05062560305a55adc534e0,749,"Main exactN_LINE7byte literal/non-file-backed0143C078 addressoperand, no name/type inference",DERIVED_PRIMARY_CHECK,No factoryarm/helper/target/neighbor/grammar/runtime/type/owner/source-limit widening.
P6-SUCCESSOR-MAIN-0193,derived_primary_check,STEAM_PC,scratch/phase6_main_successor_replay_seq0193.json,17713436c5960e6eaa2a7879a7495d5885791a2da6473913c4e68b603316d400,4491,Main exact189 76/195+8/20+208/835+1412/5156 bytes; selectedtype/import/A6data replay; rejectedHRESULT scout claim,DERIVED_PRIMARY_CHECK,OnlyNative semanticpromotion here; otherbranches remaininputs. FirstPEheader mappingfailure correctedbefore artifact; no neighbor/currenttype/owner/success credit.
P6-MAIN-RETAINED-0196,derived_primary_check,STEAM_PC,scratch/phase6_main_retained_replay_seq0196.json,d61e80f6ea36e014bcbc98ae439a23bd9722674a8bd4b8849dda7389884a8d83,39715,Main fresh exact retained World55/animation/native34 PE or direct-data replay,DERIVED_PRIMARY_CHECK,"No new acquisition/tails/foreign semantics; selected interpretation in three focused reports, not all-checked-byte semantic credit."
P6-MAIN-RETAINED-DATA-0196,derived_primary_check,STEAM_PC,scratch/phase6_main_retained_data_replay_seq0196.json,d2556b329c5fc400ba1c8cdc36bd963a2eb1e3b2e4a3d05b499608ffcefeb2f8,8938,Main fresh exact retained World55/animation/native34 PE or direct-data replay,DERIVED_PRIMARY_CHECK,"No new acquisition/tails/foreign semantics; selected interpretation in three focused reports, not all-checked-byte semantic credit."
P6-RANK33-MAIN-0197,derived_primary_check,STEAM_PC,scratch/phase6_main_rank33_replay_seq0197.json,fcddc62814c249b9ec0ae6578d8f66642fbed4965f1d287037fca5ecf3e9effd,307860,Main exact2362/9650 own geometry/PE/ASM/data replay;464 actualCALL versus466 exportlabels includingtwo tailJMPs,DERIVED_PRIMARY_CHECK,Initial prewrite count assertion failed/noartifact/promotion; correction preserved.00BDA000 content unavailable; no inventeddata/tail/callee/currenttype/owner/success credit.
P6-RETAINED-MAIN-0200,derived_primary_check,STEAM_PC,scratch/phase6_main_retained_replay_seq0200.json,07b1bb675fcb6916abe41f90d61e6abf2f8bb91ece03beb39b35d4f33dae7cc9,657682,Main exact retained37/45/51 own1237-1687-672 rows/4684-6088-2327 bytes PE and exactASM-line replay; selectedtables/cells independently matched,DERIVED_PRIMARY_CHECK,3596 selectedinstructions; source ownership notobjectownership. No newtails/caller/callee/foreignsemantics/unselected198metadata; widths and ordinaryABI limits explicit. Scoutconclusions onlyinputs; mainreconciliation separate.
P6-RANK50-METADATA-0200,derived_primary_check,STEAM_PC,scratch/phase6_main_rank50_complete_metadata_replay_seq0200.json,769a514183fefea0864f4a60a08109d6623bad71baeefe9493bfdcd80dd07827,19755,Main ALL exacttwoforeign namedheader metadata occurrences;40/155 and67/242 completeVA-lengthsets disjointfromretainedrank50; selectedstaticeligibility only,DERIVED_PRIMARY_CHECK,Two sparseoccupiedintervals each; notminmaxbody.199firstheader Eeligibility input subsumed;200 BOMfailure preserved. No target/foreignopcode orobjectownership semantics; rank50body separatecontract required.
P6-RANK50-MAIN-0201,derived_primary_check,STEAM_PC,scratch/phase6_rank50_main_evidence_index_seq0201.json,d480ee6501db7a51a9f5655eef66eaa4cf37555e91876dd9b36fe7b5f7cdafb0,1830,Main exactretained1590/5882 PE/exactASM andprospectiveselected81remap+16/5DWORDdispatch data; widths/receiver-source/requestorder qualified,DERIVED_PRIMARY_CHECK,Onlyafter200 completeforeign155/242 disjointmetadataPASS. No foreignsemantics/padding/unboundedresource-tablecontents/neighbor/caller/callee credit. Main/scout reconciliation separate; no objectownership orreadiness verdict.
P7-ROOT-MAIN-0209,derived_primary_check,STEAM_PC,scratch/phase7_root_clean_primary_seq0209.json,177dff68ba96dec746ea91546ce8b0c794492e764ea9418b090f243bf64447a0,230097,39cleanselected Steam windows1185/4054; exactdeclaredselection/PEASM; retainedrootworker decisiveprimary replay,DERIVED_PRIMARY_CHECK,"No207excluded5/19 orworkerincidental rows; exactselection only, notconfidence promotion/runtime/owner/universalcleanliness. Main outcomes reports/PHASE7_ROOT_PRIMARY_ADJUDICATION_SEQ0209.md"
P7-ROOT-SUPPLEMENT-0209,derived_primary_check,STEAM_PC,scratch/phase7_root_supplement_primary_seq0209.json,1a5a65a586f3d7d6d4e6e4446f7389ca3612d5fd940f7b9aa40c8c62a63f7b96,6881,Threeprecontracted exactselected windows15/50: config364store/Coretablewrite/savedreceiverprefix,DERIVED_PRIMARY_CHECK,"No207excluded5/19 orworkerincidental rows; exactselection only, notconfidence promotion/runtime/owner/universalcleanliness. Main outcomes reports/PHASE7_ROOT_PRIMARY_ADJUDICATION_SEQ0209.md"
P7-ROOT-DATA-PROVENANCE-0209,derived_primary_check,STEAM_PC,scratch/phase7_root_data_provenance_seq0209.json,a33d8cbfe153c0c68c9826f0728755c467a15fb989083c33cca3aebf1b577c62,4227636,16selected rawdata/typegeometry plusfinite180/185/204chain and330/1211 Weather retainedrow identity; bounded directroot xref filters,DERIVED_PRIMARY_CHECK,"No207excluded5/19 orworkerincidental rows; exactselection only, notconfidence promotion/runtime/owner/universalcleanliness. Main outcomes reports/PHASE7_ROOT_PRIMARY_ADJUDICATION_SEQ0209.md"
AUDIT-P5P6-PRIMARY-20261006,derived_primary_check,STEAM_PC;GOG_PC,audit/P5_P6_PRIMARY_FINAL_MANIFEST_2026-10-06.json,d8f926a3b629e3a16f3d80f17b2a00d4751e96692b2ccf6326da32e97912c9be,4570,Independent main PE/ASM1954 anchors/6484 bytes;16 RTTI hierarchies/14 shader names/6 raw PE imports; exact finite audit windows,DERIVED_PRIMARY_CHECK,"Current explicit independent audit authority; no production/runtime/supplied mutation, no211 collided outputs or failed-source credit. Primary provenance is not runtime/owner/success/lastuse/semantic completeness; historical semantic rows preserved, audit trace ledger controls contradictory reliance. STOP."
AUDIT-P5P6-REVIEW-20261006,independent_adversarial_review,STEAM_PC;GOG_PC,reports/PHASE5_PHASE6_INDEPENDENT_ADVERSARIAL_AUDIT_2026-10-06.md,c59f45ceae7a7102e16dda16bae4acf8d0f018512ab71551750084b4a6e3aebe,22577,Phase5 narrow portfolio qualified; Phase6 broad sufficiency not upheld; ranking context omission and current canonical DSB/manager errors,DERIVED_REVIEW,"Current explicit independent audit authority; no production/runtime/supplied mutation, no211 collided outputs or failed-source credit. Primary provenance is not runtime/owner/success/lastuse/semantic completeness; historical semantic rows preserved, audit trace ledger controls contradictory reliance. STOP."
AUDIT-FOUNDATIONS-PRIMARY-20261006,derived_primary_check,STEAM_PC;GOG_PC,audit/foundations_2026-10-06/final_manifest.json,024cc1bced7d120edebf4fdc0f1b231aa1061a0fd1f11842634bb32386db0125,13330,Independent foundational PE/ASM population graph class/global/vtable homology and filter checks with immutable raw provenance,DERIVED_PRIMARY_CHECK,Main explicit primary replay plus three independent bounded branches; byte equality not decoding or Function ownership; no canonical reconstruction
AUDIT-FOUNDATIONS-REVIEW-20261006,independent_adversarial_review,STEAM_PC;GOG_PC,reports/FOUNDATIONAL_CENSUS_AUDIT_2026-10-06.md,b83e295b3dd696606e56d48b73b2a761784c3c1b5f70715ab49f83b9e3923552,39983,Phase1 structural foundations fail complete-code/context reliance; exact later primary facts survive at their scoped dependencies,DERIVED_REVIEW,Nine documented foundational errors; earliest GOG false noreturn upstream; Phase6 sufficiency not independently upheld; stop after audit
AUDIT-FOUNDATIONS-TRACE-20261006,derived_dependency_audit,STEAM_PC;GOG_PC,audit/foundations_2026-10-06/claim_dependency_trace.csv,64c2346a4b2af11702d7b8b70755a2791b2bb449125d004a55edce606ec074ba,10233,Thirty Phase1-6 dependency dispositions separating verified local facts from failed population filtering projection or sufficiency assumptions,DERIVED_REVIEW,Audit shadow trace only; no semantic ledger regrading or historical closeout rewrite; preserved88 stronger guards
STRUCTURAL-REPAIR-BASELINE-20261006,derived_structural_baseline,STEAM_PC;GOG_PC,structural/repair_2026-10-06/baseline_v7/manifest.json,8b70425655d16b476b8a0d5adf0977c4a6f773041be25e2852876397459c8912,379264,Repaired build-local entry/instruction/typed-edge/data/vtable/metric substrate with explicit uncertainty.,DERIVED_PRIMARY_STRUCTURAL,"Derived only; raw PE/ASM authoritative, semantic ledgers/history/all88 guards conserved; complete callable universe UNKNOWN; Phase7 PAUSED and Phase8 forbidden."
STRUCTURAL-REPAIR-VALIDATION-20261006,derived_structural_validation,STEAM_PC;GOG_PC,structural/repair_2026-10-06/validation_v7.json,1b0148ba211cf8815edfd1baac286c86e88415c0a8a91771b2338b84c6888c1a,2614,"Manifest-bound primary-record regressions, complete invariant checks, independent repeat and conservation.",DERIVED_VALIDATION,"Derived only; raw PE/ASM authoritative, semantic ledgers/history/all88 guards conserved; complete callable universe UNKNOWN; Phase7 PAUSED and Phase8 forbidden."
STRUCTURAL-REPAIR-REVIEW-20261006,derived_structural_review,STEAM_PC;GOG_PC,reports/STRUCTURAL_FOUNDATION_REPAIR_2026-10-06.md,49211abdf409e944528c7e37c6a7dfd2148f43d68e7103c876567ed2aeb67af5,10292,Repair/diff/handoff at structural scope; no semantic re-research or phase acceptance.,DERIVED_REVIEW,"Derived only; raw PE/ASM authoritative, semantic ledgers/history/all88 guards conserved; complete callable universe UNKNOWN; Phase7 PAUSED and Phase8 forbidden."
STRUCTURAL-REPAIR-TRACE-20261006,derived_dependency_review,STEAM_PC;GOG_PC,reports/STRUCTURAL_REPAIR_BLAST_RADIUS_2026-10-06.csv,3b518a3eaa7d2f966cb82e5147798cd1662a02e7a8a555609ccef7c7a791b931,81930,Audit30 dependency IDs plus split assertions in exactly four bounded downstream reliance classes.,DERIVED_REVIEW,"Derived only; raw PE/ASM authoritative, semantic ledgers/history/all88 guards conserved; complete callable universe UNKNOWN; Phase7 PAUSED and Phase8 forbidden."
TARGETED-PHASE16-PRIMARY-20261006,derived_primary_revalidation,STEAM_PC;GOG_PC,structural/revalidation_2026-10-06/PRIMARY_ACQUISITION.json,660695e1e213ab7aa49c4f3cdb96c6d6446996028e4f8917c92d72427a4050e1,2997,Exactbuild-localdispatcher/returninghelper/116initializer membershipwithPEbytechecks; originaldisplayindirectcountcorrectedbydependencyreceipt,DERIVED_PRIMARY_STATIC,Separateonebatchauthority; ten sealed semanticledgers/baseline/history/all88guards conserved; Phase7PAUSED/Phase8forbidden; finalvalidation separate
TARGETED-PHASE16-DEPENDENCIES-20261006,derived_primary_dependencies,STEAM_PC;GOG_PC,structural/revalidation_2026-10-06/DEPENDENCY_ACQUISITION.json,de1789d95eddb8a5f4bbf8687007367c31253dcdd10fec4ade49f786809d6caa,3871,Explicitchangeddependencycontract/rawCDemotype/receiverboundaries; correct90direct+9indirectdispatchercounts,DERIVED_PRIMARY_STATIC,Separateonebatchauthority; ten sealed semanticledgers/baseline/history/all88guards conserved; Phase7PAUSED/Phase8forbidden; finalvalidation separate
TARGETED-PHASE16-OVERLAY-20261006,derived_semantic_revalidation_overlay,STEAM_PC;GOG_PC,structural/revalidation_2026-10-06/MANIFEST.json,bf4132f167fc4d265952bb57858944fca940794fd62ff88c2da85d33463871bf,7780,Source-bound14claims/16dispositions/143functionrows/232initializerroots; changedselectionandNOT_RECONFIRMEDcorrected sufficiency,DERIVED_REVIEW,Separateonebatchauthority; ten sealed semanticledgers/baseline/history/all88guards conserved; Phase7PAUSED/Phase8forbidden; finalvalidation separate
RESIDUAL-PHASE6-PRIMARY-20261007,derived_primary_residual_review,STEAM_PC;GOG_PC,structural/residual_sufficiency_2026-10-06/INDEPENDENT_DECODE_V2.json,5dc8d0a3780eae948429e88ad4ca3777613d2ce33b5e650898f90fb41edebd5d,5337,70 exact fragments/6900 instructions/25534 PEbytes independently GNU decoded; build-local scope and63 finite primary tests,DERIVED_PRIMARY_STATIC,"Separate authorized residual scope; sealed baseline/seq225/ten semantic ledgers/all88/history preserved; Phase7 PAUSED, Phase8 forbidden; final validation separate"
RESIDUAL-PHASE6-DECISION-20261007,derived_residual_necessity_review,STEAM_PC;GOG_PC,reports/CORRECTED_PHASE6_RESIDUAL_SUFFICIENCY_2026-10-07.md,be92ffa4433cd87afd7b90699cf8d757dfb56ec3b4c2c506d3794f51304ce51b,13177,"CPut cohort/progress/provider material connection; reviewed corrected convergence contradicted at SI; DO_NOT_RENEW, full sufficiency UNKNOWN",DERIVED_REVIEW,"Separate authorized residual scope; sealed baseline/seq225/ten semantic ledgers/all88/history preserved; Phase7 PAUSED, Phase8 forbidden; final validation separate"
RESIDUAL-PHASE6-OVERLAY-20261007,derived_semantic_residual_overlay,STEAM_PC;GOG_PC,structural/residual_sufficiency_2026-10-06/MANIFEST.json,6c99cf9037a3eaf2fc001dd1461ec94ad72e180bf91d2efdda885f7a0b87e1dd,12390,Source-bound20claims/357functionrows/1619entry admission register; scoped roots/consumers/control negatives and dispositions,DERIVED_REVIEW,"Separate authorized residual scope; sealed baseline/seq225/ten semantic ledgers/all88/history preserved; Phase7 PAUSED, Phase8 forbidden; final validation separate"
CROSS-PHASE-AUDIT-REPORT-20261007,derived_cross_phase_consistency_audit,STEAM_PC;GOG_PC,reports/CROSS_PHASE_CONSISTENCY_AUDIT_2026-10-07.md,8c31eb05fcbb37cbbc8d858ed71d25f0c4fc71d749dbdca2e664b81d1a136984,27146,"Six phase dispositions, surviving architecture, retired/weakened conclusions, finite prerequisites and conditional Phase7 recommendation",DERIVED_REVIEW,Bounded audit from validatedcheckpoint229/baseline_v7 and both completed overlays; exact local scopes/all88 conserved; DO_NOT_RENEW Phase6 sufficiency; Phase7PAUSED/Phase8forbidden; final source/control validation separate
CROSS-PHASE-AUDIT-DISPOSITIONS-20261007,derived_cross_phase_dependency_dispositions,STEAM_PC;GOG_PC,audit/cross_phase_2026-10-07/TRACE_DISPOSITION_LEDGER.csv,69353a23ac66b98ae1b0663f479fbf4b1c51be909c203606c17d386330fb0de4,111264,55 inherited assertions conserved with source-qualified current dispositions; major32 claim and sixphase companion registers,DERIVED_REVIEW,Bounded audit from validatedcheckpoint229/baseline_v7 and both completed overlays; exact local scopes/all88 conserved; DO_NOT_RENEW Phase6 sufficiency; Phase7PAUSED/Phase8forbidden; final source/control validation separate
CROSS-PHASE-AUDIT-OVERLAY-20261007,derived_cross_phase_semantic_authority_overlay,STEAM_PC;GOG_PC,audit/cross_phase_2026-10-07/MANIFEST.json,3fec614314ca1699d173b9e0769194852d89761dd912569062d9acb6027963b2,5254,Source-bound review/phase/claim/trace/supersession/citation packet; four manifest-bound aliases for13 RS rows; no sealed semantic input rewrite,DERIVED_REVIEW,Bounded audit from validatedcheckpoint229/baseline_v7 and both completed overlays; exact local scopes/all88 conserved; DO_NOT_RENEW Phase6 sufficiency; Phase7PAUSED/Phase8forbidden; final source/control validation separate
PHASE7-RELIANCE-RESET-QUALITY-STOP-20261007,derived_governance_reset,STEAM_PC;GOG_PC,reports/PHASE7_RELIANCE_RESET_QUALITY_STOP_2026-10-07.md,985ebbe03766e28714ad4a608a966e764db4df3ba47a92e6cf5f9942a3431f25,11256,Source-bound reliance reset and selected C0117 NOT_TESTED quality-stop handoff,DERIVED_REVIEW,No new primary semantic examination; no independent reviewers started; PAUSED; DO_NOT_RENEW/all88 preserved
PHASE7-C0117-PRIMARY-20261007,derived_primary_check,STEAM_PC;GOG_PC,audit/phase7_c0117_2026-10-07/PRIMARY_CHECKS_ACCEPTED.json,34f758d6d85968bbcc021e5d8df4bcabb4e88050add9e23bbb50b89f2e42bf1a,446101,Fresh100 exact-fragment PE/ASM CFG and operand checks in Steam/GOG,DERIVED_PRIMARY_STATIC,No liveness/cadence/completeness promotion; exact scoped primary evidence and limits in report.
PHASE7-C0117-FINDINGS-20261007,reconciled_findings,STEAM_PC;GOG_PC,findings/boundaries/phase7_c0117_exact_fragment_falsification.md,f0d2b68bca7173d532fcc8fa70034b04f90732d6cdc30b538c697245d983229b,9699,C0117/BND-085 qualified finite normal-return survival; repeat/allocation/identity limits,DERIVED_PRIMARY_STATIC,No liveness/cadence/completeness promotion; exact scoped primary evidence and limits in report.
PHASE7-EVENT-PRIMARY-20261007,derived_primary_check,STEAM_PC,audit/phase7_event_2026-10-07/PRIMARY_ACCEPTED.json,8aa06beabb34adedeb9b35063fb45b404d0251d04f35657668ad41c9b5705dc3,212453,45 finiteSteam PE/ASM Event transport/type/reset/dispatch checks; exactsourcechannels,DERIVED_PRIMARY_STATIC,NoGOG/runtime/sufficiency/fullcallerreachabilitypromotion; seeexplicitlimits.
PHASE7-EVENT-FINDINGS-20261007,reconciled_findings,STEAM_PC,findings/boundaries/phase7_event_organizer_falsification.md,60c9787710dd88e3ebb2f1d07e5e993a32d573e4d911a5d852d00b3f1c1e36dd,11009,C0242/C0245/BND234 survival withindependenttypeanchor; currentcontroller/owner/scheduling unproved,DERIVED_PRIMARY_STATIC,NoGOG/runtime/sufficiency/fullcallerreachabilitypromotion; seeexplicitlimits.
PHASE7-CORE-BATCH-PRIMARY-20261007,derived_primary_check,STEAM_PC;GOG_PC,audit/phase7_core_batch_2026-10-07/PRIMARY_ACCEPTED.json,6daea3643e699907fda6e839f55dec016e8db30f14b0f5c000bbb8387f6cec3f,546397,49 finite primary Core checks/708instructions/2513bytes;707originalASM plusone7bytePE/reconstructed-only instruction; explicitsyntheticmodel scope,DERIVED_PRIMARY_STATIC,Perclaim/build/source scopes mandatory; no reviewer/runtime/currentness/sufficiency promotion.
PHASE7-CORE-BATCH-FINDINGS-20261007,reconciled_findings,STEAM_PC;GOG_PC,findings/boundaries/phase7_core_composition_extended_falsification.md,730ccd42e01dc69a93ffbc4d997267caca0d48b0d9c0552be7e3bc68f7becb00,16018,Four selectedqualifiedsurvivals; finite stronger-reliance counterexamples/retirements; separateSteam/GOG constructor scope,DERIVED_PRIMARY_STATIC,Perclaim/build/source scopes mandatory; no reviewer/runtime/currentness/sufficiency promotion.
PHASE7-CORE-BATCH-COMPANION-20261007,derived_qualification_overlay,STEAM_PC;GOG_PC,audit/phase7_core_batch_2026-10-07/QUALIFICATION_MANIFEST.json,405b2d48f6d4dbe6f74bb3287a654737c0e394be061683eb21b82d0120fef321,6267,14qualifiedcanonicalrowcopies/sixfinite supportingfacts/twostructuralhomologies; canonicaltensemanticledgersunchanged,DERIVED_PRIMARY_STATIC,Perclaim/build/source scopes mandatory; no reviewer/runtime/currentness/sufficiency promotion.
PHASE7-CAMPAIGN-PRIMARY-20261007,derived_primary_index,STEAM_PC;GOG_PC,audit/phase7_campaign_2026-10-07/PRIMARY_INDEX.json,2052a867542b4b5e35dea61c0e8a9a8939219404d397dcaa37947015d4a48a9b,5195,"Seven versioned acquisitions/nine finite receipts;13,109 unique instructions/46,356bytes/484checks, explicit source channels",DERIVED_PRIMARY_STATIC,No runtime/currentness/lifetime/completeness promotion; sealed primary evidence and prior controls retained.
PHASE7-CAMPAIGN-MAP-20261007,reconciled_architecture,STEAM_PC;GOG_PC,maps/PHASE7_MULTIFRONTIER_RECONCILIATION_LIMITS.md,21938d59fedf01cf9d74186811d92a94b7785a87210b056f34664f8756f612b5,11698,Six distinct architectural frontiers; C0098 dependency-changing contradiction and exact correction blast radius,DERIVED_PRIMARY_STATIC,No runtime/currentness/lifetime/completeness promotion; sealed primary evidence and prior controls retained.
PHASE7-CAMPAIGN-COMPANIONS-20261007,derived_reconciliation_overlay,STEAM_PC;GOG_PC,audit/phase7_campaign_2026-10-07/QUALIFICATION_MANIFEST.json,441985a2df4145386fce1a6df822372a932ac0e198e0773044b2807542be5f9c,85886,32 component-specific canonical-row companions/eight finite claims/five homologies; ten semantic ledgers sealed,DERIVED_PRIMARY_STATIC,No runtime/currentness/lifetime/completeness promotion; sealed primary evidence and prior controls retained.
PHASE7-CAMPAIGN-REVIEW-20261007,advisory_model_review,STEAM_PC;GOG_PC,audit/phase7_campaign_2026-10-07/REVIEW_RECORDS.json,35d4dcd32dfc83df21ecf61fbd2bfb3619e0d5c2c6808c782aa5439d5d328ba0,146487,Three ordinary reviewers reused; main independent primary reconciliation mandatory; worktree launch deviation excluded from evidence,ADVISORY_MODEL_OUTPUT,No runtime/currentness/lifetime/completeness promotion; sealed primary evidence and prior controls retained.
PHASE7-CAMPAIGN-P7X01-FINDINGS-20261007,reconciled_findings,STEAM_PC;GOG_PC,findings/boundaries/phase7_tracker_retirement_falsification.md,b80507c1f72bfa858c14290a36a408e74dd2bd8b6c07e56cfccfcda9a1f60f19,7351,P7X01 finite architectural falsification disposition; primary/model/build scope mandatory,DERIVED_PRIMARY_STATIC,No runtime/currentness/lifetime/completeness promotion; sealed primary evidence and prior controls retained.
PHASE7-CAMPAIGN-P7X02-FINDINGS-20261007,reconciled_findings,STEAM_PC;GOG_PC,findings/boundaries/phase7_timer_fixed_word_falsification.md,77f03bf1103d9a4870906d4918f5e7e753b3d3360001efae757b6b9a34d1a6de,7846,P7X02 finite architectural falsification disposition; primary/model/build scope mandatory,DERIVED_PRIMARY_STATIC,No runtime/currentness/lifetime/completeness promotion; sealed primary evidence and prior controls retained.
PHASE7-CAMPAIGN-P7X03-FINDINGS-20261007,reconciled_findings,STEAM_PC;GOG_PC,findings/boundaries/phase7_factory_transport_registration_falsification.md,2e23d52860a71f4327d8cebf9f934290e5e8d94b68dbc7dfb748927f26e9c183,10408,P7X03 finite architectural falsification disposition; primary/model/build scope mandatory,DERIVED_PRIMARY_STATIC,No runtime/currentness/lifetime/completeness promotion; sealed primary evidence and prior controls retained.
PHASE7-CAMPAIGN-P7X04-FINDINGS-20261007,reconciled_findings,STEAM_PC;GOG_PC,findings/boundaries/phase7_save_transaction_falsification.md,ddd1ac47912317d685d2c4669576dbb9b3de167d669667ef2784fbbcc1dbd08c,8749,P7X04 finite architectural falsification disposition; primary/model/build scope mandatory,DERIVED_PRIMARY_STATIC,No runtime/currentness/lifetime/completeness promotion; sealed primary evidence and prior controls retained.
PHASE7-CAMPAIGN-P7X05-FINDINGS-20261007,reconciled_findings,STEAM_PC;GOG_PC,findings/boundaries/phase7_resource_request_completion_falsification.md,0a95fe6ef3d561019ee8cee2164544daae2aec9ef2e571c8682d9772531da78a,8899,P7X05 finite architectural falsification disposition; primary/model/build scope mandatory,DERIVED_PRIMARY_STATIC,No runtime/currentness/lifetime/completeness promotion; sealed primary evidence and prior controls retained.
PHASE7-CAMPAIGN-P7X06-FINDINGS-20261007,reconciled_findings,STEAM_PC;GOG_PC,findings/boundaries/phase7_renderer_descriptor_reset_falsification.md,72154cede06ca8b326b25feed9aee70d916c1b791af1a7eb1f6485c5b7050105,9710,P7X06 finite architectural falsification disposition; primary/model/build scope mandatory,DERIVED_PRIMARY_STATIC,No runtime/currentness/lifetime/completeness promotion; sealed primary evidence and prior controls retained.
RDR-PRIMARY-20261007,derived_primary_index,STEAM_PC;GOG_PC,audit/renderer_dependency_2026-10-07/PRIMARY_INDEX.json,c666b655975458bf043286a1761c18a87386fa52ddaceb82b8f126c31b618d06,1154,Focused C0098 dependency reconciliation; exact primary/model/semantic scope in bound artifact,DERIVED_PRIMARY_STATIC,No runtime/currentness/ownership/safety/population or sufficiency promotion; sealed source/history/controls/all88 retained.
RDR-FINDINGS-20261007,reconciled_findings,STEAM_PC;GOG_PC,findings/boundaries/c0098_storage_dependency_reconciliation.md,cf654626803e5e13843c9f1ccb0aa212d1ea8227f4bce55c311d9081c439ac24,15694,Focused C0098 dependency reconciliation; exact primary/model/semantic scope in bound artifact,DERIVED_PRIMARY_STATIC,No runtime/currentness/ownership/safety/population or sufficiency promotion; sealed source/history/controls/all88 retained.
RDR-MAP-20261007,reconciled_reliance_map,STEAM_PC;GOG_PC,maps/RENDERER_C0098_DEPENDENCY_RELIANCE.md,e770f2f673ace8e6a9ee05ff0618ff6649c08d5530da5dd0481792a7fb187e4e,6986,Focused C0098 dependency reconciliation; exact primary/model/semantic scope in bound artifact,DERIVED_PRIMARY_STATIC,No runtime/currentness/ownership/safety/population or sufficiency promotion; sealed source/history/controls/all88 retained.
RDR-BLAST-20261007,derived_dependency_accounting,STEAM_PC;GOG_PC,audit/renderer_dependency_2026-10-07/BLAST_RADIUS.json,be41dce2cfe2cdba9f135133331996f2ae55780da24ceb722ee3e7778ca59735,48411,Focused C0098 dependency reconciliation; exact primary/model/semantic scope in bound artifact,DERIVED_PRIMARY_STATIC,No runtime/currentness/ownership/safety/population or sufficiency promotion; sealed source/history/controls/all88 retained.
RDR-CONTRACT-20261007,reconciled_reliance_contract,STEAM_PC;GOG_PC,audit/renderer_dependency_2026-10-07/RELIANCE_CONTRACT.json,27aa94f8f25a1855344aff8f1949c9d24ad48fb0a2fa69a9c5bb8b42827b18e1,3275,Focused C0098 dependency reconciliation; exact primary/model/semantic scope in bound artifact,DERIVED_PRIMARY_STATIC,No runtime/currentness/ownership/safety/population or sufficiency promotion; sealed source/history/controls/all88 retained.
RDR-COMPANIONS-20261007,derived_reconciliation_overlay,STEAM_PC;GOG_PC,audit/renderer_dependency_2026-10-07/QUALIFICATION_MANIFEST.json,573981dcace34b880b7408e8d88b3e98dc1648cf6cda800d19b9a118a8a30f98,39798,Focused C0098 dependency reconciliation; exact primary/model/semantic scope in bound artifact,DERIVED_PRIMARY_STATIC,No runtime/currentness/ownership/safety/population or sufficiency promotion; sealed source/history/controls/all88 retained.
RDR-REVIEW-20261007,advisory_model_review,STEAM_PC;GOG_PC,audit/renderer_dependency_2026-10-07/REVIEW_RECORDS.json,64773df12f565404154d12a99eae880c01c175a570b1b0541b367443ebf7ea3b,1242,Focused C0098 dependency reconciliation; exact primary/model/semantic scope in bound artifact,ADVISORY_MODEL_OUTPUT,No runtime/currentness/ownership/safety/population or sufficiency promotion; sealed source/history/controls/all88 retained.
P7ARCH-A01-01-20261007,primary_finite_acquisition,GOG_PC;STEAM_PC,audit/phase7_architecture_2026-10-07/A01_PRIMARY.json,83b515092ee67971641b19125cb6146275e1a421ba2d1968818446f31a233dea,1242139,Phase7 A01 MEDIA_COMPLETION_ATTRIBUTION: QUALIFIED_SURVIVAL,PRIMARY_STATIC_DERIVED,No runtime/success/ownership/generation/all-population/sufficiency promotion; model counterexamples distinct from primary operands.
P7ARCH-A01-02-20261007,primary_finite_acquisition,GOG_PC;STEAM_PC,audit/phase7_architecture_2026-10-07/A01B_PRIMARY.json,910c8973566b3baccd2e448fc749db98baa7200cf56e555bc2a491614406967d,637774,Phase7 A01 MEDIA_COMPLETION_ATTRIBUTION: QUALIFIED_SURVIVAL,PRIMARY_STATIC_DERIVED,No runtime/success/ownership/generation/all-population/sufficiency promotion; model counterexamples distinct from primary operands.
P7ARCH-A01-03-20261007,scoped_semantic_companion,GOG_PC;STEAM_PC,audit/phase7_architecture_2026-10-07/A01_DISPOSITION.json,fa45d9459cf8bfa49cc8df5152edcb67ecee80c08f3f0e93c7cac9e3b1ec98d1,4263,Phase7 A01 MEDIA_COMPLETION_ATTRIBUTION: QUALIFIED_SURVIVAL,RECONCILED_SCOPED_INFERENCE,No runtime/success/ownership/generation/all-population/sufficiency promotion; model counterexamples distinct from primary operands.
P7ARCH-A01-04-20261007,scoped_semantic_companion,GOG_PC;STEAM_PC,findings/boundaries/phase7_architecture_a01_falsification.md,d93218a984a4af6861a1a4307154459ce6ef5d537f421f7df8788b7770d9fd28,4694,Phase7 A01 MEDIA_COMPLETION_ATTRIBUTION: QUALIFIED_SURVIVAL,RECONCILED_SCOPED_INFERENCE,No runtime/success/ownership/generation/all-population/sufficiency promotion; model counterexamples distinct from primary operands.
P7ARCH-A02-01-20261007,primary_finite_acquisition,GOG_PC;STEAM_PC,audit/phase7_architecture_2026-10-07/A02_PRIMARY.json,09f9de86254e8779710902ed9b8b07d1bbc9ee9a221f2fe855abd5810da4d97c,672576,Phase7 A02 SCENE_MEMBERSHIP_COHERENCE: QUALIFIED_SURVIVAL,PRIMARY_STATIC_DERIVED,No runtime/success/ownership/generation/all-population/sufficiency promotion; model counterexamples distinct from primary operands.
P7ARCH-A02-02-20261007,primary_finite_acquisition,GOG_PC;STEAM_PC,audit/phase7_architecture_2026-10-07/A02B_PRIMARY.json,cef642d79f3b09514a3c04dbdc4d9b34bbdf7de8e82fc203e102ac64d8e13243,83641,Phase7 A02 SCENE_MEMBERSHIP_COHERENCE: QUALIFIED_SURVIVAL,PRIMARY_STATIC_DERIVED,No runtime/success/ownership/generation/all-population/sufficiency promotion; model counterexamples distinct from primary operands.
P7ARCH-A02-03-20261007,scoped_semantic_companion,GOG_PC;STEAM_PC,audit/phase7_architecture_2026-10-07/A02_DISPOSITION.json,17b1643c3452d4d125065915c89baede73b649428d1cc9a2f6d4b8ce29d9f1fb,4073,Phase7 A02 SCENE_MEMBERSHIP_COHERENCE: QUALIFIED_SURVIVAL,RECONCILED_SCOPED_INFERENCE,No runtime/success/ownership/generation/all-population/sufficiency promotion; model counterexamples distinct from primary operands.
P7ARCH-A02-04-20261007,scoped_semantic_companion,GOG_PC;STEAM_PC,findings/boundaries/phase7_architecture_a02_falsification.md,bbd1fce05e6a8d3064200d450f9d76ff1f9d179b3fc7fb755f0ffcdbff4a70a0,4735,Phase7 A02 SCENE_MEMBERSHIP_COHERENCE: QUALIFIED_SURVIVAL,RECONCILED_SCOPED_INFERENCE,No runtime/success/ownership/generation/all-population/sufficiency promotion; model counterexamples distinct from primary operands.
P7ARCH-A03-01-20261007,primary_finite_acquisition,GOG_PC;STEAM_PC,audit/phase7_architecture_2026-10-07/A03_PRIMARY.json,65fc2f95e0e56c30bd57965887cfae36ba894cd020a515091d1ead5171c530f7,872213,Phase7 A03 ANIMATION_RESOURCE_PUBLICATION: QUALIFIED_SURVIVAL,PRIMARY_STATIC_DERIVED,No runtime/success/ownership/generation/all-population/sufficiency promotion; model counterexamples distinct from primary operands.
P7ARCH-A03-02-20261007,primary_finite_acquisition,GOG_PC;STEAM_PC,audit/phase7_architecture_2026-10-07/A03B_PRIMARY.json,954825b655ac872329c5cad96ee3ca47f887cd5844b4a1afab7fa1159d5c4db2,178972,Phase7 A03 ANIMATION_RESOURCE_PUBLICATION: QUALIFIED_SURVIVAL,PRIMARY_STATIC_DERIVED,No runtime/success/ownership/generation/all-population/sufficiency promotion; model counterexamples distinct from primary operands.
P7ARCH-A03-03-20261007,scoped_semantic_companion,GOG_PC;STEAM_PC,audit/phase7_architecture_2026-10-07/A03_DISPOSITION.json,7243454752eeaa0700f35736caf3d96f52f61dd6e3bb6b6f395c6d46aec28329,4480,Phase7 A03 ANIMATION_RESOURCE_PUBLICATION: QUALIFIED_SURVIVAL,RECONCILED_SCOPED_INFERENCE,No runtime/success/ownership/generation/all-population/sufficiency promotion; model counterexamples distinct from primary operands.
P7ARCH-A03-04-20261007,scoped_semantic_companion,GOG_PC;STEAM_PC,findings/boundaries/phase7_architecture_a03_falsification.md,1a79192baf4ca33503371f8932787335a758a665c345dd5ba44c944121f1dd42,4931,Phase7 A03 ANIMATION_RESOURCE_PUBLICATION: QUALIFIED_SURVIVAL,RECONCILED_SCOPED_INFERENCE,No runtime/success/ownership/generation/all-population/sufficiency promotion; model counterexamples distinct from primary operands.
P7ARCH-A04-01-20261007,primary_finite_acquisition,GOG_PC;STEAM_PC,audit/phase7_architecture_2026-10-07/A04_PRIMARY.json,97d179a50dee525a07d481286db8671b5b960eae64227badaa9ac231b857fb19,678207,Phase7 A04 DEFERRED_RESOURCE_CALLBACK_RETIREMENT: QUALIFIED_SURVIVAL,PRIMARY_STATIC_DERIVED,No runtime/success/ownership/generation/all-population/sufficiency promotion; model counterexamples distinct from primary operands.
P7ARCH-A04-02-20261007,scoped_semantic_companion,GOG_PC;STEAM_PC,audit/phase7_architecture_2026-10-07/A04_DISPOSITION.json,70641446e25321de46f7e3e094f6a68337e0f29d284d38f107f095402c24287f,4342,Phase7 A04 DEFERRED_RESOURCE_CALLBACK_RETIREMENT: QUALIFIED_SURVIVAL,RECONCILED_SCOPED_INFERENCE,No runtime/success/ownership/generation/all-population/sufficiency promotion; model counterexamples distinct from primary operands.
P7ARCH-A04-03-20261007,scoped_semantic_companion,GOG_PC;STEAM_PC,findings/boundaries/phase7_architecture_a04_falsification.md,12138c1b1500cd0d3489af151aa12881519018ba4437324e1fe89259c7496d77,4896,Phase7 A04 DEFERRED_RESOURCE_CALLBACK_RETIREMENT: QUALIFIED_SURVIVAL,RECONCILED_SCOPED_INFERENCE,No runtime/success/ownership/generation/all-population/sufficiency promotion; model counterexamples distinct from primary operands.
P7ARCH-A05-01-20261007,primary_finite_acquisition,GOG_PC;STEAM_PC,audit/phase7_architecture_2026-10-07/A05_PRIMARY.json,b17a17e722fd7676eb1d5ee69e3142768089e43df75af4cc5dafa9afc9dd74b3,411618,Phase7 A05 AUDIO_TOKEN_EPOCH_AND_INSTANCE_IDENTITY: QUALIFIED_SURVIVAL,PRIMARY_STATIC_DERIVED,No runtime/success/ownership/generation/all-population/sufficiency promotion; model counterexamples distinct from primary operands.
P7ARCH-A05-02-20261007,scoped_semantic_companion,GOG_PC;STEAM_PC,audit/phase7_architecture_2026-10-07/A05_DISPOSITION.json,48819130953d78b7cf064ae4b9b79f2c8b5b1498fc840ceaaaea2b5736643af7,4188,Phase7 A05 AUDIO_TOKEN_EPOCH_AND_INSTANCE_IDENTITY: QUALIFIED_SURVIVAL,RECONCILED_SCOPED_INFERENCE,No runtime/success/ownership/generation/all-population/sufficiency promotion; model counterexamples distinct from primary operands.
P7ARCH-A05-03-20261007,scoped_semantic_companion,GOG_PC;STEAM_PC,findings/boundaries/phase7_architecture_a05_falsification.md,fd8f41f26d1af61c8bfe6682a70e704b03b011657bc674ec7114bab04f58c161,4748,Phase7 A05 AUDIO_TOKEN_EPOCH_AND_INSTANCE_IDENTITY: QUALIFIED_SURVIVAL,RECONCILED_SCOPED_INFERENCE,No runtime/success/ownership/generation/all-population/sufficiency promotion; model counterexamples distinct from primary operands.
P7ARCH-A06-01-20261007,primary_finite_acquisition,GOG_PC;STEAM_PC,audit/phase7_architecture_2026-10-07/A06V2_PRIMARY.json,555a564aeeba623aeae6db8c3c20f647345a662130400ffa9873e204a56d895c,4887040,Phase7 A06 CAMERA_MODE9_NON_GENERIC_SCHEDULING: QUALIFIED_SURVIVAL,PRIMARY_STATIC_DERIVED,No runtime/success/ownership/generation/all-population/sufficiency promotion; model counterexamples distinct from primary operands.
P7ARCH-A06-02-20261007,scoped_semantic_companion,GOG_PC;STEAM_PC,audit/phase7_architecture_2026-10-07/A06_DISPOSITION.json,db98f97231288c01e7895ccac542a699db5ac5f4f43f050722344c17f3cdd746,3912,Phase7 A06 CAMERA_MODE9_NON_GENERIC_SCHEDULING: QUALIFIED_SURVIVAL,RECONCILED_SCOPED_INFERENCE,No runtime/success/ownership/generation/all-population/sufficiency promotion; model counterexamples distinct from primary operands.
P7ARCH-A06-03-20261007,scoped_semantic_companion,GOG_PC;STEAM_PC,findings/boundaries/phase7_architecture_a06_falsification.md,0be31f31028a26d009205e91c70b3474cb415b55a36d5c1b92b479b28c72e430,4552,Phase7 A06 CAMERA_MODE9_NON_GENERIC_SCHEDULING: QUALIFIED_SURVIVAL,RECONCILED_SCOPED_INFERENCE,No runtime/success/ownership/generation/all-population/sufficiency promotion; model counterexamples distinct from primary operands.
P7ARCH-A07-01-20261007,primary_finite_acquisition,GOG_PC;STEAM_PC,audit/phase7_architecture_2026-10-07/A07V3_PRIMARY.json,ef67f8e581948bfad21c99d374f2f0b92b0f9312078501509ff7d2b86ec2ced2,449457,Phase7 A07 SYNCHRONOUS_PHYSICS_RESULT_AUTHORITY: QUALIFIED_SURVIVAL,PRIMARY_STATIC_DERIVED,No runtime/success/ownership/generation/all-population/sufficiency promotion; model counterexamples distinct from primary operands.
P7ARCH-A07-02-20261007,scoped_semantic_companion,GOG_PC;STEAM_PC,audit/phase7_architecture_2026-10-07/A07_DISPOSITION.json,f94f2c2609951af43f08ad90d12e75e1698b72a1821290778b936bbc4c7db6de,4220,Phase7 A07 SYNCHRONOUS_PHYSICS_RESULT_AUTHORITY: QUALIFIED_SURVIVAL,RECONCILED_SCOPED_INFERENCE,No runtime/success/ownership/generation/all-population/sufficiency promotion; model counterexamples distinct from primary operands.
P7ARCH-A07-03-20261007,scoped_semantic_companion,GOG_PC;STEAM_PC,findings/boundaries/phase7_architecture_a07_falsification.md,3fd561bebef0397a9936a027373bceadf9babf7502627aa4e7b3fa441337b412,4774,Phase7 A07 SYNCHRONOUS_PHYSICS_RESULT_AUTHORITY: QUALIFIED_SURVIVAL,RECONCILED_SCOPED_INFERENCE,No runtime/success/ownership/generation/all-population/sufficiency promotion; model counterexamples distinct from primary operands.
P7ARCH-A08-01-20261007,primary_finite_acquisition,GOG_PC;STEAM_PC,audit/phase7_architecture_2026-10-07/A08_PRIMARY.json,27ac64cb5432ad2557b291f293d86e1f2504a622e2afa98dbee9ec824075deea,780076,Phase7 A08 NATIVE_UI_RECORD_SELECTOR_AND_CACHE_DOMAINS: QUALIFIED_SURVIVAL,PRIMARY_STATIC_DERIVED,No runtime/success/ownership/generation/all-population/sufficiency promotion; model counterexamples distinct from primary operands.
P7ARCH-A08-02-20261007,primary_finite_acquisition,GOG_PC;STEAM_PC,audit/phase7_architecture_2026-10-07/A08B_PRIMARY.json,2a173e61629e659cc6eda5f1258252c7969f399ecc7a021a3b2f9e7e187b96a2,24835,Phase7 A08 NATIVE_UI_RECORD_SELECTOR_AND_CACHE_DOMAINS: QUALIFIED_SURVIVAL,PRIMARY_STATIC_DERIVED,No runtime/success/ownership/generation/all-population/sufficiency promotion; model counterexamples distinct from primary operands.
P7ARCH-A08-03-20261007,scoped_semantic_companion,GOG_PC;STEAM_PC,audit/phase7_architecture_2026-10-07/A08_DISPOSITION.json,cfee6ed9da6505bf88352dd308d82e17b2ca28f2a47a9002e704733f862e5e41,4018,Phase7 A08 NATIVE_UI_RECORD_SELECTOR_AND_CACHE_DOMAINS: QUALIFIED_SURVIVAL,RECONCILED_SCOPED_INFERENCE,No runtime/success/ownership/generation/all-population/sufficiency promotion; model counterexamples distinct from primary operands.
P7ARCH-A08-04-20261007,scoped_semantic_companion,GOG_PC;STEAM_PC,findings/boundaries/phase7_architecture_a08_falsification.md,ff64d7a725372024e43cd8bf22363f8f8c28c8d4a5c878b9af8ae3586def3887,4499,Phase7 A08 NATIVE_UI_RECORD_SELECTOR_AND_CACHE_DOMAINS: QUALIFIED_SURVIVAL,RECONCILED_SCOPED_INFERENCE,No runtime/success/ownership/generation/all-population/sufficiency promotion; model counterexamples distinct from primary operands.
P7ARCH-A09-01-20261007,primary_finite_acquisition,GOG_PC;STEAM_PC,audit/phase7_architecture_2026-10-07/A09_PRIMARY.json,f96f1259a419f0888a9704e509d3baf2e964f45a91e27ab613974a33c340d19a,552277,Phase7 A09 PHYSICS_CONTROLLER_SLOT_CREATION_PROVIDER: QUALIFIED_SURVIVAL,PRIMARY_STATIC_DERIVED,No runtime/success/ownership/generation/all-population/sufficiency promotion; model counterexamples distinct from primary operands.
P7ARCH-A09-02-20261007,scoped_semantic_companion,GOG_PC;STEAM_PC,audit/phase7_architecture_2026-10-07/A09_DISPOSITION.json,65043352fcfdaa9deadab3890f7756d9bcec5a153b52193334b0813e5cbb549b,4403,Phase7 A09 PHYSICS_CONTROLLER_SLOT_CREATION_PROVIDER: QUALIFIED_SURVIVAL,RECONCILED_SCOPED_INFERENCE,No runtime/success/ownership/generation/all-population/sufficiency promotion; model counterexamples distinct from primary operands.
P7ARCH-A09-03-20261007,scoped_semantic_companion,GOG_PC;STEAM_PC,findings/boundaries/phase7_architecture_a09_falsification.md,1b4d2f2770bfae7629d6bf9d8ebf257398b5356b9c4fc5863b72e7dfc1b04370,5005,Phase7 A09 PHYSICS_CONTROLLER_SLOT_CREATION_PROVIDER: QUALIFIED_SURVIVAL,RECONCILED_SCOPED_INFERENCE,No runtime/success/ownership/generation/all-population/sufficiency promotion; model counterexamples distinct from primary operands.
P7ARCH-A10-01-20261007,primary_finite_acquisition,GOG_PC;STEAM_PC,audit/phase7_architecture_2026-10-07/A10_PRIMARY.json,65aab9e4124404d0127a96af986d0a3df7bd28a867cccd9d3eae2a29afd3c46b,477611,Phase7 A10 XCA_INTERPOLATOR_INITIALIZATION_GUARANTEES: QUALIFIED_SURVIVAL,PRIMARY_STATIC_DERIVED,No runtime/success/ownership/generation/all-population/sufficiency promotion; model counterexamples distinct from primary operands.
P7ARCH-A10-02-20261007,scoped_semantic_companion,GOG_PC;STEAM_PC,audit/phase7_architecture_2026-10-07/A10_DISPOSITION.json,c4cea4af7627aeea24e3c96dfb115232d3df1718ed7f716313bb488c0108d574,3852,Phase7 A10 XCA_INTERPOLATOR_INITIALIZATION_GUARANTEES: QUALIFIED_SURVIVAL,RECONCILED_SCOPED_INFERENCE,No runtime/success/ownership/generation/all-population/sufficiency promotion; model counterexamples distinct from primary operands.
P7ARCH-A10-03-20261007,scoped_semantic_companion,GOG_PC;STEAM_PC,findings/boundaries/phase7_architecture_a10_falsification.md,5bae54221b8bfdca873879b9b3d69f76e9cd18cd3fbe1c669815b03f6682abe9,4450,Phase7 A10 XCA_INTERPOLATOR_INITIALIZATION_GUARANTEES: QUALIFIED_SURVIVAL,RECONCILED_SCOPED_INFERENCE,No runtime/success/ownership/generation/all-population/sufficiency promotion; model counterexamples distinct from primary operands.
P7ARCH-A11-01-20261007,primary_finite_acquisition,GOG_PC;STEAM_PC,audit/phase7_architecture_2026-10-07/A11_PRIMARY.json,8309cabdbe8d6197c0eea239312381fbd8fb74890f4dc882c1150657fd2ccf13,509152,Phase7 A11 XAM_BINDING_RESOURCE_IDENTITY_AND_STORAGE_OWNERSHIP: QUALIFIED_SURVIVAL,PRIMARY_STATIC_DERIVED,No runtime/success/ownership/generation/all-population/sufficiency promotion; model counterexamples distinct from primary operands.
P7ARCH-A11-02-20261007,scoped_semantic_companion,GOG_PC;STEAM_PC,audit/phase7_architecture_2026-10-07/A11_DISPOSITION.json,8b50c301ca3f23bbd4e323776b99e0f068eb6b3acb4124adb36adfd86b7ee182,4387,Phase7 A11 XAM_BINDING_RESOURCE_IDENTITY_AND_STORAGE_OWNERSHIP: QUALIFIED_SURVIVAL,RECONCILED_SCOPED_INFERENCE,No runtime/success/ownership/generation/all-population/sufficiency promotion; model counterexamples distinct from primary operands.
P7ARCH-A11-03-20261007,scoped_semantic_companion,GOG_PC;STEAM_PC,findings/boundaries/phase7_architecture_a11_falsification.md,7c10031517c8847a1c256769bb162c93f85db9c04ad12807e0214caa0fee68a5,4951,Phase7 A11 XAM_BINDING_RESOURCE_IDENTITY_AND_STORAGE_OWNERSHIP: QUALIFIED_SURVIVAL,RECONCILED_SCOPED_INFERENCE,No runtime/success/ownership/generation/all-population/sufficiency promotion; model counterexamples distinct from primary operands.
P7ARCH-A12-01-20261007,primary_finite_acquisition,GOG_PC;STEAM_PC,audit/phase7_architecture_2026-10-07/A12_PRIMARY.json,164f36898286f61db93863f0240af347658089fdb1261897747a694a09adfb51,19943,Phase7 A12 ACTOR_STATE_POPULATION_AND_HOMOLOGY_COMPLETENESS: QUALIFIED_SURVIVAL,PRIMARY_STATIC_DERIVED,No runtime/success/ownership/generation/all-population/sufficiency promotion; model counterexamples distinct from primary operands.
P7ARCH-A12-02-20261007,scoped_semantic_companion,GOG_PC;STEAM_PC,audit/phase7_architecture_2026-10-07/A12_DISPOSITION.json,79cac2be76a38ec92a95616998c00a0a1c05a97703e0ff9b5167565235d1a5cf,4374,Phase7 A12 ACTOR_STATE_POPULATION_AND_HOMOLOGY_COMPLETENESS: QUALIFIED_SURVIVAL,RECONCILED_SCOPED_INFERENCE,No runtime/success/ownership/generation/all-population/sufficiency promotion; model counterexamples distinct from primary operands.
P7ARCH-A12-03-20261007,scoped_semantic_companion,GOG_PC;STEAM_PC,findings/boundaries/phase7_architecture_a12_falsification.md,a2db6d0eb606818a2447242bfc7fecf6baea60552ef03c661d8d6bc5ed7dbc7b,4930,Phase7 A12 ACTOR_STATE_POPULATION_AND_HOMOLOGY_COMPLETENESS: QUALIFIED_SURVIVAL,RECONCILED_SCOPED_INFERENCE,No runtime/success/ownership/generation/all-population/sufficiency promotion; model counterexamples distinct from primary operands.
P7ARCH-A13-01-20261007,primary_finite_acquisition,GOG_PC;STEAM_PC,audit/phase7_architecture_2026-10-07/A13_PRIMARY.json,dc293e493d2c606b435b1521ce22d5da5bbfae41aeadbca7368aa93912e76155,467489,Phase7 A13 NPC_EVENT2_CONDITIONAL_TYPED_IMPLEMENTATION: QUALIFIED_SURVIVAL,PRIMARY_STATIC_DERIVED,No runtime/success/ownership/generation/all-population/sufficiency promotion; model counterexamples distinct from primary operands.
P7ARCH-A13-02-20261007,primary_finite_acquisition,GOG_PC;STEAM_PC,audit/phase7_architecture_2026-10-07/A13B_PRIMARY.json,5b291ac9b02927b3b1654523e0973aad4cab24e182a75ab1fcf4061075f83713,97741,Phase7 A13 NPC_EVENT2_CONDITIONAL_TYPED_IMPLEMENTATION: QUALIFIED_SURVIVAL,PRIMARY_STATIC_DERIVED,No runtime/success/ownership/generation/all-population/sufficiency promotion; model counterexamples distinct from primary operands.
P7ARCH-A13-03-20261007,primary_finite_acquisition,GOG_PC;STEAM_PC,audit/phase7_architecture_2026-10-07/A13CV2_PRIMARY.json,c8f779356829d52b710877ba75320e8182632a71d70a15e010260645fae06d8d,88444,Phase7 A13 NPC_EVENT2_CONDITIONAL_TYPED_IMPLEMENTATION: QUALIFIED_SURVIVAL,PRIMARY_STATIC_DERIVED,No runtime/success/ownership/generation/all-population/sufficiency promotion; model counterexamples distinct from primary operands.
P7ARCH-A13-04-20261007,primary_finite_acquisition,GOG_PC;STEAM_PC,audit/phase7_architecture_2026-10-07/A13D_PRIMARY.json,0230ba910e693b5baaef1cb79707a2daf45eba72a9fb78454cf0d867baee1f81,104382,Phase7 A13 NPC_EVENT2_CONDITIONAL_TYPED_IMPLEMENTATION: QUALIFIED_SURVIVAL,PRIMARY_STATIC_DERIVED,No runtime/success/ownership/generation/all-population/sufficiency promotion; model counterexamples distinct from primary operands.
P7ARCH-A13-05-20261007,scoped_semantic_companion,GOG_PC;STEAM_PC,audit/phase7_architecture_2026-10-07/A13_DISPOSITION.json,95585dfb202cd2653075c27f17fd4ad0b9897f13f2772986375fde43a2b40dd1,5868,Phase7 A13 NPC_EVENT2_CONDITIONAL_TYPED_IMPLEMENTATION: QUALIFIED_SURVIVAL,RECONCILED_SCOPED_INFERENCE,No runtime/success/ownership/generation/all-population/sufficiency promotion; model counterexamples distinct from primary operands.
P7ARCH-A13-06-20261007,scoped_semantic_companion,GOG_PC;STEAM_PC,findings/boundaries/phase7_architecture_a13_falsification.md,c552e4eaae9cb98ce546f28b9d22fb5768dc44dcfcaeb115d3727e8d44628e37,6372,Phase7 A13 NPC_EVENT2_CONDITIONAL_TYPED_IMPLEMENTATION: QUALIFIED_SURVIVAL,RECONCILED_SCOPED_INFERENCE,No runtime/success/ownership/generation/all-population/sufficiency promotion; model counterexamples distinct from primary operands.
P7ARCH-A14-01-20261007,primary_finite_acquisition,GOG_PC;STEAM_PC,audit/phase7_architecture_2026-10-07/A14_PRIMARY.json,7652d4f8eba01e53c25d59e22efd5a49f7ba674f5a3ebeb80c0e112f7a819326,3407299,Phase7 A14 MODEL_CLEANUP_PACKET_COMPOSITION_AND_FRESHNESS: QUALIFIED_SURVIVAL,PRIMARY_STATIC_DERIVED,No runtime/success/ownership/generation/all-population/sufficiency promotion; model counterexamples distinct from primary operands.
P7ARCH-A14-02-20261007,primary_finite_acquisition,GOG_PC;STEAM_PC,audit/phase7_architecture_2026-10-07/A14B_PRIMARY.json,e18422be3acaf027e97f3aff8c5c03477c3a10fe061dec9d75a2eb572dc8e432,172569,Phase7 A14 MODEL_CLEANUP_PACKET_COMPOSITION_AND_FRESHNESS: QUALIFIED_SURVIVAL,PRIMARY_STATIC_DERIVED,No runtime/success/ownership/generation/all-population/sufficiency promotion; model counterexamples distinct from primary operands.
P7ARCH-A14-03-20261007,primary_finite_acquisition,GOG_PC;STEAM_PC,audit/phase7_architecture_2026-10-07/A14C_PRIMARY.json,2936de618ff3b7353649cbdca12be10ace7e8c47003ff17cac5ac83afd462b9c,79599,Phase7 A14 MODEL_CLEANUP_PACKET_COMPOSITION_AND_FRESHNESS: QUALIFIED_SURVIVAL,PRIMARY_STATIC_DERIVED,No runtime/success/ownership/generation/all-population/sufficiency promotion; model counterexamples distinct from primary operands.
P7ARCH-A14-04-20261007,primary_finite_acquisition,GOG_PC;STEAM_PC,audit/phase7_architecture_2026-10-07/A03_PRIMARY.json,65fc2f95e0e56c30bd57965887cfae36ba894cd020a515091d1ead5171c530f7,872213,Phase7 A14 MODEL_CLEANUP_PACKET_COMPOSITION_AND_FRESHNESS: QUALIFIED_SURVIVAL,PRIMARY_STATIC_DERIVED,No runtime/success/ownership/generation/all-population/sufficiency promotion; model counterexamples distinct from primary operands.
P7ARCH-A14-05-20261007,primary_finite_acquisition,GOG_PC;STEAM_PC,audit/phase7_architecture_2026-10-07/A03B_PRIMARY.json,954825b655ac872329c5cad96ee3ca47f887cd5844b4a1afab7fa1159d5c4db2,178972,Phase7 A14 MODEL_CLEANUP_PACKET_COMPOSITION_AND_FRESHNESS: QUALIFIED_SURVIVAL,PRIMARY_STATIC_DERIVED,No runtime/success/ownership/generation/all-population/sufficiency promotion; model counterexamples distinct from primary operands.
P7ARCH-A14-06-20261007,scoped_semantic_companion,GOG_PC;STEAM_PC,audit/phase7_architecture_2026-10-07/A14_DISPOSITION.json,4c9a0d9bcbb5fbedece9acae5086a393e5fd61ca117e9e1ee9ecede734d75c46,5020,Phase7 A14 MODEL_CLEANUP_PACKET_COMPOSITION_AND_FRESHNESS: QUALIFIED_SURVIVAL,RECONCILED_SCOPED_INFERENCE,No runtime/success/ownership/generation/all-population/sufficiency promotion; model counterexamples distinct from primary operands.
P7ARCH-A14-07-20261007,scoped_semantic_companion,GOG_PC;STEAM_PC,findings/boundaries/phase7_architecture_a14_falsification.md,e20574f19f9d4fb221bf3d0d7774389757871afa897d4826cc3ee847e02bfa0d,5722,Phase7 A14 MODEL_CLEANUP_PACKET_COMPOSITION_AND_FRESHNESS: QUALIFIED_SURVIVAL,RECONCILED_SCOPED_INFERENCE,No runtime/success/ownership/generation/all-population/sufficiency promotion; model counterexamples distinct from primary operands.
P7ARCH-A15-01-20261007,primary_finite_acquisition,GOG_PC;STEAM_PC,audit/phase7_architecture_2026-10-07/A15_PRIMARY.json,f4cebeecaa1d8d7927a02cbdffcc3ae88dc54f79db75e3943082f6b6b7490a63,514710,Phase7 A15 ACTUATOR_FORMAL_REQUEST_CONSUMPTION_AND_PAIR_ATOMICITY: QUALIFIED_SURVIVAL,PRIMARY_STATIC_DERIVED,No runtime/success/ownership/generation/all-population/sufficiency promotion; model counterexamples distinct from primary operands.
P7ARCH-A15-02-20261007,primary_finite_acquisition,GOG_PC;STEAM_PC,audit/phase7_architecture_2026-10-07/A15B_PRIMARY.json,34b367a5789a2e53e27abff326ff7710168baa1fead9d1cd2a37b8f8faed5d24,1529,Phase7 A15 ACTUATOR_FORMAL_REQUEST_CONSUMPTION_AND_PAIR_ATOMICITY: QUALIFIED_SURVIVAL,PRIMARY_STATIC_DERIVED,No runtime/success/ownership/generation/all-population/sufficiency promotion; model counterexamples distinct from primary operands.
P7ARCH-A15-03-20261007,scoped_semantic_companion,GOG_PC;STEAM_PC,audit/phase7_architecture_2026-10-07/A15_DISPOSITION.json,f0a5bfadcc1af742ba9254f799174c9a34c9a82c617f5da85602e52c17df8b42,4749,Phase7 A15 ACTUATOR_FORMAL_REQUEST_CONSUMPTION_AND_PAIR_ATOMICITY: QUALIFIED_SURVIVAL,RECONCILED_SCOPED_INFERENCE,No runtime/success/ownership/generation/all-population/sufficiency promotion; model counterexamples distinct from primary operands.
P7ARCH-A15-04-20261007,scoped_semantic_companion,GOG_PC;STEAM_PC,findings/boundaries/phase7_architecture_a15_falsification.md,de9f1d9addade77ecb0c844fc23c2ea752100c5a2a0c518a54140b1655e1dc11,5340,Phase7 A15 ACTUATOR_FORMAL_REQUEST_CONSUMPTION_AND_PAIR_ATOMICITY: QUALIFIED_SURVIVAL,RECONCILED_SCOPED_INFERENCE,No runtime/success/ownership/generation/all-population/sufficiency promotion; model counterexamples distinct from primary operands.
P7ARCH-A16-01-20261007,primary_finite_acquisition,GOG_PC;STEAM_PC,audit/phase7_architecture_2026-10-07/A16V3_PRIMARY.json,ac2fcd75bd83184fb0441e4fc37afb65fe71783d6f9b130e44df3362d6b184eb,1254506,Phase7 A16 EFFECT_ADMIN_SERVICE_USE_DELETE_AND_SHARED_STAGING: QUALIFIED_SURVIVAL,PRIMARY_STATIC_DERIVED,No runtime/success/ownership/generation/all-population/sufficiency promotion; model counterexamples distinct from primary operands.
P7ARCH-A16-02-20261007,primary_finite_acquisition,GOG_PC;STEAM_PC,audit/phase7_architecture_2026-10-07/A16B_PRIMARY.json,873d7424cd98169acc3337c4217e9ae2779b0eb53ac469c49b0a8ce0fcedc0b2,351226,Phase7 A16 EFFECT_ADMIN_SERVICE_USE_DELETE_AND_SHARED_STAGING: QUALIFIED_SURVIVAL,PRIMARY_STATIC_DERIVED,No runtime/success/ownership/generation/all-population/sufficiency promotion; model counterexamples distinct from primary operands.
P7ARCH-A16-03-20261007,primary_finite_acquisition,GOG_PC;STEAM_PC,audit/phase7_architecture_2026-10-07/A16C_PRIMARY.json,e50d0ed2a3848c3ec1c09c45f66f1484611e08555532d36b45a8059de70d2676,3262,Phase7 A16 EFFECT_ADMIN_SERVICE_USE_DELETE_AND_SHARED_STAGING: QUALIFIED_SURVIVAL,PRIMARY_STATIC_DERIVED,No runtime/success/ownership/generation/all-population/sufficiency promotion; model counterexamples distinct from primary operands.
P7ARCH-A16-04-20261007,scoped_semantic_companion,GOG_PC;STEAM_PC,audit/phase7_architecture_2026-10-07/A16_DISPOSITION.json,9d7ea118e18247cb78894dce86268d8fa3f2318e7daf398db4ddf7df87df47a0,5932,Phase7 A16 EFFECT_ADMIN_SERVICE_USE_DELETE_AND_SHARED_STAGING: QUALIFIED_SURVIVAL,RECONCILED_SCOPED_INFERENCE,No runtime/success/ownership/generation/all-population/sufficiency promotion; model counterexamples distinct from primary operands.
P7ARCH-A16-05-20261007,scoped_semantic_companion,GOG_PC;STEAM_PC,findings/boundaries/phase7_architecture_a16_falsification.md,1191415b3711cc011215210bd5db1adfee04a4b6c29f87a8e966ccb6bd5f1c05,6379,Phase7 A16 EFFECT_ADMIN_SERVICE_USE_DELETE_AND_SHARED_STAGING: QUALIFIED_SURVIVAL,RECONCILED_SCOPED_INFERENCE,No runtime/success/ownership/generation/all-population/sufficiency promotion; model counterexamples distinct from primary operands.
P7ARCH-A17-01-20261007,primary_finite_acquisition,GOG_PC;STEAM_PC,audit/phase7_architecture_2026-10-07/A17_PRIMARY.json,8fbbd6c8425808ae804e93aa37436cd54ce5606ea1186a1d0cb6704464f672a1,208069,Phase7 A17 ITEM_MANAGER_SELECTOR_ABI_RESOURCE_TUPLE_AND_READINESS: QUALIFIED_SURVIVAL,PRIMARY_STATIC_DERIVED,No runtime/success/ownership/generation/all-population/sufficiency promotion; model counterexamples distinct from primary operands.
P7ARCH-A17-02-20261007,scoped_semantic_companion,GOG_PC;STEAM_PC,audit/phase7_architecture_2026-10-07/A17_DISPOSITION.json,75187dbbde672d9652ae8f58c05a0151bd349567b60dd38fc68ed0950081049d,4852,Phase7 A17 ITEM_MANAGER_SELECTOR_ABI_RESOURCE_TUPLE_AND_READINESS: QUALIFIED_SURVIVAL,RECONCILED_SCOPED_INFERENCE,No runtime/success/ownership/generation/all-population/sufficiency promotion; model counterexamples distinct from primary operands.
P7ARCH-A17-03-20261007,scoped_semantic_companion,GOG_PC;STEAM_PC,findings/boundaries/phase7_architecture_a17_falsification.md,720fd291cbba0a332946a8fca0652b2137c83b824996a26ec0b449ad70ccd005,5408,Phase7 A17 ITEM_MANAGER_SELECTOR_ABI_RESOURCE_TUPLE_AND_READINESS: QUALIFIED_SURVIVAL,RECONCILED_SCOPED_INFERENCE,No runtime/success/ownership/generation/all-population/sufficiency promotion; model counterexamples distinct from primary operands.
P7ARCH-HANDOFF-01-20261007,scoped_campaign_handoff,STEAM_PC;GOG_PC,audit/phase7_architecture_2026-10-07/PRIMARY_INDEX.json,170bc87013312d347d5367eea6a5a0e4b3168c4b265945d3514bc5e308f0d326,23350,Phase7 seventeen-portfolio qualified architecture reliance/prerequisite handoff,RECONCILED_SCOPED_INFERENCE,No complete coverage/ownership/epoch/success/last-use/population/sufficiency promotion; final validation required.
P7ARCH-HANDOFF-02-20261007,scoped_campaign_handoff,STEAM_PC;GOG_PC,audit/phase7_architecture_2026-10-07/RESULTS.json,7e37828096bcc975afebcef4096733a48a3ba0d737a0c88de32e4af3a3bb4cbc,85904,Phase7 seventeen-portfolio qualified architecture reliance/prerequisite handoff,RECONCILED_SCOPED_INFERENCE,No complete coverage/ownership/epoch/success/last-use/population/sufficiency promotion; final validation required.
P7ARCH-HANDOFF-03-20261007,scoped_campaign_handoff,STEAM_PC;GOG_PC,audit/phase7_architecture_2026-10-07/DEPENDENCY_RELIANCE_LEDGER.csv,c716c3ae8c65ae164a47d7f3b2544a6284bd5febcbcf027f19db0fd7cf37c7a6,25092,Phase7 seventeen-portfolio qualified architecture reliance/prerequisite handoff,RECONCILED_SCOPED_INFERENCE,No complete coverage/ownership/epoch/success/last-use/population/sufficiency promotion; final validation required.
P7ARCH-HANDOFF-04-20261007,scoped_campaign_handoff,STEAM_PC;GOG_PC,audit/phase7_architecture_2026-10-07/CLAIM_COMPANION_LEDGER.csv,f08af44c9585b29f49cb3605cb61a12b7be1f8b3113f0d21b80ded9bbf96c966,69811,Phase7 seventeen-portfolio qualified architecture reliance/prerequisite handoff,RECONCILED_SCOPED_INFERENCE,No complete coverage/ownership/epoch/success/last-use/population/sufficiency promotion; final validation required.
P7ARCH-HANDOFF-05-20261007,scoped_campaign_handoff,STEAM_PC;GOG_PC,audit/phase7_architecture_2026-10-07/FRONTIER_REVIEW.json,a6800d5dac2d69a7e271d97302fe0037397a8e9788015ce53e830df0468c040e,5170,Phase7 seventeen-portfolio qualified architecture reliance/prerequisite handoff,RECONCILED_SCOPED_INFERENCE,No complete coverage/ownership/epoch/success/last-use/population/sufficiency promotion; final validation required.
P7ARCH-HANDOFF-06-20261007,scoped_campaign_handoff,STEAM_PC;GOG_PC,audit/phase7_architecture_2026-10-07/PROVENANCE_OVERRIDES.json,f10162b6b1f5e04959c9b208149b239966f25ae6e54ea632a4588be384462cab,1240,Phase7 seventeen-portfolio qualified architecture reliance/prerequisite handoff,RECONCILED_SCOPED_INFERENCE,No complete coverage/ownership/epoch/success/last-use/population/sufficiency promotion; final validation required.
P7ARCH-HANDOFF-07-20261007,scoped_campaign_handoff,STEAM_PC;GOG_PC,audit/phase7_architecture_2026-10-07/FAILURES_AND_CORRECTIONS.md,fc4c1991e280513f185bc50798de23e4f65458253fdf4bdec4b1ad07a17aa33a,5253,Phase7 seventeen-portfolio qualified architecture reliance/prerequisite handoff,RECONCILED_SCOPED_INFERENCE,No complete coverage/ownership/epoch/success/last-use/population/sufficiency promotion; final validation required.
P7ARCH-HANDOFF-08-20261007,scoped_campaign_handoff,STEAM_PC;GOG_PC,maps/PHASE7_ARCHITECTURE_CURRENT_RELIANCE.md,255e70c8707118b1073846a2d029b76d2f4be1d947dc2322e436acd1f8c0b8b8,6185,Phase7 seventeen-portfolio qualified architecture reliance/prerequisite handoff,RECONCILED_SCOPED_INFERENCE,No complete coverage/ownership/epoch/success/last-use/population/sufficiency promotion; final validation required.
P7ARCH-HANDOFF-09-20261007,scoped_campaign_handoff,STEAM_PC;GOG_PC,reports/PHASE7_ARCHITECTURE_CAMPAIGN_2026-10-07.md,8c27bd2cc31d16d6d57bef600eb86b3c14f351b64999eb87011bc5ee7afd7027,30228,Phase7 seventeen-portfolio qualified architecture reliance/prerequisite handoff,RECONCILED_SCOPED_INFERENCE,No complete coverage/ownership/epoch/success/last-use/population/sufficiency promotion; final validation required.
P7CLOSE-01-20261007,scoped_closeout_companion,STEAM_PC;GOG_PC,audit/phase7_closeout_2026-10-07/VALUE_AUDIT.json,d0f229fea6e3f5733a1c0570e33e20d4c263dc11b6607cb98c9ab10deff918d7,231773,Phase7 finite decision-value closeout; exact selected facts and explicit residual reliance boundary,RECONCILED_SCOPED_INFERENCE,No live ownership/success/last-use/schema/population promotion; all88 unchanged; no Phase6 sufficiency renewal or Phase8 work; acceptance requires final validation PASS
P7CLOSE-02-20261007,scoped_closeout_companion,STEAM_PC;GOG_PC,audit/phase7_closeout_2026-10-07/VALUE_AUDIT.csv,eede828b84c6415d055e62dc778463ff56d5c91e629441cc3615022311145b01,171973,Phase7 finite decision-value closeout; exact selected facts and explicit residual reliance boundary,RECONCILED_SCOPED_INFERENCE,No live ownership/success/last-use/schema/population promotion; all88 unchanged; no Phase6 sufficiency renewal or Phase8 work; acceptance requires final validation PASS
P7CLOSE-03-20261007,primary_finite_acquisition,STEAM_PC;GOG_PC,audit/phase7_closeout_2026-10-07/P0_PRIMARY.json,6f2431226092b7714b623dbddb9cd0ae8c83b603c4c0fddd29d6a5ac49dcce99,2327980,Phase7 finite decision-value closeout; exact selected facts and explicit residual reliance boundary,PRIMARY_BYTES_CHECKED,No live ownership/success/last-use/schema/population promotion; all88 unchanged; no Phase6 sufficiency renewal or Phase8 work; acceptance requires final validation PASS
P7CLOSE-04-20261007,scoped_closeout_companion,STEAM_PC;GOG_PC,audit/phase7_closeout_2026-10-07/P0_DISPOSITION.json,298501d60b44b15a8a3bbcec71afb051df9e23419aa3c61718bd83cddb3d0e1c,8265,Phase7 finite decision-value closeout; exact selected facts and explicit residual reliance boundary,RECONCILED_SCOPED_INFERENCE,No live ownership/success/last-use/schema/population promotion; all88 unchanged; no Phase6 sufficiency renewal or Phase8 work; acceptance requires final validation PASS
P7CLOSE-05-20261007,scoped_closeout_companion,STEAM_PC;GOG_PC,audit/phase7_closeout_2026-10-07/P0_CLAIM_COMPANION.csv,9a063fb61dc826ebb60949eb66b2a3c78676a48732ef59abce675bc30daf4ec0,1647,Phase7 finite decision-value closeout; exact selected facts and explicit residual reliance boundary,RECONCILED_SCOPED_INFERENCE,No live ownership/success/last-use/schema/population promotion; all88 unchanged; no Phase6 sufficiency renewal or Phase8 work; acceptance requires final validation PASS
P7CLOSE-06-20261007,scoped_closeout_companion,STEAM_PC;GOG_PC,audit/phase7_closeout_2026-10-07/CLASS_COMPANION.csv,a4849f3c2e7f2ee2c6f1ef715a6f3980dca0d1813688fdd658c42c1fb1708030,3608,Phase7 finite decision-value closeout; exact selected facts and explicit residual reliance boundary,RECONCILED_SCOPED_INFERENCE,No live ownership/success/last-use/schema/population promotion; all88 unchanged; no Phase6 sufficiency renewal or Phase8 work; acceptance requires final validation PASS
P7CLOSE-07-20261007,scoped_closeout_companion,STEAM_PC;GOG_PC,audit/phase7_closeout_2026-10-07/HOMOLOGY_COMPANION.csv,1f2996aec40aa93b46bee47cb58b5a5b2434d6a146a4771be18b3d75dcd856eb,3415,Phase7 finite decision-value closeout; exact selected facts and explicit residual reliance boundary,RECONCILED_SCOPED_INFERENCE,No live ownership/success/last-use/schema/population promotion; all88 unchanged; no Phase6 sufficiency renewal or Phase8 work; acceptance requires final validation PASS
P7CLOSE-08-20261007,scoped_closeout_companion,STEAM_PC;GOG_PC,audit/phase7_closeout_2026-10-07/RESIDUAL_AUDIT.json,d91ce1361b33ab0a489a50a4c6f9a9218f2205176b34f783dc8e4dc65449bf08,236489,Phase7 finite decision-value closeout; exact selected facts and explicit residual reliance boundary,RECONCILED_SCOPED_INFERENCE,No live ownership/success/last-use/schema/population promotion; all88 unchanged; no Phase6 sufficiency renewal or Phase8 work; acceptance requires final validation PASS
P7CLOSE-09-20261007,scoped_closeout_companion,STEAM_PC;GOG_PC,audit/phase7_closeout_2026-10-07/RESIDUAL_AUDIT.csv,9422d45e539f3bcdf626b5647bf8aea356a646646825606166a31b222d4f9432,177045,Phase7 finite decision-value closeout; exact selected facts and explicit residual reliance boundary,RECONCILED_SCOPED_INFERENCE,No live ownership/success/last-use/schema/population promotion; all88 unchanged; no Phase6 sufficiency renewal or Phase8 work; acceptance requires final validation PASS
P7CLOSE-10-20261007,scoped_closeout_companion,STEAM_PC;GOG_PC,audit/phase7_closeout_2026-10-07/PRIMARY_INDEX.json,aa6adcd4734cc33b586de41a706864584cc0b1a93261d951d8d1fe8d3a3a66da,853,Phase7 finite decision-value closeout; exact selected facts and explicit residual reliance boundary,RECONCILED_SCOPED_INFERENCE,No live ownership/success/last-use/schema/population promotion; all88 unchanged; no Phase6 sufficiency renewal or Phase8 work; acceptance requires final validation PASS
P7CLOSE-11-20261007,scoped_closeout_companion,STEAM_PC;GOG_PC,audit/phase7_closeout_2026-10-07/FAILURES_AND_CORRECTIONS.md,16595cf6f59f66ee727abec6aafa3994ef8e8063b4fff94393251be288bcdec5,1501,Phase7 finite decision-value closeout; exact selected facts and explicit residual reliance boundary,RECONCILED_SCOPED_INFERENCE,No live ownership/success/last-use/schema/population promotion; all88 unchanged; no Phase6 sufficiency renewal or Phase8 work; acceptance requires final validation PASS
P7CLOSE-12-20261007,scoped_closeout_companion,STEAM_PC;GOG_PC,audit/phase7_closeout_2026-10-07/REVIEW_RECORDS.json,44dfcadc39ffe3a6687caeb66789d32636a22381407eba7bf4d66cab73c4d00a,841,Phase7 finite decision-value closeout; exact selected facts and explicit residual reliance boundary,RECONCILED_SCOPED_INFERENCE,No live ownership/success/last-use/schema/population promotion; all88 unchanged; no Phase6 sufficiency renewal or Phase8 work; acceptance requires final validation PASS
P7CLOSE-13-20261007,scoped_closeout_companion,STEAM_PC;GOG_PC,findings/boundaries/phase7_closeout_p0_lineage_admission.md,bd7395c4fe08151733a110b45bc3dcab3a58c4fa8484b474e6e34047afcb811b,12172,Phase7 finite decision-value closeout; exact selected facts and explicit residual reliance boundary,RECONCILED_SCOPED_INFERENCE,No live ownership/success/last-use/schema/population promotion; all88 unchanged; no Phase6 sufficiency renewal or Phase8 work; acceptance requires final validation PASS
P7CLOSE-14-20261007,scoped_closeout_companion,STEAM_PC;GOG_PC,reports/PHASE7_CLOSEOUT_VALUE_AUDIT_2026-10-07.md,0c29cb64bcdded0e53854f37d33ca08a00c8512881ff6561d506abc6c81852a4,2852,Phase7 finite decision-value closeout; exact selected facts and explicit residual reliance boundary,RECONCILED_SCOPED_INFERENCE,No live ownership/success/last-use/schema/population promotion; all88 unchanged; no Phase6 sufficiency renewal or Phase8 work; acceptance requires final validation PASS
P7CLOSE-15-20261007,scoped_closeout_companion,STEAM_PC;GOG_PC,maps/PHASE7_CLOSEOUT_RELIANCE.md,cc3a6138c8fb07cbfb5c6d44727ff378f8decbea85ed18dc7bcad05560c3111b,26166,Phase7 finite decision-value closeout; exact selected facts and explicit residual reliance boundary,RECONCILED_SCOPED_INFERENCE,No live ownership/success/last-use/schema/population promotion; all88 unchanged; no Phase6 sufficiency renewal or Phase8 work; acceptance requires final validation PASS
P7CLOSE-16-20261007,scoped_closeout_companion,STEAM_PC;GOG_PC,reports/PHASE7_SCIENTIFIC_CLOSEOUT_2026-10-07.md,72183f6d9b59ed102b715d6406e03aa5d9e526fce3f419333173dbba3d789ed0,4905,Phase7 finite decision-value closeout; exact selected facts and explicit residual reliance boundary,RECONCILED_SCOPED_INFERENCE,No live ownership/success/last-use/schema/population promotion; all88 unchanged; no Phase6 sufficiency renewal or Phase8 work; acceptance requires final validation PASS
P8-ENTRY-01-20261007,derived_synthesis_source_or_bounded_primary,STEAM_PC;GOG_PC,audit/phase8_synthesis_2026-10-07/SOURCE_SNAPSHOT.json,c2fa8aa1464f18c2091b08518c82e5b33422e197cf41fb7d4a61d442caf1fd7b,2783382,Phase8 checkpoint238-bounded source preservation or requested controller missing-edge check,PRIMARY_BYTES_OR_DERIVED_CONSERVATION,"No broad Phase7 reopening, runtime observation, sealed semantic-ledger rewrite, ownership/success/cadence promotion or isolated evidence"
P8-ENTRY-02-20261007,derived_synthesis_source_or_bounded_primary,STEAM_PC;GOG_PC,audit/phase8_synthesis_2026-10-07/CONTROLLER_EDGE_PRIMARY.json,b3d5ec54dfa49ea9f7457a62f2c2d5c02607bd9d3107e7a48e9d9c91a7f4ca2e,611520,Phase8 checkpoint238-bounded source preservation or requested controller missing-edge check,PRIMARY_BYTES_OR_DERIVED_CONSERVATION,"No broad Phase7 reopening, runtime observation, sealed semantic-ledger rewrite, ownership/success/cadence promotion or isolated evidence"
P8-TIMING-01-20261007,bounded_existing_primary_flow_check,STEAM_PC;GOG_PC,audit/phase8_synthesis_2026-10-07/TIMING_EDGE_PRIMARY.json,8236bbaa3b2570f6de66415260bc0636d57e96e0dfe2e2f165bef7db90f2004d,280078,Exact requested QPC/gameplay-scalar/timing-before-enqueue/fixed-effect/Present transitions,PRIMARY_BYTES,989Steam/626GOG ownPE/originalASM matches; no complete-function/runtime/cadence/ownership/success promotion
P8-DISPLAY-01-20261007,bounded_existing_primary_flow_check,STEAM_PC;GOG_PC,audit/phase8_synthesis_2026-10-07/DISPLAY_REFLECTION_EDGE_PRIMARY.json,1b82527d9c5d92cfd0e27251a8ce802bd22382c78fef6153818fd28f82531dcb,1130694,Requested native display/reflection state transitions; no API success or bug-causality promotion,PRIMARY_BYTES,Finite named missing edges for requested maps only; originalASM attribution not completeCFG/function/semantic closure; all238 corrections preserved
P8-VISIBILITY-01-20261007,bounded_existing_primary_flow_check,STEAM_PC;GOG_PC,audit/phase8_synthesis_2026-10-07/VISIBILITY_EDGE_PRIMARY.json,a2895410b0d19b10291606f459f233ce9d768d52a55524e1156b6cd2780276cf,669013,Requested frustum/LOD/shadow/NPC/activation selected transitions; no whole-population/cadence/ownership promotion,PRIMARY_BYTES,Finite named missing edges for requested maps only; originalASM attribution not completeCFG/function/semantic closure; all238 corrections preserved
P8-TEXTURE-01-20261007,bounded_existing_primary_flow_check,STEAM_PC;GOG_PC,audit/phase8_synthesis_2026-10-07/TEXTURE_EDGE_PRIMARY.json,098f98020dba4b1586ec5340039a48204b42bdec15eb768513b841196294ee0f,121887,Requested XPC currentchild index/payload/texture handoff; no earlierallocation epoch or successful decode/API claim,PRIMARY_BYTES,Specific requested missingedges only; no broadPhase7/implementation/rawinput/semanticledger changes
P8-AUDIO-01-20261007,bounded_existing_primary_flow_check,STEAM_PC,audit/phase8_synthesis_2026-10-07/AUDIO_EDGE_PRIMARY.json,8e7017445c62278b6774e04bb92b9e2cc96a47f3dd7ec5cbbea5e8270e23ae1f,305123,Requested audio speaker-layout/spatial/status/cleanup mechanics; backend loop/type/generation/success UNKNOWN,PRIMARY_BYTES,Specific requested missingedges only; no broadPhase7/implementation/rawinput/semanticledger changes
P8-AUDIO-02-20261007,bounded_existing_primary_flow_check,STEAM_PC,audit/phase8_synthesis_2026-10-07/AUDIO_COMPLETION_EDGE_PRIMARY.json,f94d27da901054fa8896c202d78b8f58d4e5f40c51d3c9f6d68a21f566eee67c,11111,Selected acquiredCore callbackinstallation and offeredMainrow sentinelstore before latercleanup; not completed destruction,PRIMARY_BYTES,Specific requested missingedges only; no broadPhase7/implementation/rawinput/semanticledger changes
P8-GETTER-01-20261007,bounded_existing_primary_flow_check,STEAM_PC;GOG_PC,audit/phase8_synthesis_2026-10-07/GETTER_PRESENT_EDGE_PRIMARY.json,53fce64c874677bb7046198582da40c4ca64e1fc99d92b3a5fa61d6b4c12c772,37772,Selected Steam/GOG input getter operands and GOG Present counterpart,PRIMARY_BYTES,"60Steam/159GOG ownPE/originalASM instructions; selected scopes only, not complete ABI/provider/currentness/runtime parity"
P8-NUMERIC-01-20261007,derived_numeric_reconciliation,STEAM_PC;GOG_PC,audit/phase8_synthesis_2026-10-07/NUMERIC_RECONCILIATION.json,6ac56b96e78ef31fa51c2d0119174261d1c111c78476de2c041168f112e66a77,1988,Draft number-base corrections against preserved primary witnesses and selected asset bytes,DERIVED_FROM_PRIMARY_EVIDENCE,EffectAdmin0x14; Item1..0x306; driver0x44 bytes; sound64decimal/0x40; no canonical-source rewrite or new engine bug declaration
P8-INDEX-01-20261007,derived_build_qualified_index,STEAM_PC;GOG_PC,audit/phase8_synthesis_2026-10-07/FLOW_NODE_INVENTORY.csv,1f31b571fe2e8a5008047ddc8802953fd378f465fc7910c850be1cbce49e8d45,93851,232 unique build/address locators with separate RVA/autoname/role/homology/source scope,DERIVED_INDEX,230 structuralentries/two site-or-unassigned; no newly understood-function or complete homology promotion
P8-INDEX-02-20261007,derived_state_flow_index,STEAM_PC;GOG_PC,audit/phase8_synthesis_2026-10-07/FLOW_STATE_REGISTER.csv,bac65a08f18b0bd23da0fd937d4ba38e80ec1f1cba535421fab4978b4245f653,8029,24 origin/state/transform/consumer/confidence-lifetime rows linked to integrated map,DERIVED_INDEX,Selected component facts only; no universal ownership/success/schedule theorem
P8-SYNTHESIS-01-20261007,derived_final_synthesis_manifest,STEAM_PC;GOG_PC,audit/phase8_synthesis_2026-10-07/DELIVERABLE_MANIFEST.json,b683cf53d0d0f5fb9947b44ae3b26d670b5e72d4cfb0428bdb819b75e1f8b76c,11043,Twelve requested maps/index/eight required reports and supporting Phase8 provenance/state package,DERIVED_SYNTHESIS,"Validated238 boundary/all88 retained; final acceptance requires separate VALIDATION.json; no executable exhaustion, broadPhase7, runtime or implementation work"
PGC-E001,derived_bounded_contract,STEAM_PC;GOG_PC,audit/post_phase8_closure_2026-10-07/CPUT_CONTRACT_V2.json,1dbe3fed92353777c0bbfabb19ab4620ee76779df5bc21adfd07008009acb621,1839,Post-synthesis selected gap closure CPUT_CONTRACT_V2.json,DERIVED_PRIMARY_CHECK,"Own PE/originalASM exact selection only; no full semantics, current epoch, owning reference or runtime success; historical ledgers conserved"
PGC-E002,derived_primary_receipt,STEAM_PC;GOG_PC,audit/post_phase8_closure_2026-10-07/CPUT_PRIMARY_V2.json,6b466dac900f1ac870aec0bd992ea2af72621f1de3d25c7f6ef5ab473340cf51,1685894,Post-synthesis selected gap closure CPUT_PRIMARY_V2.json,DERIVED_PRIMARY_CHECK,"Own PE/originalASM exact selection only; no full semantics, current epoch, owning reference or runtime success; historical ledgers conserved"
PGC-E003,derived_bounded_contract,STEAM_PC;GOG_PC,audit/post_phase8_closure_2026-10-07/CPUT_WORLD_CONTRACT.json,9847d15df4163df462c96ad3ac039f396377e9c13be9ed73425161ad1c3da3b3,712,Post-synthesis selected gap closure CPUT_WORLD_CONTRACT.json,DERIVED_PRIMARY_CHECK,"Own PE/originalASM exact selection only; no full semantics, current epoch, owning reference or runtime success; historical ledgers conserved"
PGC-E004,derived_primary_receipt,STEAM_PC;GOG_PC,audit/post_phase8_closure_2026-10-07/CPUT_WORLD_PRIMARY.json,66fb17c4234a05b34ffd16f87ac9c39cbe2fc52e14331cdb4cd08724eeaa1ae3,67622,Post-synthesis selected gap closure CPUT_WORLD_PRIMARY.json,DERIVED_PRIMARY_CHECK,"Own PE/originalASM exact selection only; no full semantics, current epoch, owning reference or runtime success; historical ledgers conserved"
PGC-E005,derived_bounded_contract,STEAM_PC;GOG_PC,audit/post_phase8_closure_2026-10-07/ACTUATOR_CONTRACT.json,321a5aaf807b61e9392b3d42ffbc8b713023e4bfc28596c9a434c05ed791b4ea,1377,Post-synthesis selected gap closure ACTUATOR_CONTRACT.json,DERIVED_PRIMARY_CHECK,"Own PE/originalASM exact selection only; no full semantics, current epoch, owning reference or runtime success; historical ledgers conserved"
PGC-E006,derived_primary_receipt,STEAM_PC;GOG_PC,audit/post_phase8_closure_2026-10-07/ACTUATOR_PRIMARY.json,7d5765bf8f7e9f099159f06b70bdab09dc88b5354703842c7532e302a7638550,280184,Post-synthesis selected gap closure ACTUATOR_PRIMARY.json,DERIVED_PRIMARY_CHECK,"Own PE/originalASM exact selection only; no full semantics, current epoch, owning reference or runtime success; historical ledgers conserved"
PGC-E007,derived_bounded_contract,STEAM_PC;GOG_PC,audit/post_phase8_closure_2026-10-07/ACTUATOR_TYPE_CONTRACT.json,913876ba993f378b9383f70bad3525754e2ea9b3e4633a6dbf402b268cce62e3,716,Post-synthesis selected gap closure ACTUATOR_TYPE_CONTRACT.json,DERIVED_PRIMARY_CHECK,"Own PE/originalASM exact selection only; no full semantics, current epoch, owning reference or runtime success; historical ledgers conserved"
PGC-E008,derived_primary_receipt,STEAM_PC;GOG_PC,audit/post_phase8_closure_2026-10-07/ACTUATOR_TYPE_PRIMARY.json,928f8d3eba524992517c828153aae152dbe03baa4bfcaed2c76a8e2159772367,113265,Post-synthesis selected gap closure ACTUATOR_TYPE_PRIMARY.json,DERIVED_PRIMARY_CHECK,"Own PE/originalASM exact selection only; no full semantics, current epoch, owning reference or runtime success; historical ledgers conserved"
PGC-E009,derived_bounded_contract,STEAM_PC;GOG_PC,audit/post_phase8_closure_2026-10-07/SERVICE_TABLE_CONTRACT.json,1d811bcdd1fbab648bad397daff3f176c2416d9ef902af45a1445839a84e1013,3887,Post-synthesis selected gap closure SERVICE_TABLE_CONTRACT.json,DERIVED_PRIMARY_CHECK,"Own PE/originalASM exact selection only; no full semantics, current epoch, owning reference or runtime success; historical ledgers conserved"
PGC-E010,derived_primary_receipt,STEAM_PC;GOG_PC,audit/post_phase8_closure_2026-10-07/SERVICE_TABLE_PRIMARY.json,c1a5e75075985e9917e412bc65578ef6b7a08e8fdaf6c07311bae08caa54d60d,792404,Post-synthesis selected gap closure SERVICE_TABLE_PRIMARY.json,DERIVED_PRIMARY_CHECK,"Own PE/originalASM exact selection only; no full semantics, current epoch, owning reference or runtime success; historical ledgers conserved"
PGC-E011,derived_bounded_contract,STEAM_PC;GOG_PC,audit/post_phase8_closure_2026-10-07/NATIVE_UI_CONTRACT.json,a38480c13cde4dc8baad3b6f3fb550a944e5da91ec8ef40337b7a363e7ad99ce,1636,Post-synthesis selected gap evidence NATIVE_UI_CONTRACT.json,DERIVED_PRIMARY_CHECK,Finite ownPE/ASM/type/token/catalog/suppliedinput receipt only; no livechoice/API/GPU/loopmeaning/ownership/fullsemantics; initial failures separatelypreserved
PGC-E012,derived_primary_receipt,STEAM_PC;GOG_PC,audit/post_phase8_closure_2026-10-07/NATIVE_UI_PRIMARY.json,6c79b5fad4f2ca01bac05700a190e24053fd86dfe3db76da14711e232b815be8,313851,Post-synthesis selected gap evidence NATIVE_UI_PRIMARY.json,DERIVED_PRIMARY_CHECK,Finite ownPE/ASM/type/token/catalog/suppliedinput receipt only; no livechoice/API/GPU/loopmeaning/ownership/fullsemantics; initial failures separatelypreserved
PGC-E013,derived_bounded_contract,STEAM_PC,audit/post_phase8_closure_2026-10-07/REFLECTION_SHADER_CONTRACT_V2.json,17adbe88297fd5931223ba3e00268935b3f17d0896d6003432e5193fca61399d,3598,Post-synthesis selected gap evidence REFLECTION_SHADER_CONTRACT_V2.json,DERIVED_PRIMARY_CHECK,Finite ownPE/ASM/type/token/catalog/suppliedinput receipt only; no livechoice/API/GPU/loopmeaning/ownership/fullsemantics; initial failures separatelypreserved
PGC-E014,derived_primary_receipt,STEAM_PC,audit/post_phase8_closure_2026-10-07/REFLECTION_SHADER_PRIMARY_V2.json,c686ba50e5e41b55c5e9b668cb4744a74628f37f05eb40e7210888ee177db74e,1390297,Post-synthesis selected gap evidence REFLECTION_SHADER_PRIMARY_V2.json,DERIVED_PRIMARY_CHECK,Finite ownPE/ASM/type/token/catalog/suppliedinput receipt only; no livechoice/API/GPU/loopmeaning/ownership/fullsemantics; initial failures separatelypreserved
PGC-E015,derived_bounded_contract,STEAM_PC,audit/post_phase8_closure_2026-10-07/REFLECTION_CONSTANT_CONTRACT.json,f2e406f2703e20ae8b98591d76ad327b5ba8cdb39333faeb92bb100335225482,335,Post-synthesis selected gap evidence REFLECTION_CONSTANT_CONTRACT.json,DERIVED_PRIMARY_CHECK,Finite ownPE/ASM/type/token/catalog/suppliedinput receipt only; no livechoice/API/GPU/loopmeaning/ownership/fullsemantics; initial failures separatelypreserved
PGC-E016,derived_primary_receipt,STEAM_PC,audit/post_phase8_closure_2026-10-07/REFLECTION_CONSTANT_PRIMARY.json,5e7ba3914505bec20d5b07b627253d63382d10380e744be47c27786c9066d78b,23086,Post-synthesis selected gap evidence REFLECTION_CONSTANT_PRIMARY.json,DERIVED_PRIMARY_CHECK,Finite ownPE/ASM/type/token/catalog/suppliedinput receipt only; no livechoice/API/GPU/loopmeaning/ownership/fullsemantics; initial failures separatelypreserved
PGC-E017,derived_primary_receipt,STEAM_PC,audit/post_phase8_closure_2026-10-07/SHADER_TOKENS_V3.json,442aa8870e1f33e914d3deb54ea6919f3d2f3eccdd04a47d03612af04b81ac8b,49522,Post-synthesis selected gap evidence SHADER_TOKENS_V3.json,DERIVED_PRIMARY_CHECK,Finite ownPE/ASM/type/token/catalog/suppliedinput receipt only; no livechoice/API/GPU/loopmeaning/ownership/fullsemantics; initial failures separatelypreserved
PGC-E018,derived_primary_receipt,STEAM_PC;GOG_PC,audit/post_phase8_closure_2026-10-07/DATA_PRIMARY.json,da4a3ac6726e4233401f8967862d46d73ab79c2eeed74bc6b3fc8581956dac29,19445,Post-synthesis selected gap evidence DATA_PRIMARY.json,DERIVED_PRIMARY_CHECK,Finite ownPE/ASM/type/token/catalog/suppliedinput receipt only; no livechoice/API/GPU/loopmeaning/ownership/fullsemantics; initial failures separatelypreserved
PGC-E019,derived_bounded_contract,STEAM_PC,audit/post_phase8_closure_2026-10-07/AUDIO_NODE_CONTRACT.json,c4b3756c72c244187760d95f5104b657c17e4753716596ee633ec4e5b7ce8890,3209,Post-synthesis selected gap evidence AUDIO_NODE_CONTRACT.json,DERIVED_PRIMARY_CHECK,Finite ownPE/ASM/type/token/catalog/suppliedinput receipt only; no livechoice/API/GPU/loopmeaning/ownership/fullsemantics; initial failures separatelypreserved
PGC-E020,derived_primary_receipt,STEAM_PC,audit/post_phase8_closure_2026-10-07/AUDIO_NODE_PRIMARY.json,cdba4035494418e4c88852c28fdb13ede49c6905dd920791d2c276a23b5ee102,741309,Post-synthesis selected gap evidence AUDIO_NODE_PRIMARY.json,DERIVED_PRIMARY_CHECK,Finite ownPE/ASM/type/token/catalog/suppliedinput receipt only; no livechoice/API/GPU/loopmeaning/ownership/fullsemantics; initial failures separatelypreserved
PGC-E021,derived_primary_receipt,STEAM_PC,audit/post_phase8_closure_2026-10-07/AUDIO_SELECTED_INPUT_BOUND.json,4f0dba912bb0d2090202e3d728ccea01d8fb399c93a77d0927d883d35cc9cb0c,271,Post-synthesis selected gap evidence AUDIO_SELECTED_INPUT_BOUND.json,DERIVED_PRIMARY_CHECK,Finite ownPE/ASM/type/token/catalog/suppliedinput receipt only; no livechoice/API/GPU/loopmeaning/ownership/fullsemantics; initial failures separatelypreserved
TBC-REPEAT-PRIMARY,selected_primary_bridge_receipt,STEAM_PC;GOG_PC,audit/targeted_bridges_2026-10-07/REPEAT_PRIMARY.json,7e54c3c4350106b695cf29ea402d96bb1933947468ffd4b8e51d7ce5d2831d9f,96711,Bounded scheduler producer connection with originalASM/ownPE/type/data qualification,PRIMARY_DERIVED,VERIFIED selected static mechanics only; runtime activation/success/currentepochs and complete policy remain UNKNOWN
TBC-PRESENT-PRIMARY,selected_primary_bridge_receipt,STEAM_PC;GOG_PC,audit/targeted_bridges_2026-10-07/PRESENT_PRIMARY.json,a8a78e858be3039e59e43c441a7267243f6636247ca9cf21a138af6fb2a37a87,594121,Bounded scheduler producer connection with originalASM/ownPE/type/data qualification,PRIMARY_DERIVED,VERIFIED selected static mechanics only; runtime activation/success/currentepochs and complete policy remain UNKNOWN
TBC-SCHEDULER_QUALIFIERS-PRIMARY,selected_primary_bridge_receipt,STEAM_PC;GOG_PC,audit/targeted_bridges_2026-10-07/SCHEDULER_QUALIFIERS_PRIMARY.json,02c511e58997d1e75a81073993c398196bc388d5d028a927801d3163e2272229,99154,Bounded scheduler producer connection with originalASM/ownPE/type/data qualification,PRIMARY_DERIVED,VERIFIED selected static mechanics only; runtime activation/success/currentepochs and complete policy remain UNKNOWN
TBC-HELP-PRIMARY,selected_primary_bridge_receipt,SCOPED_BUILD_IDENTITIES,audit/targeted_bridges_2026-10-07/HELP_PRIMARY.json,0aef65eb74d3e55e7d3cbd5feddeaf604e0573b948e9ae268df45008abb0a80f,62457,Selected typed/array/plane/part-update relation with explicit semantic ceilings,PRIMARY_DERIVED,OwnPE/originalASM/type/data or protectedfactory reuse checked; no fullgrammar/live/owner/API/bugcausal closure
TBC-XCA-PRIMARY,selected_primary_bridge_receipt,SCOPED_BUILD_IDENTITIES,audit/targeted_bridges_2026-10-07/XCA_PRIMARY.json,6fcf61a257f13e4ae483ec2cd76eaabd0fec85dbf81496e7d5287a8f38b030ac,1144472,Selected typed/array/plane/part-update relation with explicit semantic ceilings,PRIMARY_DERIVED,OwnPE/originalASM/type/data or protectedfactory reuse checked; no fullgrammar/live/owner/API/bugcausal closure
TBC-PLANE-PRIMARY,selected_primary_bridge_receipt,SCOPED_BUILD_IDENTITIES,audit/targeted_bridges_2026-10-07/PLANE_PRIMARY.json,5882c4004bd1dd97a7a9cb71819dc6d82d90779f79df2376129c8f841d9ce886,437978,Selected typed/array/plane/part-update relation with explicit semantic ceilings,PRIMARY_DERIVED,OwnPE/originalASM/type/data or protectedfactory reuse checked; no fullgrammar/live/owner/API/bugcausal closure
TBC-EFFECT-PRIMARY,selected_primary_bridge_receipt,SCOPED_BUILD_IDENTITIES,audit/targeted_bridges_2026-10-07/EFFECT_PRIMARY.json,63e78fbc68560b341063dc118a4a45bf2872444023706e69a621d0c38fecae60,172196,Selected typed/array/plane/part-update relation with explicit semantic ceilings,PRIMARY_DERIVED,OwnPE/originalASM/type/data or protectedfactory reuse checked; no fullgrammar/live/owner/API/bugcausal closure
TBC-BRIDGE_QUALIFIERS-PRIMARY,selected_primary_bridge_receipt,SCOPED_BUILD_IDENTITIES,audit/targeted_bridges_2026-10-07/BRIDGE_QUALIFIERS_PRIMARY.json,7c87ecc36e62619936c53d5dd156f15d0f985d68c088658829ae3b1b38188778,77076,Selected typed/array/plane/part-update relation with explicit semantic ceilings,PRIMARY_DERIVED,OwnPE/originalASM/type/data or protectedfactory reuse checked; no fullgrammar/live/owner/API/bugcausal closure
TBC-RESOURCE_QUALIFIERS-PRIMARY,selected_primary_bridge_receipt,SCOPED_BUILD_IDENTITIES,audit/targeted_bridges_2026-10-07/RESOURCE_QUALIFIERS_PRIMARY.json,b74ced9437baed3e0a6b4e293074e05cbcf9bfb1d5105dfa6fe36248d0c0f588,17054,Selected typed/array/plane/part-update relation with explicit semantic ceilings,PRIMARY_DERIVED,OwnPE/originalASM/type/data or protectedfactory reuse checked; no fullgrammar/live/owner/API/bugcausal closure
TBC-HELP_FACTORY_REUSE-PRIMARY,selected_primary_bridge_receipt,SCOPED_BUILD_IDENTITIES,audit/targeted_bridges_2026-10-07/HELP_FACTORY_REUSE.json,b905784d2fb880b31a86f66761dca903facf61ae684af4a51ec8ee98a703877b,182852,Selected typed/array/plane/part-update relation with explicit semantic ceilings,PRIMARY_DERIVED,OwnPE/originalASM/type/data or protectedfactory reuse checked; no fullgrammar/live/owner/API/bugcausal closure
TBC-XAM-PRIMARY,selected_primary_bridge_receipt,SCOPED_BUILD_IDENTITIES,audit/targeted_bridges_2026-10-07/XAM_PRIMARY.json,cbb13ae0830e3a1d854b5cc599c448b9a32bcfc402abce7820036749e71048cc,271673,Boundedretainedblock/q-row/Mainoperand/initialflag/GOGcallback or normalizedlocaldefuse evidence,PRIMARY_DERIVED,VERIFIEDselectedbyte/field/type/branch/directlocalfacts; nofullgrammar/currentepisodes/API/decode/lifetime/ownership or runtimepromotion
TBC-AUDIO_ID-PRIMARY,selected_primary_bridge_receipt,SCOPED_BUILD_IDENTITIES,audit/targeted_bridges_2026-10-07/AUDIO_ID_PRIMARY.json,89fb2799f3453d97c873fc9015011afca3191cfdc198aa3eb9fd43bab5797ed7,248334,Boundedretainedblock/q-row/Mainoperand/initialflag/GOGcallback or normalizedlocaldefuse evidence,PRIMARY_DERIVED,VERIFIEDselectedbyte/field/type/branch/directlocalfacts; nofullgrammar/currentepisodes/API/decode/lifetime/ownership or runtimepromotion
TBC-INPUT_INITIAL-PRIMARY,selected_primary_bridge_receipt,SCOPED_BUILD_IDENTITIES,audit/targeted_bridges_2026-10-07/INPUT_INITIAL_PRIMARY.json,32be08b353b5c5437f3beaf95272c11b681f429051da1b0bbd510e603a480867,124757,Boundedretainedblock/q-row/Mainoperand/initialflag/GOGcallback or normalizedlocaldefuse evidence,PRIMARY_DERIVED,VERIFIEDselectedbyte/field/type/branch/directlocalfacts; nofullgrammar/currentepisodes/API/decode/lifetime/ownership or runtimepromotion
TBC-GOG_AUDIO_TASK-PRIMARY,selected_primary_bridge_receipt,SCOPED_BUILD_IDENTITIES,audit/targeted_bridges_2026-10-07/GOG_AUDIO_TASK_PRIMARY.json,27004a7c31a41035fb3d386ae82c8141854e2c9e4c069297ed7b6e5761ab6b5f,550726,Boundedretainedblock/q-row/Mainoperand/initialflag/GOGcallback or normalizedlocaldefuse evidence,PRIMARY_DERIVED,VERIFIEDselectedbyte/field/type/branch/directlocalfacts; nofullgrammar/currentepisodes/API/decode/lifetime/ownership or runtimepromotion
TBC-XAM_LOCAL_SCREEN_V2-PRIMARY,selected_primary_bridge_receipt,SCOPED_BUILD_IDENTITIES,audit/targeted_bridges_2026-10-07/XAM_LOCAL_SCREEN_V2.json,b5b6c81fab11067e750ae3dd48f8fd1d1321b3dfe5077e8e91daa5b02f652640,21091,Boundedretainedblock/q-row/Mainoperand/initialflag/GOGcallback or normalizedlocaldefuse evidence,PRIMARY_DERIVED,VERIFIEDselectedbyte/field/type/branch/directlocalfacts; nofullgrammar/currentepisodes/API/decode/lifetime/ownership or runtimepromotion
TBC-LOADING_CALLBACK_V2-PRIMARY,selected_primary_bridge_receipt,STEAM_PC;GOG_PC,audit/targeted_bridges_2026-10-07/LOADING_CALLBACK_V2_PRIMARY.json,8d41400b93baa4f40557eaf32dd89c391d61af526ddbbf50f716587ed42cdeee,180943,Pairedavailableloadingcallbacks/Steamexactdispatcherprefix ordeclaredSleepimportidentity,PRIMARY_DERIVED,VERIFIEDownPE/ASM/constant/import; failedfullthunk00712D48preserved0credit; notcurrentvptr/activation/cadence/API/concurrency/safe lastuse
TBC-LOADING_IMPORT_ID-PRIMARY,selected_primary_bridge_receipt,STEAM_PC;GOG_PC,audit/targeted_bridges_2026-10-07/LOADING_IMPORT_ID_PRIMARY.json,60feb990fbb3dee4ebc2b76c2eed247abd7ecd9a5aef2fbb2ca186a4c4e3b129,1967,Pairedavailableloadingcallbacks/Steamexactdispatcherprefix ordeclaredSleepimportidentity,PRIMARY_DERIVED,VERIFIEDownPE/ASM/constant/import; failedfullthunk00712D48preserved0credit; notcurrentvptr/activation/cadence/API/concurrency/safe lastuse
FSC-OPTIONAL-ADMISSION-PRIMARY,selected_primary_final_static_receipt,STEAM_PC,audit/final_static_campaign_2026-10-07/OPTIONAL_RECORD_PRODUCER_PRIMARY.json,066531a25df91970ee637d404f4b0a3c58340bac9acd38fd1757b1f2dd534087,55385,Selected optional-record admission/comparator/caller/type/drain mechanics; own PE/original ASM matched,PRIMARY_DERIVED,Selected static scope only; no stable ordering/current generations/backend success/cadence/capacity invariant/ownership/last-borrower proof
FSC-OPTIONAL-CONNECTION-PRIMARY,selected_primary_final_static_receipt,STEAM_PC;GOG_PC,audit/final_static_campaign_2026-10-07/OPTIONAL_RECORD_CONNECTION_PRIMARY.json,65c9686f225400a916d3d9b05d0aa8b0db52496230df4f420c5586357b733da4,264826,Selected optional-record admission/comparator/caller/type/drain mechanics; own PE/original ASM matched,PRIMARY_DERIVED,Selected static scope only; no stable ordering/current generations/backend success/cadence/capacity invariant/ownership/last-borrower proof
FSC-ATTACHMENT-MAIN-PRIMARY,selected_primary_final_static_receipt,STEAM_PC,audit/final_static_campaign_2026-10-07/ATTACHMENT_MAIN_PRIMARY.json,9760f93568d34c63fedb0d5a790d010b50e820eb9dc5a5e46ec99f4d19b57b9a,775891,Parent/index/localvectors setter and child matrix-transform consumer with independent created-child ingresses,PRIMARY_DERIVED,Own PE/originalASM/exactcorrectedfragments; conditional mechanics not transactional setup/current epochs/ownership/pose/GPU freshness or successfulrequests
FSC-ATTACHMENT-IMPORT-PRIMARY,selected_primary_final_static_receipt,STEAM_PC,audit/final_static_campaign_2026-10-07/ATTACHMENT_IMPORT_PRIMARY.json,25e927c4270d5eee70d57d281120e87c6ade08f55449bf410cc7cc57818431ee,6719,Two selected import JMP/IAT identities; no library-body semantic credit,PRIMARY_DERIVED,Own PE/originalASM/exactcorrectedfragments; conditional mechanics not transactional setup/current epochs/ownership/pose/GPU freshness or successfulrequests
FSC-PUZZLE-STEAM-PRIMARY,selected_primary_final_static_receipt,STEAM_PC,audit/final_static_campaign_2026-10-07/PUZZLE_MAIN_STEAM_PRIMARY.json,0166649ddb0ef604de445fc691437fff13f1b0a7e321830c889d92383e0bc6b4,2076763,Selected named puzzle numerical/state/callback/table/lookup or file-backed scalar mechanics; own PE/ASM matched,PRIMARY_DERIVED,"Fourlargeswitchmethods/build areEXPORT_ATTRIBUTION,notreconstructedwholebody; partial/unassignedveneer scopes retained; oldctorsanchorsnotprogress; result/gen/API/lifecycle/externalcalleehomology notproved"
FSC-PUZZLE-GOG-PRIMARY,selected_primary_final_static_receipt,GOG_PC,audit/final_static_campaign_2026-10-07/PUZZLE_MAIN_GOG_PRIMARY.json,6cf3d04327b1d328a4bb8f211a1211bff528fed30f5c7fa9c45432402c9bd9a3,2086274,Selected named puzzle numerical/state/callback/table/lookup or file-backed scalar mechanics; own PE/ASM matched,PRIMARY_DERIVED,"Fourlargeswitchmethods/build areEXPORT_ATTRIBUTION,notreconstructedwholebody; partial/unassignedveneer scopes retained; oldctorsanchorsnotprogress; result/gen/API/lifecycle/externalcalleehomology notproved"
FSC-PUZZLE-BOUNDARY-PRIMARY,selected_primary_final_static_receipt,STEAM_PC,audit/final_static_campaign_2026-10-07/PUZZLE_MAIN_BOUNDARY_PRIMARY.json,2e2735263108ae949ad5b5a3334396a8f49507cc6f5a8e5d88bad0b7355edec0,176960,Selected named puzzle numerical/state/callback/table/lookup or file-backed scalar mechanics; own PE/ASM matched,PRIMARY_DERIVED,"Fourlargeswitchmethods/build areEXPORT_ATTRIBUTION,notreconstructedwholebody; partial/unassignedveneer scopes retained; oldctorsanchorsnotprogress; result/gen/API/lifecycle/externalcalleehomology notproved"
FSC-PUZZLE-SCALAR-PRIMARY,selected_primary_final_static_receipt,STEAM_PC;GOG_PC,audit/final_static_campaign_2026-10-07/PUZZLE_SCALAR_PRIMARY.json,977ee0d1a9aace5917d71852a852bd20c5422bed36fba885af39ccb7a3e0b60a,7400,Selected named puzzle numerical/state/callback/table/lookup or file-backed scalar mechanics; own PE/ASM matched,PRIMARY_DERIVED,"Fourlargeswitchmethods/build areEXPORT_ATTRIBUTION,notreconstructedwholebody; partial/unassignedveneer scopes retained; oldctorsanchorsnotprogress; result/gen/API/lifecycle/externalcalleehomology notproved"
FSC-XPM-MAIN-PRIMARY,selected_primary_final_static_receipt,STEAM_PC;GOG_PC,audit/final_static_campaign_2026-10-07/XPM_MAIN_PRIMARY.json,12a7d57f593f3f8b94f3d89ee0a5a6f1e4f995b2507c05382743f79b09d71b25,6553360,Selected XPM envelopes/cache/catalog/model-shape/direct-IAT mechanics,PRIMARY_DERIVED,"Selected executable forms/cache/shape mechanics; full corpus grammar, admitted key/count/length, current model/cache/SDK identity, success/insertion, owner/lifetime/last borrowers and GOG downstream factory UNKNOWN; signed16 versus full32 key domains distinct."
FSC-XPM-CATALOG-PRIMARY,selected_primary_final_static_receipt,STEAM_PC,audit/final_static_campaign_2026-10-07/XPM_CATALOG_PRIMARY.json,baaf4decde00b947f09a588b74038e059743fe7b64d92f9618de8824ae27a6ce,161256,Selected XPM envelopes/cache/catalog/model-shape/direct-IAT mechanics,PRIMARY_DERIVED,"Selected executable forms/cache/shape mechanics; full corpus grammar, admitted key/count/length, current model/cache/SDK identity, success/insertion, owner/lifetime/last borrowers and GOG downstream factory UNKNOWN; signed16 versus full32 key domains distinct."
FSC-XPM-COOK-CALLS-PRIMARY,selected_primary_final_static_receipt,STEAM_PC;GOG_PC,audit/final_static_campaign_2026-10-07/XPM_COOK_CALLS_PRIMARY_V2.json,ddcc6a5cacf4baaeb11656f38f375cbadae551280e0cb887f427b9c03878d1be,37010,Selected XPM envelopes/cache/catalog/model-shape/direct-IAT mechanics,PRIMARY_DERIVED,"Selected executable forms/cache/shape mechanics; full corpus grammar, admitted key/count/length, current model/cache/SDK identity, success/insertion, owner/lifetime/last borrowers and GOG downstream factory UNKNOWN; signed16 versus full32 key domains distinct."
FSC-ENVIRONMENT-MAIN-PRIMARY,selected_primary_final_static_receipt,STEAM_PC,audit/final_static_campaign_2026-10-07/ENVIRONMENT_MAIN_PRIMARY_V3.json,624853d97af6ad6254440548db986f70961e81028feadc91746f51adf702341e,5958075,"Selected environment/cloud/Timer/pulse/render packet/thunder audio interfaces, exact aligned scopes",PRIMARY_DERIVED,"Selected static scope; dynamic receiver/callback/Timer/packet/record/resource epochs, admitted indices/weights/aliases, clock units/cadence, complete material/weather schema, successful audio/draw, ownership/safe retirement/last borrowers and GOG correspondence UNKNOWN. No observed fault or synchronized thunder episode."
FSC-PLAYER-SHOT-QUERY-MAIN-PRIMARY,selected_primary_final_static_receipt,STEAM_PC,audit/final_static_campaign_2026-10-07/PLAYER_MAIN_PRIMARY_V2.json,e5958b0a624f3f1200ba4f917d3aed625e66ffcfd7b99db1daad844b07575add,7525431,Retained exact player/CShot/hybrid scene report/query/thread policy and raw/candidate scopes,PRIMARY_DERIVED,"Selected Steam static mechanics only; raw/candidate identity separate from supported entry admission. Input/key/count/face/packet/alias domains, current object/bank/report/callback/Game epochs, nearest/completeness, SDK/query/draw success, ownership/safe retirement/last use and GOG behavior UNKNOWN. No observed FPS/fault theorem."
FSC-DARTS-MAIN-PRIMARY,selected_primary_final_static_receipt,STEAM_PC;GOG_PC,audit/final_static_campaign_2026-10-07/DARTS_MAIN_PRIMARY.json,f1edbb13c8be0ed390b857fa9431f6398687f7f2bc7eb60da7c2fc19d04dce9a,5737147,Selected named Darts pool/geometry/native packet/score/camera mechanics with explicit raw-only GOG gaps,PRIMARY_DERIVED,"Selected static mechanisms; current collision/classifier/retained-board/score/driver/callback/pose epochs and aliases, admitted scalar/index/modifier/calibration/nonfinite inputs, query/launch/draw/score success, full rules, ownership/retirement/last borrowers UNKNOWN. No live CShot-to-board or same-hit score proof."
FSC-LAYOUT-TEXT-MAIN-PRIMARY,selected_primary_final_static_receipt,STEAM_PC;GOG_PC,audit/final_static_campaign_2026-10-07/LAYOUT_TEXT_MAIN_PRIMARY.json,4024bd7cb38d91ee87e70d6e165f43c11403a50b48cb224ed06a040ce972cc4e,5125090,Selected typed private layout/text state/restore/XLY/save presentation-origin or literal mechanics,PRIMARY_DERIVED,"Selected private layout/text/save-origin mechanisms; partial initialization, current source/scratch/bank/child identity, index/count/duration/scalar/alias domains, full XLY/text content, successful draw/free/save admission/durable transfer, clock units/cadence/owner/last borrowers UNKNOWN. Restore order is not post-call equality; GOG private-XLY/save-origin unproved."
FSC-LAYOUT-SCALAR-PRIMARY,selected_primary_final_static_receipt,STEAM_PC;GOG_PC,audit/final_static_campaign_2026-10-07/LAYOUT_SCALAR_PRIMARY_V2.json,74a7b34a3a1698ea814fc74e55a464e2045fd84c4f5d0808825ea04518cc6837,6593,Selected typed private layout/text state/restore/XLY/save presentation-origin or literal mechanics,PRIMARY_DERIVED,"Selected private layout/text/save-origin mechanisms; partial initialization, current source/scratch/bank/child identity, index/count/duration/scalar/alias domains, full XLY/text content, successful draw/free/save admission/durable transfer, clock units/cadence/owner/last borrowers UNKNOWN. Restore order is not post-call equality; GOG private-XLY/save-origin unproved."
FSC-ATTACHMENT-MASK-SUPPORT-PRIMARY,selected_primary_final_static_receipt,STEAM_PC,audit/final_static_campaign_2026-10-07/ATTACHMENT_MASK_EFFECT_PRIMARY.json,349080a0eaeba8c0f5badf3aa64519cadbcb232028e6f14343b04f4ebf6636aa,19101,"23-byte loadbearing attachment mask-effect reliance qualifier, support-only no primitive discovery count",PRIMARY_DERIVED,Callerrequest vs owncallee stores distinction resolvedlocally; no actualcurrentattachment/loop/epoch/ownership or newfunctionclassificationcredit
FSC-UI-BANK-TOKEN-MAIN-PRIMARY,selected_primary_final_static_receipt,STEAM_PC;GOG_PC,audit/final_static_campaign_2026-10-07/UI_MAPPING_MAIN_PRIMARY_V4.json,1b8010dbb9dac37207a8f325e0685507ed7adad9bbcaf6f4d6c354c510b8b020,1687792,Selected relative control bank/custom register token/default/staged/query mechanics with all local map data,PRIMARY_DERIVED,"Selected numeric/custom-register scope; current Game/Input/staged/bank/record identities, admitted mask/index/value/glyph domains, physical button names, complete52-byte configuration schema, persistence/apply/query/render success, owner/lifetime/cadence and GOG producer policy UNKNOWN."
