build,address,rva,canonical_name,data_type_or_size,subsystem,owner_or_manager,readers,writers,evidence_state,evidence_refs,last_reviewed,notes
STEAM_PC,00885890,0x485890,dispatch_reset_flag_candidate,4-byte scalar/pointer; exact type unresolved,OBJECT_DISPATCH,,"0045c9f0:6,00458a30:4,0045abf0:4,0045b710:2,0045c0b0:1","00401440:1,00401a70:1",UNKNOWN,EXPORT-STEAM-xrefs_csv;DP_decompiled.c;DP_full.asm,2026-10-01,"data reference total=19; raw read/write role is verified, semantic name is a candidate"
STEAM_PC,008a6074,0x4a6074,CDemo_context_flags,"CDemo+4 dword; bit31 selector,bit30 independent",EVENT_SCRIPT,"CDemo field,notstandalone manager",Accepted0041C270 frame/contextgetter andscopedaudio/input/weather;0047F8C6 selected NPC bit31 gate,0076ABADzero;00426A9Fset31;00426831/00642FEF/00644480clear31;00424EB7/00424F62bit30,VERIFIED,findings/boundaries/cdemo_context_selector_provenance.md;findings/boundaries/npc_enemy_camera_scalar_marker_policy.md,2026-10-04,"Rawroot/member/valueflow verified; no fullreader/writer universe beyondprovidedexact008A6074 xrefs, indirectwriteabsence/livecadence orall-mode policy. Seq52 NPC event1 samples bit31 after opaque prehandler; no stable simultaneous mode/AI semantics."
STEAM_PC,008a6078,0x4a6078,CDemo_numeric_request,CDemo+8 dword,EVENT_SCRIPT,CDemo field,Selectedcallbackstate/requestbranches,00427AD0 storesrequestednumericvalue; selectedrawqueue also writes,VERIFIED,findings/boundaries/cdemo_context_selector_provenance.md,2026-10-03,"Rawroot/member/valueflow verified; no fullreader/writer universe beyondprovidedexact008A6074 xrefs, indirectwriteabsence/livecadence orall-mode policy."
STEAM_PC,008a6700,0x4a6700,global_008a6700,4-byte scalar/pointer; exact type unresolved,UNKNOWN,,"004213d0:9,00424f4d:2",004213d0:1,UNKNOWN,EXPORT-STEAM-xrefs_csv;DP_decompiled.c;DP_full.asm,2026-10-01,"data reference total=12; raw read/write role is verified, semantic name is a candidate"
STEAM_PC,008A6704,0x4a6704,Demo_configuration_publication_index_count,DWORD selectedindex/currentvalue increment,EVENT_SCRIPT,UNKNOWN,0041D970 selectedcurrentindex; priorotherreaderlocators unqualified,0041D970 selectedincrement; otherwritersunqualified,VERIFIED,findings/boundaries/phase6_static_thread_vector_and_demo_level_configuration.md,2026-10-05,Selectedindexuses4*word thenincrements afteroriginalESIstore. No capacity/ordering/coherence/owner/generation orcompletewriter universe.
STEAM_PC,008a721c,0x4a721c,CDemoMovie_context_flags,CDemoMovie+4 dword; selectedbit31clears,MEDIA_PLAYBACK,CDemoMovie field,Fullread/producerpolicy unvisited,0042682B/00642FF5/00644486 clear31,VERIFIED,findings/boundaries/cdemo_context_selector_provenance.md,2026-10-03,"Rawroot/member/valueflow verified; no fullreader/writer universe beyondprovidedexact008A6074 xrefs, indirectwriteabsence/livecadence orall-mode policy."
STEAM_PC,008a7220,0x4a7220,global_008a7220,4-byte scalar/pointer; exact type unresolved,UNKNOWN,,"00427af0:12,00401440:1",,UNKNOWN,EXPORT-STEAM-xrefs_csv;DP_decompiled.c;DP_full.asm,2026-10-01,"data reference total=13; raw read/write role is verified, semantic name is a candidate"
STEAM_PC,008a7230,0x4a7230,global_008a7230,4-byte scalar/pointer; exact type unresolved,UNKNOWN,,00427af0:2,00427af0:17,UNKNOWN,EXPORT-STEAM-xrefs_csv;DP_decompiled.c;DP_full.asm,2026-10-01,"data reference total=19; raw read/write role is verified, semantic name is a candidate"
STEAM_PC,008a8750,0x4a8750,global_008a8750,4-byte scalar/pointer; exact type unresolved,UNKNOWN,,"0049d570:3,004938e0:2,00495c70:2,0049c7d0:2,0049cf30:2,00492d60:1,004948b0:1,00499b50:1,0049f090:1",,UNKNOWN,EXPORT-STEAM-xrefs_csv;DP_decompiled.c;DP_full.asm,2026-10-01,"data reference total=15; raw read/write role is verified, semantic name is a candidate"
STEAM_PC,008a875c,0x4a875c,global_008a875c,4-byte scalar/pointer; exact type unresolved,UNKNOWN,,"0049d570:3,004938e0:2,00495c70:2,0049c7d0:2,0049cf30:2,00492d60:1,004948b0:1,00499b50:1,0049f090:1",,UNKNOWN,EXPORT-STEAM-xrefs_csv;DP_decompiled.c;DP_full.asm,2026-10-01,"data reference total=15; raw read/write role is verified, semantic name is a candidate"
STEAM_PC,008a971c,0x4a971c,frame_tick_counter,4-byte scalar/pointer; exact type unresolved,APPLICATION_LIFECYCLE,,"00522d50:4,00503c60:1","00401a70:1,0052e0d0:1",STRONG_INFERENCE,EXPORT-STEAM-xrefs_csv;DP_decompiled.c;DP_full.asm,2026-10-01,"data reference total=7; raw read/write role is verified, semantic name is a candidate"
STEAM_PC,008a9758,0x4a9758,player_state_handler_table_candidate,4-byte scalar/pointer; exact type unresolved,PLAYER_ACTOR,,,,STRONG_INFERENCE,EXPORT-STEAM-xrefs_csv;DP_decompiled.c;DP_full.asm,2026-10-01,"data reference total=0; raw read/write role is verified, semantic name is a candidate"
STEAM_PC,008a9980,0x4a9980,actor_state_to_camera_mode_table,137 observed file-backed dwords (0x224); not input sample staging,INPUT_CAMERA,Actor-state transition to camera; CPlayer receiver identity STRONG_INFERENCE,00528F40 indexed comparison/load,UNKNOWN; static initialized data observed,VERIFIED,findings/boundaries/input_camera_primary_roots.md,2026-10-03,Numeric mode map with caller/setter overrides; not proof of C0004 whole CPlayer handler-table extent. GOG unpromoted.
STEAM_PC,008A9BA4,0x4a9ba4,dispatch_lookup_argument_word,DWORD currentvalue suppliedto006C5FD0 at005D4F08; completekindUNKNOWN,OBJECT_DISPATCH,UNKNOWN,"00504510:157,00520860:151,004e8bf0:125,0064fa30:88,00497560:80,00525820:76,004f2d40:74,00522230:68,004e6f90:66,004a93c0:52,004d5d70:52,004f7ef0:52","00452780:2,004213d0:1,00642640:1",STRONG_INFERENCE,findings/boundaries/phase6_static_thread_vector_and_demo_level_configuration.md,2026-10-05,Selectedread/transportverified; prior4216xref popularity islocatoronly. No globalmanagerpointer/currentPlayer/packedformat/success/currentgeneration fromthisread; actualreturnedtype/stackdisposition unknown.
STEAM_PC,008a9bc8,0x4a9bc8,camera_numeric_mode_handler_table,17 file-backed function pointers (0x44),INPUT_CAMERA,CCamera numeric-mode dispatcher005354D0,005354D0 indexed pointer read/call,UNKNOWN; initialized data observed,VERIFIED,findings/boundaries/input_camera_primary_roots.md,2026-10-03,"Guard0..16; null4 and skip9;10/11 sharetarget. CALL ECX uses codepointer, not objectthis; handler reacquiresroot. GOG unpromoted."
STEAM_PC,008bf252,0x4bf252,global_008bf252,4-byte scalar/pointer; exact type unresolved,UNKNOWN,,"0041c820:8,0041d970:8,005d2100:1",,UNKNOWN,EXPORT-STEAM-xrefs_csv;DP_decompiled.c;DP_full.asm,2026-10-01,"data reference total=17; raw read/write role is verified, semantic name is a candidate"
STEAM_PC,008bf256,0x4bf256,global_008bf256,4-byte scalar/pointer; exact type unresolved,UNKNOWN,,"0041c820:6,0041d970:6,0041c560:1,0041d3e0:1",,UNKNOWN,EXPORT-STEAM-xrefs_csv;DP_decompiled.c;DP_full.asm,2026-10-01,"data reference total=14; raw read/write role is verified, semantic name is a candidate"
STEAM_PC,008c29f8,0x4c29f8,global_008c29f8,4-byte scalar/pointer; exact type unresolved,UNKNOWN,,,"00614f00:3,004ffc40:1,004ffc70:1,005ff850:1,00603870:1,00605830:1,00606b50:1,00608d20:1,0060f290:1,00613960:1",UNKNOWN,EXPORT-STEAM-xrefs_csv;DP_decompiled.c;DP_full.asm,2026-10-01,"data reference total=12; raw read/write role is verified, semantic name is a candidate"
STEAM_PC,008c3b10,0x4c3b10,global_008c3b10,4-byte scalar/pointer; exact type unresolved,UNKNOWN,,00614f00:14,00611e80:1,UNKNOWN,EXPORT-STEAM-xrefs_csv;DP_decompiled.c;DP_full.asm,2026-10-01,"data reference total=15; raw read/write role is verified, semantic name is a candidate"
STEAM_PC,008c4c1c,0x4c4c1c,global_008c4c1c,4-byte scalar/pointer; exact type unresolved,UNKNOWN,,00627ab0:4,00627ab0:16,UNKNOWN,EXPORT-STEAM-xrefs_csv;DP_decompiled.c;DP_full.asm,2026-10-01,"data reference total=20; raw read/write role is verified, semantic name is a candidate"
STEAM_PC,008c4c20,0x4c4c20,global_008c4c20,4-byte scalar/pointer; exact type unresolved,UNKNOWN,,"00627ab0:12,00627800:1",,UNKNOWN,EXPORT-STEAM-xrefs_csv;DP_decompiled.c;DP_full.asm,2026-10-01,"data reference total=13; raw read/write role is verified, semantic name is a candidate"
STEAM_PC,008c552c,0x4c552c,global_008c552c,4-byte scalar/pointer; exact type unresolved,UNKNOWN,,0063ed30:4,0063ed30:14,UNKNOWN,EXPORT-STEAM-xrefs_csv;DP_decompiled.c;DP_full.asm,2026-10-01,"data reference total=18; raw read/write role is verified, semantic name is a candidate"
STEAM_PC,008c55f9,0x4c55f9,global_008c55f9,4-byte scalar/pointer; exact type unresolved,UNKNOWN,,00647730:20,,UNKNOWN,EXPORT-STEAM-xrefs_csv;DP_decompiled.c;DP_full.asm,2026-10-01,"data reference total=20; raw read/write role is verified, semantic name is a candidate"
STEAM_PC,00a00218,0x600218,global_00a00218,4-byte scalar/pointer; exact type unresolved,UNKNOWN,,"00642640:10,00647730:10,00614f00:8,0062f9b0:7,005fb8c0:5,006acf30:5,00608d20:4,00622db0:4,00654a80:4,005f86e0:3,00624fd0:3,00604730:2",006e17b0:2,UNKNOWN,EXPORT-STEAM-xrefs_csv;DP_decompiled.c;DP_full.asm,2026-10-01,"data reference total=100; raw read/write role is verified, semantic name is a candidate"
STEAM_PC,00a0021c,0x60021c,global_00a0021c,4-byte scalar/pointer; exact type unresolved,UNKNOWN,,"00642640:7,00647730:7,00614f00:6,005fb8c0:4,00622db0:4,0062f9b0:4,00654a80:4,00624fd0:3,006584d0:3,00621300:2,00662b80:2,00432950:1",006e17b0:2,UNKNOWN,EXPORT-STEAM-xrefs_csv;DP_decompiled.c;DP_full.asm,2026-10-01,"data reference total=68; raw read/write role is verified, semantic name is a candidate"
STEAM_PC,00bd5ecc,0x7d5ecc,global_00bd5ecc,4-byte scalar/pointer; exact type unresolved,UNKNOWN,,"00468a80:4,004213d0:2,00428de0:2,0042a500:2,0042ab40:2,00435ca0:2,005ec6c0:2,005fb8c0:2,00633b80:2,00642640:2,0066ee40:2,006761f0:2",0075c4de:1,UNKNOWN,EXPORT-STEAM-xrefs_csv;DP_decompiled.c;DP_full.asm,2026-10-01,"data reference total=796; raw read/write role is verified, semantic name is a candidate"
STEAM_PC,00bd7660,0x7d7660,global_00bd7660,4-byte scalar/pointer; exact type unresolved,UNKNOWN,,"00621260:2,00621300:2,00624e40:2,00401310:1,00401a70:1,004522d0:1,00621fe0:1","00401310:1,004017c0:1",UNKNOWN,EXPORT-STEAM-xrefs_csv;DP_decompiled.c;DP_full.asm,2026-10-01,"data reference total=12; raw read/write role is verified, semantic name is a candidate"
STEAM_PC,00bd766c,0x7d766c,global_00bd766c,4-byte scalar/pointer; exact type unresolved,APPLICATION_LIFECYCLE,,"00537f10:4,0054b220:3,005577d0:1",00401a70:1,UNKNOWN,EXPORT-STEAM-xrefs_csv;DP_decompiled.c;DP_full.asm,2026-10-01,"data reference total=9; raw read/write role is verified, semantic name is a candidate"
STEAM_PC,00bd7670,0x7d7670,crdscenedraw_application_root,pointer alias published from 00BD9E68 CSingleton<CRdSceneDraw> allocation,OBJECT_DISPATCH,application startup/use/shutdown; cache lifetime separate,"00504510:151,004e8bf0:116,00520860:98,0064fa30:88,00497560:78,00525820:78,00507ba0:77,004f2d40:73,004e6f90:64,00522230:62,004d5d70:56,0054b220:56",004017C0:1;00401310:1,VERIFIED,findings/boundaries/crdscenedraw_active_manager_interface.md,2026-10-02,"Exact startup EAX->root/ECX identity and raw RTTI verified. Shutdown invokes session/member cleanup then clears app root, not cache/free. Existing direct reference census retained; no reader taxonomy repetition."
STEAM_PC,00bd7678,0x7d7678,object_manager_context_candidate,4-byte scalar/pointer; exact type unresolved,OBJECT_DISPATCH,,"004011b0:7,005d8720:7,00401a70:3,0040a040:3,0040a860:3,00427af0:3,0066dba0:3,00401440:2,0066f510:2,006ab040:2,00401310:1,005577d0:1","00401310:1,004017c0:1",STRONG_INFERENCE,EXPORT-STEAM-xrefs_csv;DP_decompiled.c;DP_full.asm,2026-10-01,"data reference total=46; raw read/write role is verified, semantic name is a candidate"
STEAM_PC,00bd7680,0x7d7680,CRdPrim_application_use_alias,pointer alias of00BD9E5C atstartup publication,RENDER_D3D9,"Usealias,notseparateallocation",00667960 selectedweathergeometry,0040189A publishesgetterEAX; otherwritersnotnewlyreviewed,VERIFIED,findings/boundaries/effects_organizing_roots_and_use.md,2026-10-03,Selected primarytype/pointergenealogy; retainer/alias distinctfromexclusiveownership; no fullwritercensus orruntimeproof.
STEAM_PC,00bd7688,0x7d7688,global_00bd7688,4-byte scalar/pointer; exact type unresolved,UNKNOWN,,"00452780:3,004213d0:2,004533c0:2,00401310:1,0046b7d0:1,00470b10:1,00496be0:1,004b1c30:1,004dee70:1,0052e0d0:1,005be540:1,005c92c0:1","00401310:1,004017c0:1",UNKNOWN,EXPORT-STEAM-xrefs_csv;DP_decompiled.c;DP_full.asm,2026-10-01,"data reference total=22; raw read/write role is verified, semantic name is a candidate"
STEAM_PC,00bd768c,0x7d768c,application_crddata_alias,4-byte pointer alias to acquired CSingleton<CRdData>,RESOURCE_LOADING,Application alias; singleton00BD9E3C is separate; exclusive lifetime ownership UNKNOWN,"0059ac60:25,00462a60:22,005d26b0:17,00642640:10,00583d60:9,005a24a0:9,0059f270:7,0057bc70:6,005a5de0:6,005e9950:6,0042d700:5,0058c5e0:4","00401310:1,004017c0:1",VERIFIED,findings/formats/resource_manager_root.md;inputs/decompiler/steam/DP_full.asm:580-586;findings/boundaries/cmap_state_resource_phase_placement.md,2026-10-03,Mechanical accepted-evidence projection of C0035 acquisition/type and Steam C0120 frame-tail use. Original xref readers/writers retained. No complete manager ownership/free or GOG tail semantics inferred.
STEAM_PC,00bd7790,0x7d7790,global_00bd7790,4-byte scalar/pointer; exact type unresolved,UNKNOWN,,"005d8720:73,0066dba0:16,004a6740:3,0066f510:3,00473690:2,006516e0:2,00401310:1,00401440:1,00449a00:1,0044a040:1,004a2c80:1,004a2ce0:1","00401310:1,004017c0:1",UNKNOWN,EXPORT-STEAM-xrefs_csv;DP_decompiled.c;DP_full.asm,2026-10-01,"data reference total=112; raw read/write role is verified, semantic name is a candidate"
STEAM_PC,00bd77b4,0x7d77b4,global_00bd77b4,4-byte scalar/pointer; exact type unresolved,UNKNOWN,,"00647730:65,00642640:39,00537f10:29,00522d50:26,006584d0:22,00654a80:20,005fb8c0:19,0062f9b0:18,00622db0:17,00614f00:14,00624fd0:13,006ff860:13",,UNKNOWN,EXPORT-STEAM-xrefs_csv;inputs/decompiler/steam/DP_full.asm;reports/PHASE6_INDEPENDENT_CLUSTER_SYNTHESIS_2026-10-05_SEQ0167.md,2026-10-05,"data reference total=514; raw read/write role is verified, semantic name is a candidate Seq167 selectedowninterface 00662B80 ownMOVZX/query transport; semanticname/currentvalue/type/gen/owner/physicalmeaning notupgraded."
STEAM_PC,00bd964c,0x7d964c,global_00bd964c,4-byte scalar/pointer; exact type unresolved,UNKNOWN,,"005fb8c0:3,006516e0:3,0046f360:2,005254d0:2,00544ab0:2,0058a0f0:2,00647730:2,0064f200:2,00668880:2,00676520:2,00441470:1,00469bb0:1","0052e0d0:6,006516e0:4,0053aad0:1",UNKNOWN,EXPORT-STEAM-xrefs_csv;DP_decompiled.c;DP_full.asm,2026-10-01,"data reference total=52; raw read/write role is verified, semantic name is a candidate"
STEAM_PC,00bd9650,0x7d9650,global_00bd9650,4-byte scalar/pointer; exact type unresolved,UNKNOWN,,"005fb8c0:3,006516e0:3,0046f360:2,005254d0:2,00544ab0:2,00647730:2,0064f200:2,00668880:2,00441470:1,00469bb0:1,0046e4d0:1,004714f0:1","0052e0d0:6,006516e0:4,0053aad0:1",UNKNOWN,EXPORT-STEAM-xrefs_csv;DP_decompiled.c;DP_full.asm,2026-10-01,"data reference total=50; raw read/write role is verified, semantic name is a candidate"
STEAM_PC,00bd9654,0x7d9654,global_00bd9654,4-byte scalar/pointer; exact type unresolved,UNKNOWN,,"006516e0:4,005fb8c0:3,0046f360:2,005254d0:2,00544ab0:2,0058a0f0:2,00647730:2,0064f200:2,00668880:2,00676520:2,00441470:1,00469bb0:1","0052e0d0:6,006516e0:4,0053aad0:1",UNKNOWN,EXPORT-STEAM-xrefs_csv;DP_decompiled.c;DP_full.asm,2026-10-01,"data reference total=53; raw read/write role is verified, semantic name is a candidate"
STEAM_PC,00bd9658,0x7d9658,global_00bd9658,4-byte scalar/pointer; exact type unresolved,UNKNOWN,,"006516e0:3,0046f360:2,005fb8c0:2,00647730:2,00668880:2,00441470:1,00469bb0:1,0046e4d0:1,004714f0:1,00479410:1,004fff40:1,005254d0:1","0052e0d0:6,006516e0:4,0053aad0:1",UNKNOWN,EXPORT-STEAM-xrefs_csv;DP_decompiled.c;DP_full.asm,2026-10-01,"data reference total=40; raw read/write role is verified, semantic name is a candidate"
STEAM_PC,00bd965c,0x7d965c,global_00bd965c,4-byte scalar/pointer; exact type unresolved,UNKNOWN,,"005d7d20:8,00544ab0:4,0046f360:2,005fb8c0:2,00647730:2,006516e0:2,00441470:1,004fff40:1,005254d0:1,0052e0d0:1,0054f980:1,00588c50:1","0052e0d0:6,006516e0:4,0053aad0:1",UNKNOWN,EXPORT-STEAM-xrefs_csv;DP_decompiled.c;DP_full.asm,2026-10-01,"data reference total=46; raw read/write role is verified, semantic name is a candidate"
STEAM_PC,00bd9660,0x7d9660,global_00bd9660,4-byte scalar/pointer; exact type unresolved,UNKNOWN,,"00544ab0:4,0046f360:2,005fb8c0:2,00647730:2,006516e0:2,00441470:1,004fff40:1,005254d0:1,0052e0d0:1,0054f980:1,0059a1a0:1,005d5b20:1","0052e0d0:6,006516e0:4,0053aad0:1",UNKNOWN,EXPORT-STEAM-xrefs_csv;DP_decompiled.c;DP_full.asm,2026-10-01,"data reference total=37; raw read/write role is verified, semantic name is a candidate"
STEAM_PC,00bd9664,0x7d9664,global_00bd9664,4-byte scalar/pointer; exact type unresolved,UNKNOWN,,"005d7d20:8,00544ab0:4,0046f360:2,005fb8c0:2,00647730:2,006516e0:2,00441470:1,004fff40:1,005254d0:1,0052e0d0:1,0054f980:1,00588c50:1","0052e0d0:6,006516e0:4,0053aad0:1",UNKNOWN,EXPORT-STEAM-xrefs_csv;DP_decompiled.c;DP_full.asm,2026-10-01,"data reference total=46; raw read/write role is verified, semantic name is a candidate"
STEAM_PC,00bd9668,0x7d9668,global_00bd9668,4-byte scalar/pointer; exact type unresolved,UNKNOWN,,"00544ab0:4,0046f360:2,00647730:2,006516e0:2,00441470:1,004fff40:1,0054f980:1,00588c50:1,0059a1a0:1,005d5b20:1,005d7d20:1,005ea9d0:1","0052e0d0:6,006516e0:4,0053aad0:1",UNKNOWN,EXPORT-STEAM-xrefs_csv;DP_decompiled.c;DP_full.asm,2026-10-01,"data reference total=33; raw read/write role is verified, semantic name is a candidate"
STEAM_PC,00bd96b0,0x7d96b0,matrix_scalar_staging_candidate,4-byte scalar/pointer; exact type unresolved,APPLICATION_LIFECYCLE,,,"00401a70:1,005577d0:1",UNKNOWN,EXPORT-STEAM-xrefs_csv;DP_decompiled.c;DP_full.asm,2026-10-01,"data reference total=2; raw read/write role is verified, semantic name is a candidate"
STEAM_PC,00bd9e10,0x7d9e10,TSiHolder_CInput_cached_root,pointer to observed0xBD0 holder; CInput baseoffset0,INPUT_CAMERA,"TypedInputholdercache; code-onlyCSiHolder/appconditionalcurrentrootfinalizer interface, notcapturedinstance/safeowner",00409610;00404400;00401A70;00537660;raw00408A39 currentI/BC8guard,00409610 publication;raw00408A30 guarded clear,VERIFIED,findings/boundaries/input_camera_primary_roots.md;findings/boundaries/phase5_input_registered_finalizer_lifetime.md,2026-10-04,"Typed acquisition and selected frame/camera use; available finalizer does not prove invocation. Phase5oldavailable-versus-ownerlimit narrowedbyC0193 interface, notsuccessfulregistration/samecarrier/currentIgeneration/postcallrootclear equality. Export inventory notallraw consumers."
STEAM_PC,00bd9e18,0x7d9e18,global_00bd9e18,4-byte scalar/pointer; exact type unresolved,UNKNOWN,,"00408d80:2,00706740:2,00401a70:1,00404440:1,0046a390:1,0046a430:1,0046b6b0:1,00706f00:1","00706740:1,00706f00:1",UNKNOWN,EXPORT-STEAM-xrefs_csv;DP_decompiled.c;DP_full.asm,2026-10-01,"data reference total=12; raw read/write role is verified, semantic name is a candidate"
STEAM_PC,00bd9e40,0x7d9e40,global_00bd9e40,4-byte scalar/pointer; exact type unresolved,UNKNOWN,,"00473690:4,004522d0:3,005dfc80:3,004017c0:2,005dfd40:2,005e06c0:2,00622430:2,004069a0:1,0040b560:1,0040b5b0:1,00446af0:1,00622840:1","005dfd40:4,004522d0:3,00473690:3,005dfc80:3,004017c0:2,004069a0:2,005e06c0:2,00622430:2,00622840:2,00622b60:2,0040b560:1,0040b5b0:1",UNKNOWN,EXPORT-STEAM-xrefs_csv;DP_decompiled.c;DP_full.asm,2026-10-01,"data reference total=56; raw read/write role is verified, semantic name is a candidate"
STEAM_PC,00BD9E48,0x7d9e48,crdmovie_singleton_root,CSingleton<CRdMovie>*; observed shell 0x0C,MEDIA_PLAYBACK,CRdMovie title/control lazy root,Title start 00641500; explicit stop 006425F0,Same lazy acquisition contexts,VERIFIED,findings/boundaries/crdmovie_directshow_owner.md,2026-10-02,Movie/graph provenance is positive; broad game audio manager and singleton free caller not inferred.
STEAM_PC,00BD9E58,0x7d9e58,CEvent_singleton_cache,4-byte cache pointer; available requested3B9C CSingleton<CEvent> object,EVENT_SCRIPT,Cache retainer; exclusiveownership/currenttype/gen UNKNOWN,"00441470:74,00443060:44,0043e8d0:40,00437f90:30,0043d400:23,00439160:8,0043ca90:8,004378b0:7,00439690:6,00435ca0:4,00436450:4,004374f0:4","00443060:65,00441470:64,0043e8d0:63,00437f90:32,0043d400:24,00439160:8,0043ca90:8,00439690:6,00435ca0:5,00446af0:5,004374f0:4,004474f0:4",VERIFIED,findings/boundaries/phase6_shared_service_qualification.md;EXPORT-STEAM-xrefs_csv,2026-10-05,Previouslyglobal_00bd9e58 semanticUNKNOWN. New00405360 load/request/init/literalRTTI/publication/return only. Priorreaderwriter counts are locator metadata; actualruntime/allcallertypes/cleanup/free UNKNOWN.
STEAM_PC,00bd9ff0,0x7d9ff0,global_00bd9ff0,4-byte scalar/pointer; exact type unresolved,UNKNOWN,,"00408d80:2,0046ea70:2,0046f360:2,007068c0:2,004092a0:1,00706ff0:1","007068c0:1,00706ff0:1",UNKNOWN,EXPORT-STEAM-xrefs_csv;DP_decompiled.c;DP_full.asm,2026-10-01,"data reference total=12; raw read/write role is verified, semantic name is a candidate"
STEAM_PC,00bd9ff8,0x7d9ff8,savedata_holder_cache,4-bytepointer;observed0x74 holderallocation,SAVE_GAMERECORD,TSiHolder<CSaveData> cache;retainedbuffer andCSysutilcallback distinct,"00408d80:2,004647f0:2,004644d0:2,006ac600:2,006ac720:2,006adee0:2,004092e0:1,00409c90:1,00464550:1,004646c0:1,00464780:1,00661f40:1;raw00408A70 currentrootguard/deleting",00409c90:1;raw00408A70 afternormalreturnrootclear,VERIFIED,findings/boundaries/save_disk_staging_record_chain.md;findings/boundaries/phase5_save_sysutil_deferred_root_lifetime.md,2026-10-04,Selectedtypedacquisition/request/statecallback mechanics;nofullfree/GOG/runtime. Phase5currentrootfinalizercode registeredtoengineCSiHolder/applicationroute. Conditionaldeallocationboundary separatefromrootclear; currentgen/callback-buffer/stopjoin/operation-successUNKNOWN.
STEAM_PC,00bda000,0x7da000,cmessage_singleton_global,4-byte CSingleton<CMessage>* global,NATIVE_UI,CSingleton<CMessage>,"00468a80:82,00659b40:50,005fb8c0:31,0062f9b0:31,004fafe0:20,00656310:19,004fa790:18,005f86e0:15,00641b90:13,0044a040:11,00504510:10,00625c70:10","00468a80:78,00659b40:37,0062f9b0:29,004fafe0:24,005fb8c0:24,004fa790:18,00656310:17,00641b90:14,00504510:13,005f86e0:13,00431ba0:12,0050a060:12",VERIFIED,inputs/decompiler/steam/DP_decompiled.c:72222-73520; inputs/decompiler/gog/DP_decompiled.c:64953-66251; findings/boundaries/cmessage_high_centrality_dispatcher.md,2026-10-02,"data reference total=1145; raw read/write role is verified, semantic name is a candidate Reconciled 2026-10-02: paired dispatcher lazily allocates and writes CSingleton<CMessage>::vftable through this global; table producer and broader lifetime remain unresolved."
STEAM_PC,00BDA0CC,0x7da0cc,CFunc_singleton_cache,4-byte cache pointer; available18byte CSingleton<CFunc> object,UNKNOWN,Cache retainer; servicepolicy/ownership/currenttype/gen UNKNOWN,"00507ba0:3,00446890:2,005577d0:2,0058db70:2,005b6140:2,005dfb40:2,0062f000:2,0040ede0:1,00433bb0:1,00433fc0:1,00452bc0:1,00456fd0:1","00507ba0:3,0040ede0:2,00446890:2,005577d0:2,0058db70:2,005b6140:2,005dfb40:2,0062f000:2,00433bb0:1,00433fc0:1,00452bc0:1,00456fd0:1",VERIFIED,findings/boundaries/phase6_shared_service_qualification.md;EXPORT-STEAM-xrefs_csv,2026-10-05,Previouslyglobal_00bda0cc semanticUNKNOWN. New0040EDE0 owncache/table/fieldinit only; rawRTTI anchorsname notsubsystem. Allcallerpolicy/cleanup/free/GOG UNKNOWN.
STEAM_PC,00BDA0F8,0x7da0f8,CItemManager_available_singleton_cache,DWORD cache; selected590request/007702C4 declaration; notsizeof,UNKNOWN,UNKNOWN,00435F86 selectedown; otherreaders locatoronly,00435FAA selectedown; otherwriters locatoronly,VERIFIED,reports/PHASE6_READINESS_WAVE_SYNTHESIS_2026-10-06_SEQ0179.md,2026-10-06,RawCSingleton<CItemManager> declaration. No independentbasegraph/memberconstructor/itemrole/currenttype/owner/runtime assurance. Priorxref metadata notcaller-wide proof.
STEAM_PC,00bdbcc4,0x7dbcc4,CFadeManager_cached_root,pointer to14 acquiredtypedmanager,EFFECTS,"Cache,notsoleowner; three retainedCFades afterseparateinit",0044AC10 andselectedCFade helpers,004277DA plusselectedinline acquisition,VERIFIED,findings/boundaries/effects_organizing_roots_and_use.md,2026-10-03,Selected primarytype/pointergenealogy; retainer/alias distinctfromexclusiveownership; no fullwritercensus orruntimeproof.
STEAM_PC,00bdbcd0,0x7dbcd0,global_00bdbcd0,4-byte scalar/pointer; exact type unresolved,UNKNOWN,,"0045c9f0:6,005df190:2,00428870:1,00439160:1,005d26b0:1,00723be0:1","0045c9f0:7,005d26b0:4,005df190:2,00428870:1,00439160:1,00723be0:1",UNKNOWN,EXPORT-STEAM-xrefs_csv;DP_decompiled.c;DP_full.asm,2026-10-01,"data reference total=28; raw read/write role is verified, semantic name is a candidate"
STEAM_PC,00bdbcd8,0x7dbcd8,global_00bdbcd8,4-byte scalar/pointer; exact type unresolved,UNKNOWN,,00427af0:2,00427af0:11,UNKNOWN,EXPORT-STEAM-xrefs_csv;DP_decompiled.c;DP_full.asm,2026-10-01,"data reference total=13; raw read/write role is verified, semantic name is a candidate"
STEAM_PC,00bdbcdc,0x7dbcdc,global_00bdbcdc,4-byte scalar/pointer; exact type unresolved,UNKNOWN,,00427af0:3,00427af0:12,UNKNOWN,EXPORT-STEAM-xrefs_csv;DP_decompiled.c;DP_full.asm,2026-10-01,"data reference total=15; raw read/write role is verified, semantic name is a candidate"
STEAM_PC,00BE1EA4,0x7e1ea4,CSingleton_CCamera_cached_root,pointer to observed0x1AC camera singleton; CCamera baseoffset0,INPUT_CAMERA,CSingleton<CCamera>,00449550;00534C60;005354D0;00537660;00538980;0052E0D0;0049EB6B selected NPC scalar addressC+0C,00449550 and selected lazy callers publish allocation/null;selected0049EB8F lazy publication/null,VERIFIED,findings/boundaries/input_camera_primary_roots.md;findings/boundaries/npc_enemy_camera_scalar_marker_policy.md;findings/boundaries/phase6_object_core_camera_local_control_seq0160.md;reports/PHASE6_INDEPENDENT_CLUSTER_SYNTHESIS_2026-10-05_SEQ0167.md,2026-10-05,"Selected type/acquisition/use; full memberinitializer/cachefree UNKNOWN. Seq52 selected C+0C address/floatC+10 scalar input, not pointerfield; member writer/initialization/readability/lifetime/generation unknown. Seq160 qualified00522D50 tenavailabletable/cache publication motifs/oneexistingcache; no tenroots/currenttype/gen/success/owner guarantee. Seq167 004F2D40 twelveavailable1AC/table/cache motifs; nottwelvenewroots/sizeof/currentobjects/success/ownership."
STEAM_PC,00BE1EB8,0x7e1eb8,global_00be1eb8,4-byte scalar/pointer; exact type unresolved,UNKNOWN,,"00642640:2,0044a040:1,004649c0:1,00465170:1,00468a80:1,005d26b0:1,0070d980:1","00465170:1,005026b0:1,005d26b0:1,00642640:1",UNKNOWN,EXPORT-STEAM-xrefs_csv;inputs/decompiler/steam/DP_decompiled.c;inputs/decompiler/steam/DP_full.asm;findings/boundaries/phase6_core_member_requests_reviewed_seq0158.md,2026-10-05,"data reference total=12; raw read/write role is verified, semantic name is a candidate Reviewed158: exact0070D980 currentDWORD zero/nonzero guard only; no mode/type/owner/otherwriter guarantee."
STEAM_PC,00be596c,0x7e596c,global_00be596c,4-byte scalar/pointer; exact type unresolved,UNKNOWN,,"00468a80:24,004649c0:4,004639d0:3,00463880:1,00463920:1",00464590:1,UNKNOWN,EXPORT-STEAM-xrefs_csv;DP_decompiled.c;DP_full.asm,2026-10-01,"data reference total=34; raw read/write role is verified, semantic name is a candidate"
STEAM_PC,01480960,0x1080960,scheduler_counter_candidate,4-byte scalar/pointer; exact type unresolved,APPLICATION_LIFECYCLE,,,,UNKNOWN,EXPORT-STEAM-xrefs_csv;DP_decompiled.c;DP_full.asm,2026-10-01,"data reference total=0; raw read/write role is verified, semantic name is a candidate"
STEAM_PC,01480964,0x1080964,scheduler_mod3_candidate,4-byte scalar/pointer; exact type unresolved,APPLICATION_LIFECYCLE,,,,UNKNOWN,EXPORT-STEAM-xrefs_csv;DP_decompiled.c;DP_full.asm,2026-10-01,"data reference total=0; raw read/write role is verified, semantic name is a candidate"
STEAM_PC,01480968,0x1080968,scheduler_toggle_candidate,4-byte scalar/pointer; exact type unresolved,APPLICATION_LIFECYCLE,,,,UNKNOWN,EXPORT-STEAM-xrefs_csv;DP_decompiled.c;DP_full.asm,2026-10-01,"data reference total=0; raw read/write role is verified, semantic name is a candidate"
STEAM_PC,01481278,0x1081278,inverse_matrix_staging_candidate,4-byte scalar/pointer; exact type unresolved,APPLICATION_LIFECYCLE,,,,UNKNOWN,EXPORT-STEAM-xrefs_csv;DP_decompiled.c;DP_full.asm,2026-10-01,"data reference total=0; raw read/write role is verified, semantic name is a candidate"
STEAM_PC,01481340,0x1081340,dispatch_update_flag_candidate,4-byte scalar/pointer; exact type unresolved,OBJECT_DISPATCH,,,,STRONG_INFERENCE,EXPORT-STEAM-xrefs_csv;DP_decompiled.c;DP_full.asm,2026-10-01,"data reference total=0; raw read/write role is verified, semantic name is a candidate"
STEAM_PC,0148bb64,0x108bb64,dispatch_mode_flag_candidate,4-byte scalar/pointer; exact type unresolved,OBJECT_DISPATCH,,,,STRONG_INFERENCE,EXPORT-STEAM-xrefs_csv;DP_decompiled.c;DP_full.asm,2026-10-01,"data reference total=0; raw read/write role is verified, semantic name is a candidate"
STEAM_PC,014affe0,0x10affe0,frame_elapsed_scalar_candidate,4-byte scalar/pointer; exact type unresolved,APPLICATION_LIFECYCLE,,,,STRONG_INFERENCE,EXPORT-STEAM-xrefs_csv;DP_decompiled.c;DP_full.asm,2026-10-01,"data reference total=0; raw read/write role is verified, semantic name is a candidate"
GOG_PC,00885890,0x485890,dispatch_reset_flag_candidate,4-byte scalar/pointer; exact type unresolved,OBJECT_DISPATCH,,"0045ca20:6,00458a60:4,0045ac20:4,0045b740:2,0045c0e0:1","00401440:1,00401a70:1",UNKNOWN,EXPORT-GOG-xrefs_csv;DP_decompiled.c;DP_full.asm,2026-10-01,"data reference total=19; raw read/write role is verified, semantic name is a candidate"
GOG_PC,008a6074,0x4a6074,global_008a6074,4-byte scalar/pointer; exact type unresolved,UNKNOWN,,"00544b80:8,00543230:4,00475080:3,00542960:3,005c9390:3,005cded0:3,0046f450:2,00489560:2,0053ebd0:2,00548160:2,005d12c0:2,005ebc60:2","004213f0:2,00642590:2",UNKNOWN,EXPORT-GOG-xrefs_csv;DP_decompiled.c;DP_full.asm,2026-10-01,"data reference total=143; raw read/write role is verified, semantic name is a candidate"
GOG_PC,008a6078,0x4a6078,global_008a6078,4-byte scalar/pointer; exact type unresolved,UNKNOWN,,"004213f0:36,00543230:3,0041c840:2,0041cdf0:2,0041d990:2,0041e850:2,00475080:2,005d12c0:2,00401010:1,00412fb0:1,0041c300:1,0041c4e0:1",,UNKNOWN,EXPORT-GOG-xrefs_csv;DP_decompiled.c;DP_full.asm,2026-10-01,"data reference total=76; raw read/write role is verified, semantic name is a candidate"
GOG_PC,008a6704,0x4a6704,global_008a6704,4-byte scalar/pointer; exact type unresolved,UNKNOWN,,"0041d990:11,004213f0:5,0041d400:2","0041d990:11,0041d400:2,004213f0:1",UNKNOWN,EXPORT-GOG-xrefs_csv;DP_decompiled.c;DP_full.asm,2026-10-01,"data reference total=32; raw read/write role is verified, semantic name is a candidate"
GOG_PC,008a721c,0x4a721c,global_008a721c,4-byte scalar/pointer; exact type unresolved,UNKNOWN,,"005f87e0:5,0043d480:1,00447570:1,0044fc40:1,0045b3a0:1,005df810:1,005ff700:1,00642590:1,0066bce0:1","00427b20:2,00642590:2",UNKNOWN,EXPORT-GOG-xrefs_csv;DP_decompiled.c;DP_full.asm,2026-10-01,"data reference total=17; raw read/write role is verified, semantic name is a candidate"
GOG_PC,008a7220,0x4a7220,global_008a7220,4-byte scalar/pointer; exact type unresolved,UNKNOWN,,"00427b20:12,00401440:1",,UNKNOWN,EXPORT-GOG-xrefs_csv;DP_decompiled.c;DP_full.asm,2026-10-01,"data reference total=13; raw read/write role is verified, semantic name is a candidate"
GOG_PC,008a7230,0x4a7230,global_008a7230,4-byte scalar/pointer; exact type unresolved,UNKNOWN,,00427b20:2,00427b20:17,UNKNOWN,EXPORT-GOG-xrefs_csv;DP_decompiled.c;DP_full.asm,2026-10-01,"data reference total=19; raw read/write role is verified, semantic name is a candidate"
GOG_PC,008a8750,0x4a8750,global_008a8750,4-byte scalar/pointer; exact type unresolved,UNKNOWN,,"0049d650:3,00495d50:2,0049c8b0:2,0049d010:2,00492e40:1,004939c0:1,00499c30:1,0049f170:1",,UNKNOWN,EXPORT-GOG-xrefs_csv;DP_decompiled.c;DP_full.asm,2026-10-01,"data reference total=13; raw read/write role is verified, semantic name is a candidate"
GOG_PC,008a875c,0x4a875c,global_008a875c,4-byte scalar/pointer; exact type unresolved,UNKNOWN,,"0049d650:3,00495d50:2,0049c8b0:2,0049d010:2,00492e40:1,004939c0:1,00499c30:1,0049f170:1",,UNKNOWN,EXPORT-GOG-xrefs_csv;DP_decompiled.c;DP_full.asm,2026-10-01,"data reference total=13; raw read/write role is verified, semantic name is a candidate"
GOG_PC,008a971c,0x4a971c,frame_tick_counter,4-byte scalar/pointer; exact type unresolved,APPLICATION_LIFECYCLE,,00503d30:1,00401a70:1,STRONG_INFERENCE,EXPORT-GOG-xrefs_csv;DP_decompiled.c;DP_full.asm,2026-10-01,"data reference total=2; raw read/write role is verified, semantic name is a candidate"
GOG_PC,008a9758,0x4a9758,player_state_handler_table_candidate,4-byte scalar/pointer; exact type unresolved,PLAYER_ACTOR,,,,STRONG_INFERENCE,EXPORT-GOG-xrefs_csv;DP_decompiled.c;DP_full.asm,2026-10-01,"data reference total=0; raw read/write role is verified, semantic name is a candidate"
GOG_PC,008a9980,0x4a9980,player_state_to_camera_mode_table_candidate,4-byte scalar/pointer; exact type unresolved,INPUT_CAMERA,,,,STRONG_INFERENCE,EXPORT-GOG-xrefs_csv;DP_decompiled.c;DP_full.asm,2026-10-01,"data reference total=0; raw read/write role is verified, semantic name is a candidate"
GOG_PC,008a9ba4,0x4a9ba4,dispatch_root_candidate,4-byte scalar/pointer; exact type unresolved,OBJECT_DISPATCH,,"004430e0:20,004a94a0:12,00497640:11,006828b0:11,006888b0:11,0067cd20:10,0050a130:9,00586220:9,00494990:7,004a74f0:6,00503d30:6,0053f810:6","004527b0:2,004213f0:1,00642590:1",STRONG_INFERENCE,EXPORT-GOG-xrefs_csv;DP_decompiled.c;DP_full.asm,2026-10-01,"data reference total=878; raw read/write role is verified, semantic name is a candidate"
GOG_PC,008a9bc8,0x4a9bc8,camera_mode_dispatch_table_candidate,4-byte scalar/pointer; exact type unresolved,INPUT_CAMERA,,,,STRONG_INFERENCE,EXPORT-GOG-xrefs_csv;DP_decompiled.c;DP_full.asm,2026-10-01,"data reference total=0; raw read/write role is verified, semantic name is a candidate"
GOG_PC,008bf252,0x4bf252,global_008bf252,4-byte scalar/pointer; exact type unresolved,UNKNOWN,,"0041c840:8,0041d990:8,005d21d0:1",,UNKNOWN,EXPORT-GOG-xrefs_csv;DP_decompiled.c;DP_full.asm,2026-10-01,"data reference total=17; raw read/write role is verified, semantic name is a candidate"
GOG_PC,008bf256,0x4bf256,global_008bf256,4-byte scalar/pointer; exact type unresolved,UNKNOWN,,"0041c840:6,0041d990:6,0041c580:1,0041d400:1",,UNKNOWN,EXPORT-GOG-xrefs_csv;DP_decompiled.c;DP_full.asm,2026-10-01,"data reference total=14; raw read/write role is verified, semantic name is a candidate"
GOG_PC,008c4c1c,0x4c4c1c,global_008c4c1c,4-byte scalar/pointer; exact type unresolved,UNKNOWN,,00627a30:4,00627a30:16,UNKNOWN,EXPORT-GOG-xrefs_csv;DP_decompiled.c;DP_full.asm,2026-10-01,"data reference total=20; raw read/write role is verified, semantic name is a candidate"
GOG_PC,008c4c20,0x4c4c20,global_008c4c20,4-byte scalar/pointer; exact type unresolved,UNKNOWN,,"00627a30:12,00627780:1",,UNKNOWN,EXPORT-GOG-xrefs_csv;DP_decompiled.c;DP_full.asm,2026-10-01,"data reference total=13; raw read/write role is verified, semantic name is a candidate"
GOG_PC,008c55f9,0x4c55f9,global_008c55f9,4-byte scalar/pointer; exact type unresolved,UNKNOWN,,00647680:20,,UNKNOWN,EXPORT-GOG-xrefs_csv;DP_decompiled.c;DP_full.asm,2026-10-01,"data reference total=20; raw read/write role is verified, semantic name is a candidate"
GOG_PC,00a00218,0x600218,global_00a00218,4-byte scalar/pointer; exact type unresolved,UNKNOWN,,"00642590:10,00647680:10,006ace60:5,005fb9c0:4,00608e30:4,00622d30:4,006549d0:4,005f87e0:3,00624f50:3,006072c0:2,00608620:2,00621280:2",006e17f0:2,UNKNOWN,EXPORT-GOG-xrefs_csv;DP_decompiled.c;DP_full.asm,2026-10-01,"data reference total=75; raw read/write role is verified, semantic name is a candidate"
GOG_PC,00a0021c,0x60021c,global_00a0021c,4-byte scalar/pointer; exact type unresolved,UNKNOWN,,"00642590:7,00647680:7,00622d30:4,006549d0:4,005fb9c0:3,00624f50:3,00658420:3,00621280:2,00662ad0:2,004329d0:1,004649f0:1,00604090:1",006e17f0:2,UNKNOWN,EXPORT-GOG-xrefs_csv;DP_decompiled.c;DP_full.asm,2026-10-01,"data reference total=55; raw read/write role is verified, semantic name is a candidate"
GOG_PC,00BD5ECC,0x7d5ecc,global_00bd5ecc,4-byte scalar/pointer; exact type unresolved,UNKNOWN,,"00468ab0:4,004213f0:2,00428e10:2,0042a530:2,0042ab70:2,00435d20:2,005ec790:2,005fb9c0:2,00633ad0:2,00642590:2,0066ed90:2,00676140:2",0075c1ed:1,UNKNOWN,EXPORT-GOG-xrefs_csv;inputs/decompiler/gog/DP_decompiled.c;inputs/decompiler/gog/DP_full.asm;findings/boundaries/phase6_gog_rank63_local_string_interface_seq0160.md,2026-10-05,"data reference total=781; raw read/write role is verified, semantic name is a candidate Seq160 selected0040EC80 rawword participates frameXOR/save/inverseXOR/namedsecurity-check request. Exactuse supportsSI cookieguard; broader781users/type/owner remainUNKNOWN."
GOG_PC,00bd7660,0x7d7660,global_00bd7660,4-byte scalar/pointer; exact type unresolved,UNKNOWN,,"006211e0:2,00621280:2,00624dc0:2,00401310:1,00401a70:1,00452300:1,00621f60:1","00401310:1,004017c0:1",UNKNOWN,EXPORT-GOG-xrefs_csv;DP_decompiled.c;DP_full.asm,2026-10-01,"data reference total=12; raw read/write role is verified, semantic name is a candidate"
GOG_PC,00bd766c,0x7d766c,global_00bd766c,4-byte scalar/pointer; exact type unresolved,APPLICATION_LIFECYCLE,,00537fe0:4,00401a70:1,UNKNOWN,EXPORT-GOG-xrefs_csv;DP_decompiled.c;DP_full.asm,2026-10-01,"data reference total=5; raw read/write role is verified, semantic name is a candidate"
GOG_PC,00bd7670,0x7d7670,crdscenedraw_application_root,pointer alias published from 00BD9E68 CSingleton<CRdSceneDraw> allocation,OBJECT_DISPATCH,application startup/use/shutdown; cache lifetime separate,"004213f0:52,004430e0:31,005e1020:18,00651630:15,004a94a0:12,00497640:11,005d87f0:11,006828b0:11,006832b0:11,006888b0:11,0068a000:11,00586220:10",004017C0:1;00401310:1,VERIFIED,findings/boundaries/crdscenedraw_active_manager_interface.md,2026-10-02,"Exact startup EAX->root/ECX identity and raw RTTI verified. Shutdown invokes session/member cleanup then clears app root, not cache/free. Existing direct reference census retained; no reader taxonomy repetition."
GOG_PC,00bd7678,0x7d7678,object_manager_context_candidate,4-byte scalar/pointer; exact type unresolved,OBJECT_DISPATCH,,"004011b0:7,005d87f0:7,00401a70:3,0040a010:3,0040a830:3,00427b20:3,0066daf0:3,00401440:2,0066f460:2,00401310:1,00642590:1,00687eb0:1","00401310:1,004017c0:1",STRONG_INFERENCE,EXPORT-GOG-xrefs_csv;DP_decompiled.c;DP_full.asm,2026-10-01,"data reference total=41; raw read/write role is verified, semantic name is a candidate"
GOG_PC,00bd7680,0x7d7680,global_00bd7680,4-byte scalar/pointer; exact type unresolved,UNKNOWN,,"0045ac20:16,0066aff0:15,00414950:14,00458a60:14,0047eed0:14,004acfc0:14,00664b80:7,005498c0:6,00540bc0:5,0056fa70:5,00401440:3,0053e970:3","00401310:1,004017c0:1",UNKNOWN,EXPORT-GOG-xrefs_csv;DP_decompiled.c;DP_full.asm,2026-10-01,"data reference total=163; raw read/write role is verified, semantic name is a candidate"
GOG_PC,00bd7688,0x7d7688,global_00bd7688,4-byte scalar/pointer; exact type unresolved,UNKNOWN,,"004527b0:3,004213f0:2,00401310:1,0046b8c0:1,00470c10:1,004b1d10:1,005c9390:1,005cad30:1,0060f420:1,00642590:1","00401310:1,004017c0:1",UNKNOWN,EXPORT-GOG-xrefs_csv;DP_decompiled.c;DP_full.asm,2026-10-01,"data reference total=15; raw read/write role is verified, semantic name is a candidate"
GOG_PC,00bd768c,0x7d768c,application_crddata_alias,4-byte pointer alias to acquired CSingleton<CRdData>,RESOURCE_LOADING,Application alias; singleton00BD9E3C is separate; exclusive lifetime ownership UNKNOWN,"0059ad30:25,00462a90:22,004213f0:18,00642590:10,00583e30:9,005a2570:9,0059f340:7,0057bd40:6,005a5eb0:6,005e9a20:6,005bf510:4,005c4400:4","00401310:1,004017c0:1",VERIFIED,findings/formats/resource_manager_root.md;inputs/decompiler/gog/DP_full.asm:580-586,2026-10-03,Mechanical accepted-evidence projection of C0035 acquisition/type and Steam C0120 frame-tail use. Original xref readers/writers retained. No complete manager ownership/free or GOG tail semantics inferred.
GOG_PC,00bd7790,0x7d7790,global_00bd7790,4-byte scalar/pointer; exact type unresolved,UNKNOWN,,"005d87f0:73,0066daf0:16,004a6820:3,0066f460:3,00473790:2,00401310:1,00401440:1,00449a30:1,004a2d60:1,004a2dc0:1,004a3720:1,004aaf30:1","00401310:1,004017c0:1",UNKNOWN,EXPORT-GOG-xrefs_csv;DP_decompiled.c;DP_full.asm,2026-10-01,"data reference total=109; raw read/write role is verified, semantic name is a candidate"
GOG_PC,00bd77b4,0x7d77b4,global_00bd77b4,4-byte scalar/pointer; exact type unresolved,UNKNOWN,,"00647680:65,00642590:39,00537fe0:29,00658420:22,006549d0:20,005fb9c0:17,00622d30:17,00624f50:13,006ff880:13,006257c0:11,00503d30:10,00621280:9",,UNKNOWN,EXPORT-GOG-xrefs_csv;DP_decompiled.c;DP_full.asm,2026-10-01,"data reference total=389; raw read/write role is verified, semantic name is a candidate"
GOG_PC,00bd964c,0x7d964c,global_00bd964c,4-byte scalar/pointer; exact type unresolved,UNKNOWN,,"00651630:3,005255a0:2,00647680:2,0064f150:2,006687d0:2,004414f0:1,00469ca0:1,0046e5c0:1,00489560:1,0054fa50:1,0059a290:1,005b3930:1",00651630:3,UNKNOWN,EXPORT-GOG-xrefs_csv;DP_decompiled.c;DP_full.asm,2026-10-01,"data reference total=25; raw read/write role is verified, semantic name is a candidate"
GOG_PC,00bd9650,0x7d9650,global_00bd9650,4-byte scalar/pointer; exact type unresolved,UNKNOWN,,"00651630:3,005255a0:2,00647680:2,0064f150:2,006687d0:2,004414f0:1,00469ca0:1,0046e5c0:1,00489560:1,0054fa50:1,0059a290:1,005b3930:1",00651630:3,UNKNOWN,EXPORT-GOG-xrefs_csv;DP_decompiled.c;DP_full.asm,2026-10-01,"data reference total=25; raw read/write role is verified, semantic name is a candidate"
GOG_PC,00bd9654,0x7d9654,global_00bd9654,4-byte scalar/pointer; exact type unresolved,UNKNOWN,,"00651630:4,005255a0:2,00647680:2,0064f150:2,006687d0:2,004414f0:1,00469ca0:1,0046e5c0:1,00489560:1,0054fa50:1,0059a290:1,005b3930:1",00651630:3,UNKNOWN,EXPORT-GOG-xrefs_csv;DP_decompiled.c;DP_full.asm,2026-10-01,"data reference total=26; raw read/write role is verified, semantic name is a candidate"
GOG_PC,00bd9658,0x7d9658,global_00bd9658,4-byte scalar/pointer; exact type unresolved,UNKNOWN,,"00651630:3,00647680:2,006687d0:2,004414f0:1,00469ca0:1,0046e5c0:1,005255a0:1,0054fa50:1,0059a290:1,005b3930:1,005d1530:1,0064f150:1",00651630:3,UNKNOWN,EXPORT-GOG-xrefs_csv;DP_decompiled.c;DP_full.asm,2026-10-01,"data reference total=21; raw read/write role is verified, semantic name is a candidate"
GOG_PC,00bd965c,0x7d965c,global_00bd965c,4-byte scalar/pointer; exact type unresolved,UNKNOWN,,"005d7df0:8,00647680:2,00651630:2,004414f0:1,005255a0:1,0054fa50:1,00588d20:1,0059a290:1,005ea7a0:1,005eaaa0:1,0064f150:1,00650f80:1",00651630:3,UNKNOWN,EXPORT-GOG-xrefs_csv;DP_decompiled.c;DP_full.asm,2026-10-01,"data reference total=27; raw read/write role is verified, semantic name is a candidate"
GOG_PC,00bd9660,0x7d9660,global_00bd9660,4-byte scalar/pointer; exact type unresolved,UNKNOWN,,"00647680:2,00651630:2,004414f0:1,005255a0:1,0054fa50:1,0059a290:1,005d7df0:1,005eaaa0:1,0064f150:1,00650f80:1,006669d0:1,006687d0:1",00651630:3,UNKNOWN,EXPORT-GOG-xrefs_csv;DP_decompiled.c;DP_full.asm,2026-10-01,"data reference total=18; raw read/write role is verified, semantic name is a candidate"
GOG_PC,00bd9664,0x7d9664,global_00bd9664,4-byte scalar/pointer; exact type unresolved,UNKNOWN,,"005d7df0:8,00647680:2,00651630:2,004414f0:1,005255a0:1,0054fa50:1,00588d20:1,0059a290:1,005ea7a0:1,005eaaa0:1,0064f150:1,00650f80:1",00651630:3,UNKNOWN,EXPORT-GOG-xrefs_csv;DP_decompiled.c;DP_full.asm,2026-10-01,"data reference total=27; raw read/write role is verified, semantic name is a candidate"
GOG_PC,00bd9668,0x7d9668,global_00bd9668,4-byte scalar/pointer; exact type unresolved,UNKNOWN,,"00647680:2,00651630:2,004414f0:1,0054fa50:1,00588d20:1,0059a290:1,005d7df0:1,005eaaa0:1,00650f80:1,006687d0:1,00669930:1",00651630:3,UNKNOWN,EXPORT-GOG-xrefs_csv;DP_decompiled.c;DP_full.asm,2026-10-01,"data reference total=16; raw read/write role is verified, semantic name is a candidate"
GOG_PC,00bd96b0,0x7d96b0,matrix_scalar_staging_candidate,4-byte scalar/pointer; exact type unresolved,APPLICATION_LIFECYCLE,,,00401a70:1,UNKNOWN,EXPORT-GOG-xrefs_csv;DP_decompiled.c;DP_full.asm,2026-10-01,"data reference total=1; raw read/write role is verified, semantic name is a candidate"
GOG_PC,00bd9e10,0x7d9e10,global_00bd9e10,4-byte scalar/pointer; exact type unresolved,UNKNOWN,,"00537fe0:17,00621280:11,006257c0:11,00622d30:10,00624f50:7,006267f0:7,00623910:6,00622480:5,005fb9c0:4,0061f5e0:4,00537730:3,00640fa0:3",004095e0:1,UNKNOWN,EXPORT-GOG-xrefs_csv;DP_decompiled.c;DP_full.asm,2026-10-01,"data reference total=129; raw read/write role is verified, semantic name is a candidate"
GOG_PC,00bd9e18,0x7d9e18,global_00bd9e18,4-byte scalar/pointer; exact type unresolved,UNKNOWN,,"00408d50:2,007066d0:2,00401a70:1,00404420:1,0046a480:1,0046a520:1,0046b7a0:1,00706e90:1","007066d0:1,00706e90:1",UNKNOWN,EXPORT-GOG-xrefs_csv;DP_decompiled.c;DP_full.asm,2026-10-01,"data reference total=12; raw read/write role is verified, semantic name is a candidate"
GOG_PC,00bd9e40,0x7d9e40,global_00bd9e40,4-byte scalar/pointer; exact type unresolved,UNKNOWN,,"00473790:4,00452300:3,005dfd50:3,004017c0:2,005dfe10:2,005e0790:2,006223b0:2,00406960:1,0040b530:1,0040b580:1,00446b70:1,006227c0:1","005dfe10:4,00452300:3,00473790:3,005dfd50:3,004017c0:2,00406960:2,005e0790:2,006223b0:2,006227c0:2,00622ae0:2,0040b530:1,0040b580:1",UNKNOWN,EXPORT-GOG-xrefs_csv;DP_decompiled.c;DP_full.asm,2026-10-01,"data reference total=56; raw read/write role is verified, semantic name is a candidate"
GOG_PC,00BD9E48,0x7d9e48,crdmovie_singleton_root,CSingleton<CRdMovie>*; observed shell 0x0C,MEDIA_PLAYBACK,CRdMovie title/control lazy root,Title start 00641450; explicit stop 00642540,Same lazy acquisition contexts,VERIFIED,findings/boundaries/crdmovie_directshow_owner.md,2026-10-02,Movie/graph provenance is positive; broad game audio manager and singleton free caller not inferred.
GOG_PC,00bd9e58,0x7d9e58,CEvent_available_cache_word,4-byte scalar/pointer; exact type unresolved,EVENT_SCRIPT,,"004414f0:45,004430e0:42,0043e950:40,00438010:30,0043d480:22,004391e0:8,0043cb10:8,00437930:7,00439710:6,00435d20:4,00437570:4,00434530:3","0043e950:63,004430e0:62,004414f0:35,00438010:32,0043d480:23,004391e0:8,0043cb10:8,00439710:6,00435d20:5,00437570:4,00434530:3,00435440:3",VERIFIED,EXPORT-GOG-xrefs_csv;inputs/decompiler/gog/DP_full.asm;reports/PHASE6_RETAINED_BRANCH_ADJUDICATION_2026-10-05_SEQ0164.md,2026-10-05,"data reference total=599; raw read/write role is verified, semantic name is a candidate Seq164 selected0043D480 reads/publications/table0076E848; currentvalue/type/gen/owner/runtime UNKNOWN."
GOG_PC,00bd9ff8,0x7d9ff8,global_00bd9ff8,4-byte scalar/pointer; exact type unresolved,UNKNOWN,,"00408d50:2,00464820:2,00464500:2,006ac530:2,006ac650:2,006adfa0:2,00409280:1,00409c60:1,00464580:1,004646f0:1,004647b0:1,00661e90:1",00409c60:1,UNKNOWN,EXPORT-GOG-xrefs_csv;DP_decompiled.c;DP_full.asm,2026-10-01,"data reference total=24; raw read/write role is verified, semantic name is a candidate"
GOG_PC,00bda000,0x7da000,cmessage_singleton_global,4-byte CSingleton<CMessage>* global,NATIVE_UI,CSingleton<CMessage>,"00468ab0:82,00659a90:39,005fb9c0:31,004fa860:16,005f87e0:15,00641ae0:13,00625bf0:10,00626340:10,00660ed0:10,00663240:9,00603030:8,006217b0:8","00468ab0:78,00659a90:26,005fb9c0:24,004fa860:15,00641ae0:14,005f87e0:13,00431c20:12,00603030:8,006217b0:8,00660ed0:8,0050a130:7,00427b20:6",VERIFIED,inputs/decompiler/steam/DP_decompiled.c:72222-73520; inputs/decompiler/gog/DP_decompiled.c:64953-66251; findings/boundaries/cmessage_high_centrality_dispatcher.md,2026-10-02,"data reference total=828; raw read/write role is verified, semantic name is a candidate Reconciled 2026-10-02: paired dispatcher lazily allocates and writes CSingleton<CMessage>::vftable through this global; table producer and broader lifetime remain unresolved."
GOG_PC,00bda0cc,0x7da0cc,global_00bda0cc,4-byte scalar/pointer; exact type unresolved,UNKNOWN,,"00446910:2,005578a0:2,0058dc40:2,005b6210:2,005dfc10:2,0062ef50:2,0040edb0:1,00433c30:1,00434040:1,00452bf0:1,00457000:1,00457150:1","0040edb0:2,00446910:2,005578a0:2,0058dc40:2,005b6210:2,005dfc10:2,0062ef50:2,00433c30:1,00434040:1,00452bf0:1,00457000:1,00457150:1",UNKNOWN,EXPORT-GOG-xrefs_csv;DP_decompiled.c;DP_full.asm,2026-10-01,"data reference total=69; raw read/write role is verified, semantic name is a candidate"
GOG_PC,00bda0f8,0x7da0f8,global_00bda0f8,4-byte scalar/pointer; exact type unresolved,UNKNOWN,,"00414300:6,004144c0:4,0042ffc0:4,00430350:4,004430e0:4,0058dc40:4,004145f0:3,004146e0:3,00415c30:3,0042da20:3,004ae9b0:3,004b81a0:3","00414300:7,00415c30:7,004146e0:6,00430350:5,004144c0:4,0042ffc0:4,004430e0:4,0058dc40:4,004145f0:3,0042da20:3,004ae9b0:3,004b81a0:3",UNKNOWN,EXPORT-GOG-xrefs_csv;DP_decompiled.c;DP_full.asm,2026-10-01,"data reference total=247; raw read/write role is verified, semantic name is a candidate"
GOG_PC,00bdbcc4,0x7dbcc4,global_00bdbcc4,4-byte scalar/pointer; exact type unresolved,UNKNOWN,,"00449a30:3,004498c0:2,00449970:2,00449e60:2,004277a0:1,0044ac40:1","00449a30:4,004498c0:3,00449970:3,00449e60:2,004277a0:1,0044ac40:1",UNKNOWN,EXPORT-GOG-xrefs_csv;DP_decompiled.c;DP_full.asm,2026-10-01,"data reference total=25; raw read/write role is verified, semantic name is a candidate"
GOG_PC,00bdbcd0,0x7dbcd0,global_00bdbcd0,4-byte scalar/pointer; exact type unresolved,UNKNOWN,,"0045ca20:6,005df260:2,004288a0:1,004391e0:1,007238f0:1","0045ca20:7,005df260:2,004288a0:1,004391e0:1,007238f0:1",UNKNOWN,EXPORT-GOG-xrefs_csv;DP_decompiled.c;DP_full.asm,2026-10-01,"data reference total=23; raw read/write role is verified, semantic name is a candidate"
GOG_PC,00bdbcd8,0x7dbcd8,global_00bdbcd8,4-byte scalar/pointer; exact type unresolved,UNKNOWN,,00427b20:2,00427b20:11,UNKNOWN,EXPORT-GOG-xrefs_csv;DP_decompiled.c;DP_full.asm,2026-10-01,"data reference total=13; raw read/write role is verified, semantic name is a candidate"
GOG_PC,00bdbcdc,0x7dbcdc,global_00bdbcdc,4-byte scalar/pointer; exact type unresolved,UNKNOWN,,00427b20:3,00427b20:12,UNKNOWN,EXPORT-GOG-xrefs_csv;DP_decompiled.c;DP_full.asm,2026-10-01,"data reference total=15; raw read/write role is verified, semantic name is a candidate"
GOG_PC,00be1ea4,0x7e1ea4,global_00be1ea4,4-byte scalar/pointer; exact type unresolved,UNKNOWN,,"00537730:8,00606520:8,0069f740:8,005355a0:7,0063ec80:5,004414f0:4,00460c90:3,0049ec10:3,00502420:3,00651630:3,0042e3b0:2,00537340:2","005355a0:7,00460c90:5,0049ec10:4,0063ec80:4,0069f740:4,0042ec40:3,004414f0:3,00537340:3,00537730:3,00665da0:3,00502420:2,005789e0:2",UNKNOWN,EXPORT-GOG-xrefs_csv;DP_decompiled.c;DP_full.asm,2026-10-01,"data reference total=160; raw read/write role is verified, semantic name is a candidate"
GOG_PC,00be596c,0x7e596c,global_00be596c,4-byte scalar/pointer; exact type unresolved,UNKNOWN,,"00468ab0:24,004649f0:4,00463a00:3,004638b0:1,00463950:1",004645c0:1,UNKNOWN,EXPORT-GOG-xrefs_csv;DP_decompiled.c;DP_full.asm,2026-10-01,"data reference total=34; raw read/write role is verified, semantic name is a candidate"
GOG_PC,01480960,0x1080960,scheduler_counter_candidate,4-byte scalar/pointer; exact type unresolved,APPLICATION_LIFECYCLE,,,,UNKNOWN,EXPORT-GOG-xrefs_csv;DP_decompiled.c;DP_full.asm,2026-10-01,"data reference total=0; raw read/write role is verified, semantic name is a candidate"
GOG_PC,01480964,0x1080964,scheduler_mod3_candidate,4-byte scalar/pointer; exact type unresolved,APPLICATION_LIFECYCLE,,,,UNKNOWN,EXPORT-GOG-xrefs_csv;DP_decompiled.c;DP_full.asm,2026-10-01,"data reference total=0; raw read/write role is verified, semantic name is a candidate"
GOG_PC,01480968,0x1080968,scheduler_toggle_candidate,4-byte scalar/pointer; exact type unresolved,APPLICATION_LIFECYCLE,,,,UNKNOWN,EXPORT-GOG-xrefs_csv;DP_decompiled.c;DP_full.asm,2026-10-01,"data reference total=0; raw read/write role is verified, semantic name is a candidate"
GOG_PC,01481278,0x1081278,inverse_matrix_staging_candidate,4-byte scalar/pointer; exact type unresolved,APPLICATION_LIFECYCLE,,,,UNKNOWN,EXPORT-GOG-xrefs_csv;DP_decompiled.c;DP_full.asm,2026-10-01,"data reference total=0; raw read/write role is verified, semantic name is a candidate"
GOG_PC,01481340,0x1081340,dispatch_update_flag_candidate,4-byte scalar/pointer; exact type unresolved,OBJECT_DISPATCH,,,,STRONG_INFERENCE,EXPORT-GOG-xrefs_csv;DP_decompiled.c;DP_full.asm,2026-10-01,"data reference total=0; raw read/write role is verified, semantic name is a candidate"
GOG_PC,0148bb64,0x108bb64,dispatch_mode_flag_candidate,4-byte scalar/pointer; exact type unresolved,OBJECT_DISPATCH,,,,STRONG_INFERENCE,EXPORT-GOG-xrefs_csv;DP_decompiled.c;DP_full.asm,2026-10-01,"data reference total=0; raw read/write role is verified, semantic name is a candidate"
GOG_PC,014affe0,0x10affe0,frame_elapsed_scalar_candidate,4-byte scalar/pointer; exact type unresolved,APPLICATION_LIFECYCLE,,,,STRONG_INFERENCE,EXPORT-GOG-xrefs_csv;DP_decompiled.c;DP_full.asm,2026-10-01,"data reference total=0; raw read/write role is verified, semantic name is a candidate"
STEAM_PC,01481358,0x1081358,crd_handle_util_static_singleton,CRdHandleUtil static object; observed lower bound 0xA80B (vtable + cursors + 0xA00 pointer slots + 0x7FFF generation bytes),OBJECT_DISPATCH,CRdHandleUtil,006C5FD0:1,006C5AE0/006C55E0:1;006C7070/006C6B70:1;006C7AF0/006C75F0:1,VERIFIED,DP_decompiled.c;DP_full.asm;symbols.csv:CRdHandleUtil::vftable;findings/boundaries/object_handle_lifecycle.md,2026-10-01,"Constructor writes the named CRdHandleUtil vtable and initializes slot/generation storage. Active-object registration allocates a packed handle here and stores it at object +0x3C; retirement releases it. Allocation is non-idempotent with respect to the object: repeated registration creates another slot/generation mapping and overwrites the object current +0x3C handle; release consumes only current +0x3C. Direct global-reference census finds no manager/bulk-clear path: only registration, lookup, retirement release, startup constructor, and at-exit vtable teardown reference the singleton. Constructor zeroes all slots only at static initialization."
GOG_PC,01481358,0x1081358,crd_handle_util_static_singleton,CRdHandleUtil static object; observed lower bound 0xA80B (vtable + cursors + 0xA00 pointer slots + 0x7FFF generation bytes),OBJECT_DISPATCH,CRdHandleUtil,006C5AD0:1,006C5AE0/006C55E0:1;006C7070/006C6B70:1;006C7AF0/006C75F0:1,VERIFIED,DP_decompiled.c;DP_full.asm;symbols.csv:CRdHandleUtil::vftable;findings/boundaries/object_handle_lifecycle.md,2026-10-01,"Constructor writes the named CRdHandleUtil vtable and initializes slot/generation storage. Active-object registration allocates a packed handle here and stores it at object +0x3C; retirement releases it. Allocation is non-idempotent with respect to the object: repeated registration creates another slot/generation mapping and overwrites the object current +0x3C handle; release consumes only current +0x3C. Direct global-reference census finds no manager/bulk-clear path: only registration, lookup, retirement release, startup constructor, and at-exit vtable teardown reference the singleton. Constructor zeroes all slots only at static initialization."
STEAM_PC,01474cf8,0x01474cf8,native_task_current_selector,4-byte selector,NATIVE_UI,selector0_native_task,00647730,0064D810,VERIFIED,findings/boundaries/native_task_connective_architecture.md,2026-10-01,Direct paired callback switch/read/write state.
STEAM_PC,01474cfc,0x01474cfc,native_task_deferred_selector,4-byte selector,NATIVE_UI,selector0_native_task,00647730,0064D810,VERIFIED,findings/boundaries/native_task_connective_architecture.md,2026-10-01,Paired callback transition field copied into current selector.
STEAM_PC,0147693c,0x0147693c,native_task_registration_flag,byte flag,NATIVE_UI,selector0_native_task,00647730,0064D810,VERIFIED,findings/boundaries/native_task_connective_architecture.md,2026-10-01,Set by registration initializer; external Steam/GOG functions test or clear it.
GOG_PC,01474cf8,0x01474cf8,native_task_current_selector,4-byte selector,NATIVE_UI,selector0_native_task,00647680,0064D760,VERIFIED,findings/boundaries/native_task_connective_architecture.md,2026-10-01,Direct paired callback switch/read/write state.
GOG_PC,01474cfc,0x01474cfc,native_task_deferred_selector,4-byte selector,NATIVE_UI,selector0_native_task,00647680,0064D760,VERIFIED,findings/boundaries/native_task_connective_architecture.md,2026-10-01,Paired callback transition field copied into current selector.
GOG_PC,0147693c,0x0147693c,native_task_registration_flag,byte flag,NATIVE_UI,selector0_native_task,00647680,0064D760,VERIFIED,findings/boundaries/native_task_connective_architecture.md,2026-10-01,Set by registration initializer; external Steam/GOG functions test or clear it.
STEAM_PC,014B0A44,0x010B0A44,directshow_media_event_ex,IMediaEventEx*,MEDIA_PLAYBACK,Shared DirectShow movie/media graph interface/session globals,007364B0/007361C0;00736560/00736270;007363C0/007360D0,00735D00/00735A10 QueryInterface;00736300/00736010 release,VERIFIED,findings/boundaries/crdmovie_directshow_owner.md;findings/boundaries/win32_directshow_media_event_boundary.md,2026-10-02,Prior AUDIO label narrowed by positive CRdMovie caller/source evidence. Existing event/COM identification retained; live cadence UNKNOWN.
STEAM_PC,014B0A74,0x010B0A74,directshow_media_completion_latch,u32 boolean,MEDIA_PLAYBACK,Shared DirectShow movie/media graph interface/session globals,007364B0/007361C0;00736560/00736270,00736230/00735F40 clear;007364B0/007361C0;00736560/00736270 set on EC_COMPLETE,VERIFIED,findings/boundaries/crdmovie_directshow_owner.md;findings/boundaries/win32_directshow_media_event_boundary.md,2026-10-02,Prior AUDIO label narrowed by positive CRdMovie caller/source evidence. Existing event/COM identification retained; live cadence UNKNOWN.
GOG_PC,014B0A44,0x010B0A44,directshow_media_event_ex,IMediaEventEx*,MEDIA_PLAYBACK,Shared DirectShow movie/media graph interface/session globals,007364B0/007361C0;00736560/00736270;007363C0/007360D0,00735D00/00735A10 QueryInterface;00736300/00736010 release,VERIFIED,findings/boundaries/crdmovie_directshow_owner.md;findings/boundaries/win32_directshow_media_event_boundary.md,2026-10-02,Prior AUDIO label narrowed by positive CRdMovie caller/source evidence. Existing event/COM identification retained; live cadence UNKNOWN.
GOG_PC,014B0A74,0x010B0A74,directshow_media_completion_latch,u32 boolean,MEDIA_PLAYBACK,Shared DirectShow movie/media graph interface/session globals,007364B0/007361C0;00736560/00736270,00736230/00735F40 clear;007364B0/007361C0;00736560/00736270 set on EC_COMPLETE,VERIFIED,findings/boundaries/crdmovie_directshow_owner.md;findings/boundaries/win32_directshow_media_event_boundary.md,2026-10-02,Prior AUDIO label narrowed by positive CRdMovie caller/source evidence. Existing event/COM identification retained; live cadence UNKNOWN.
STEAM_PC,00BDBEB8,0x7dbeb8,cshop_command2000_handle,u32 packed object handle,NATIVE_UI,Non-owning external handle retention; active manager owns registration,Unreviewed,00443060,VERIFIED,findings/boundaries/cshop_external_handles.md,2026-10-02,Constant selector-0x34 result handle; not a raw CShop pointer. Wider global uses not reviewed.
STEAM_PC,00BDBEC0,0x7dbec0,cshop_command2003_handle,u32 packed object handle,NATIVE_UI,Non-owning external handle retention; active manager owns registration,Unreviewed,00443060,VERIFIED,findings/boundaries/cshop_external_handles.md,2026-10-02,Constant selector-0x34 result handle; not a raw CShop pointer. Wider global uses not reviewed.
STEAM_PC,014768F8,0x10768f8,native_task_cshop_handle,u32 packed object handle,NATIVE_UI,Non-owning external handle retention; active manager owns registration,00647730 state 11,00647730,VERIFIED,findings/boundaries/cshop_external_handles.md,2026-10-02,Constant selector-0x34 result handle; not a raw CShop pointer. Wider global uses not reviewed.
GOG_PC,00BDBEB8,0x7dbeb8,cshop_command2000_handle,u32 packed object handle,NATIVE_UI,Non-owning external handle retention; active manager owns registration,Unreviewed,004430E0,VERIFIED,findings/boundaries/cshop_external_handles.md,2026-10-02,Constant selector-0x34 result handle; not a raw CShop pointer. Wider global uses not reviewed.
GOG_PC,00BDBEC0,0x7dbec0,cshop_command2003_handle,u32 packed object handle,NATIVE_UI,Non-owning external handle retention; active manager owns registration,Unreviewed,004430E0,VERIFIED,findings/boundaries/cshop_external_handles.md,2026-10-02,Constant selector-0x34 result handle; not a raw CShop pointer. Wider global uses not reviewed.
GOG_PC,014768F8,0x10768f8,native_task_cshop_handle,u32 packed object handle,NATIVE_UI,Non-owning external handle retention; active manager owns registration,00647680 raw state 11,00647680,VERIFIED,findings/boundaries/cshop_external_handles.md,2026-10-02,Constant selector-0x34 result handle; not a raw CShop pointer. Wider global uses not reviewed.
STEAM_PC,008BF800,0x004BF800,cshop_selector_callback_record,8 bytes: callback pointer; u16 type 0x11; u8 bucket 0; trailing byte,NATIVE_UI,Immutable selector-factory metadata record 0x34,005E7620 successful selector tail,Static executable data; no runtime writer inspected,VERIFIED,findings/boundaries/cshop_callback_retirement.md,2026-10-02,Independently decoded per build; callback differs. Not a mutable object root.
GOG_PC,008BF800,0x004BF800,cshop_selector_callback_record,8 bytes: callback pointer; u16 type 0x11; u8 bucket 0; trailing byte,NATIVE_UI,Immutable selector-factory metadata record 0x34,005E76F0 successful selector tail,Static executable data; no runtime writer inspected,VERIFIED,findings/boundaries/cshop_callback_retirement.md,2026-10-02,Independently decoded per build; callback differs. Not a mutable object root.
STEAM_PC,014B09E8,0x10b09e8,directshow_movie_source_ready,u32 success latch,MEDIA_PLAYBACK,Shared movie graph source setup,00700260 fallback check,00736010 clear/set,VERIFIED,findings/boundaries/crdmovie_directshow_owner.md,2026-10-02,Movie/graph provenance is positive; broad game audio manager and singleton free caller not inferred.
STEAM_PC,014B0A38,0x10b0a38,directshow_movie_filter_graph,COM FilterGraph interface pointer,MEDIA_PLAYBACK,Shared process-wide graph globals,00736010 source/open/use,00735D00 setup;00736300 release/null,VERIFIED,findings/boundaries/crdmovie_directshow_owner.md,2026-10-02,Movie/graph provenance is positive; broad game audio manager and singleton free caller not inferred.
GOG_PC,014B09E8,0x10b09e8,directshow_movie_source_ready,u32 success latch,MEDIA_PLAYBACK,Shared movie graph source setup,00700280 fallback check,00735D20 clear/set,VERIFIED,findings/boundaries/crdmovie_directshow_owner.md,2026-10-02,Movie/graph provenance is positive; broad game audio manager and singleton free caller not inferred.
GOG_PC,014B0A38,0x10b0a38,directshow_movie_filter_graph,COM FilterGraph interface pointer,MEDIA_PLAYBACK,Shared process-wide graph globals,00735D20 source/open/use,00735A10 setup;00736010 release/null,VERIFIED,findings/boundaries/crdmovie_directshow_owner.md,2026-10-02,Movie/graph provenance is positive; broad game audio manager and singleton free caller not inferred.
STEAM_PC,013936f0,0xf936f0,cmap_static_world_root,in-place CMap; lower bound 0xA40C0,WORLD_STREAMING,static process storage; raw constructor/finalizer registration,005DCA50 five concrete sites,005d0680 initialization;0076dc50 finalizer,VERIFIED,findings/boundaries/cmap_world_level_owner_root.md,2026-10-02,Not a heap-root pointer cell. Level array absolute 01437688 = base+0xA3F98; lifetime coordination/update order UNKNOWN.
STEAM_PC,01437688,0x1037688,cmap_clevel_retained_pointer_array,64 dword pointers at CMap +0xA3F98,WORLD_STREAMING,in-place CMap 013936F0,005DCA50,005d0680 clears; named attach stores successful CLevel;005D26B0 numericstate7 clears64 retained slots,VERIFIED,findings/boundaries/cmap_world_level_owner_root.md;findings/boundaries/cmap_state_resource_phase_placement.md,2026-10-03,Accepted acquisition/retention C0115 preserved. New selected state7 CRdData counter requests precede64-pointer clear and numericstate8; clear itself is not CLevel destructor/free. Specific tag/descriptor/CLevel+164 lifetime matching and surrounding helper effects UNKNOWN.
GOG_PC,013936f0,0xf936f0,cmap_static_world_root,in-place CMap; lower bound 0xA40C0,WORLD_STREAMING,static process storage; raw constructor/finalizer registration,005DCB20 five concrete sites; first caller orphan-limited,005d0750 initialization;0076d960 finalizer,VERIFIED,findings/boundaries/cmap_world_level_owner_root.md,2026-10-02,Not a heap-root pointer cell. Level array absolute 01437688 = base+0xA3F98; lifetime coordination/update order UNKNOWN.
GOG_PC,01437688,0x1037688,cmap_clevel_retained_pointer_array,64 dword pointers at CMap +0xA3F98,WORLD_STREAMING,in-place CMap 013936F0,005DCB20,005d0750 clears; named attach stores successful CLevel,VERIFIED,findings/boundaries/cmap_world_level_owner_root.md,2026-10-02,"Retention is proven; exclusive lifetime ownership, clear/retirement coordination and resource dependency UNKNOWN."
STEAM_PC,00bd9e68,0x7d9e68,crdscenedraw_singleton_cache,pointer to observed 0x6778 allocation,OBJECT_DISPATCH,CSingleton<CRdSceneDraw> acquisition/cache,00406f70,00406f70 successful allocation/failure publication,VERIFIED,findings/boundaries/crdscenedraw_active_manager_interface.md,2026-10-02,Two direct xrefs per build (acquire read/write). Startup publishes identical pointer in 00BD7670; selected application shutdown clears app root only. Cache-free or indirect deleting invocation UNKNOWN.
GOG_PC,00bd9e68,0x7d9e68,crdscenedraw_singleton_cache,pointer to observed 0x6778 allocation,OBJECT_DISPATCH,CSingleton<CRdSceneDraw> acquisition/cache,00406f30,00406f30 successful allocation/failure publication,VERIFIED,findings/boundaries/crdscenedraw_active_manager_interface.md,2026-10-02,Two direct xrefs per build (acquire read/write). Startup publishes identical pointer in 00BD7670; selected application shutdown clears app root only. Cache-free or indirect deleting invocation UNKNOWN.
STEAM_PC,0138a6e4,0xf8a6e4,csdcore_singleton_cache,pointer to observed 0x50C CSingleton<CSdCore>,AUDIO,typed lazy acquisition; not exclusive backend owner,0046f9d0,0046f9d0 publication/failure zero,VERIFIED,findings/boundaries/gameplay_audio_organizing_roots.md,2026-10-03,".data virtual zero-fill, not file-backed initial pointer. Separate static ctor receiver 014B0400 shares backend globals; actual cached free/clear UNKNOWN."
GOG_PC,0138a6e4,0xf8a6e4,csdcore_singleton_cache,pointer to observed 0x50C CSingleton<CSdCore>,AUDIO,typed lazy acquisition; not exclusive backend owner,0046fad0,0046fad0 publication/failure zero,VERIFIED,findings/boundaries/gameplay_audio_organizing_roots.md,2026-10-03,".data virtual zero-fill, not file-backed initial pointer. Separate static ctor receiver 014B0400 shares backend globals; actual cached free/clear UNKNOWN."
STEAM_PC,0138a6e0,0xf8a6e0,csound_cached_root,pointer to observed 0x68A0 CSound,AUDIO,cached game audio coordinator,004183d0; raw00454d50 event1 ->0046f360,004183d0 allocation publication,VERIFIED,findings/boundaries/gameplay_audio_organizing_roots.md,2026-10-03,"Selected direct producer/consumer references only, not exhaustive census. Root/backend lifetime and runtime cadence unresolved."
STEAM_PC,00bdbcc0,0x7dbcc0,csdmain_singleton_cache,pointer to observed 0x2838 CSingleton<CSdMain>,AUDIO,main sound record controller,00427700;0046f360 ->00720980,00427700 publication/failure zero,VERIFIED,findings/boundaries/gameplay_audio_organizing_roots.md,2026-10-03,"Selected direct producer/consumer references only, not exhaustive census. Root/backend lifetime and runtime cadence unresolved."
STEAM_PC,014b01e4,0x10b01e4,game_audio_shared_backend_interface,"COM/interface pointer cell, not CSdCore this",AUDIO,"shared ctor/backend acquisition, exclusive owner UNKNOWN",0072ba00;0072c3f0;0072da80;0072C2E0 separately sampled slot/pushed receivers,0072ba00 ->0072d960 output,VERIFIED,findings/boundaries/gameplay_audio_organizing_roots.md;findings/boundaries/audio_static_core_backend_cleanup.md,2026-10-04,"Selected direct producer/consumer references only, not exhaustive census. Root/backend lifetime and runtime cadence unresolved. Seq56 no direct E clear in finite body; foreign operations may change it. Guard/slot/argument identity, API/success/release counts and static-lazy coordination unknown."
STEAM_PC,01393700,0xf93700,cmap_numeric_control_state,dword at in-place CMap013936F0 +0x10; human state meaning UNKNOWN,WORLD_STREAMING,in-place CMap storage; external event/task writers,selected005D26B0;0044A040;0046F360;exact40-xref source in receipt,005D26B0 eighteen direct/RMW sites;raw0063D0FC/0064E737;00642640@00643C53,VERIFIED,findings/boundaries/cmap_state_resource_phase_placement.md,2026-10-03,"Numeric state/control relationship only. Private014735F0=200 and008C5644=6 are separate domains, not CMap meanings. GOG not newly inspected."
STEAM_PC,00bda0c8,0x7da0c8,cphysicscore_singleton_cache,pointer to observed0x67EDC CSingleton<CPhysicsCore>,PHYSICS_PHYSX,typed getter/startup/object/shutdown uses,0040e470;0040e4f0 callers,0040e470 success/failure publication,VERIFIED,findings/boundaries/cphysicscore_lifecycle_root.md,2026-10-03,"Selected producer/consumer mechanical scope; no exhaustive reference census, initial on-disk pointer, exclusive SDK lifetime or live cadence claim."
STEAM_PC,01493fa8,0x1093fa8,physics_shared_sdk_interface,"NxCreatePhysicsSDK returned interface pointer, also core+11C",PHYSICS_PHYSX,shared SDK dependency; final release/cache clear UNKNOWN,006ec450/006ec5f0;006f9040,006ec450/006ec5f0 conditional API output,VERIFIED,findings/boundaries/cphysicscore_lifecycle_root.md;findings/boundaries/phase5_physics_scene_controller_release.md,2026-10-04,"Selected producer/consumer mechanical scope; no exhaustive reference census, initial on-disk pointer, exclusive SDK lifetime or live cadence claim. Phase5selectedcleanup/provider loadG; noexplicitG/Rclear in006F9040, latercurrentR11C SDKuses. Opaquesideeffects/globaleventuallifetime andG=R UNKNOWN."
STEAM_PC,00bda004,0x7da004,CSingleton_CGame_cached_root,pointer to observed0x838E30 singleton; zero-offsetCGamebase,APPLICATION_LIFECYCLE,CSingleton<CGame>; actualfree/rootclear UNKNOWN,0040A320 cachedgetter;0061A830/00647130/00509080 receivegetterresultECX inselectedcallers;004FD920 getter-derived indexed98E48 read;CItem binding separately getter-derived835000 read,0040A320 allocation/ctor/vptrpublication; nofullwritercensus,VERIFIED,findings/boundaries/cgame_record_reconstruction_root.md;findings/boundaries/citem_factory_value_resource_binding.md,2026-10-04,"NotCMap013936F0 orstandaloneSaveManager. EmbeddedbackupBE8/live8C568 count45CC0; selectedresumevectors/flags checked, diskimage/fullmode/lifetimeunknown. Seq50 numeric input/name-row source only; independently reacquired generations, population/range/ownership unknown."
STEAM_PC,008c29f0,0x4c29f0,CCar_static_organizing_root,"In-place exact CCar; selected lowerbound740, full extent UNKNOWN",VEHICLE,Static root; CObjectCar ownership bridge UNKNOWN,005F5DD0 retained lookup write;+4 callback request test,PE vptr;raw0076B770 embedded construction;0076DC90 vptr rewrite; request+4/retained+73C updates,VERIFIED,findings/boundaries/vehicle_organizing_root.md,2026-10-03,"Two398 embedded CLayout elements; distinct native task, not actor/root heap acquisition. No whole writer census or free/cadence claim."
GOG_PC,008c29f0,0x4c29f0,CCar_static_organizing_root,"In-place exact CCar; selected lowerbound740, full extent UNKNOWN",VEHICLE,Static root; CObjectCar ownership bridge UNKNOWN,005F5ED0 retained lookup write;+4 callback request test,PE vptr;raw0076B480 embedded construction;0076D9A0 vptr rewrite; request+4/retained+73C updates,VERIFIED,findings/boundaries/vehicle_organizing_root.md,2026-10-03,"Two398 embedded CLayout elements; distinct native task, not actor/root heap acquisition. No whole writer census or free/cadence claim."
STEAM_PC,01470670,0x1070670,CFishingPerson_callback_receiver_alias,nullablepointer toselectedtyped858 actor,FISHING,"Callbackusealias, notsoleowner/singleton; clear/free unknown",selectedfishingconsumers; notfullreader census,00619FD5 publishesfirstcallbackarg,VERIFIED,findings/boundaries/fishing_primary_owner_update.md;findings/boundaries/phase5_fishing_parent_line_aux_retirement.md,2026-10-04,Rawallocation/type/returnedpointer/publication/caller proof. NotgenericUIroot orallinstance uniqueness; no fullwritercensus. Phase5callbackpublishesalias BEFORE81Cgate; localevent2linecleanup doesnotclearthisalias. Globalretirement/allwriters/currentactorlastuse notproven.
STEAM_PC,01470678,0x1070678,CLayoutMng_fishing_root,nullablepointer to408 CLayoutMng,FISHING,"CreatedbyCFishingPerson, globalretainer; exclusiveownership/free UNKNOWN",00619FD0 event18->006107E0; selectedconstruction/use,00613BD6 publishesconstructedEAX,VERIFIED,findings/boundaries/fishing_primary_owner_update.md,2026-10-03,Rawallocation/type/returnedpointer/publication/caller proof. NotgenericUIroot orallinstance uniqueness; no fullwritercensus.
STEAM_PC,00bd9e5c,0x7d9e5c,CRdPrim_cached_root,pointer to24C acquiredtypedrenderer,RENDER_D3D9,Cache; startupalias00BD7680; fullfreecoordination UNKNOWN,00406E70 getter andselectedfade draw,00406ECD acquisition,VERIFIED,findings/boundaries/effects_organizing_roots_and_use.md,2026-10-03,Selected primarytype/pointergenealogy; retainer/alias distinctfromexclusiveownership; no fullwritercensus orruntimeproof.
STEAM_PC,01437414,0x1037414,CMap_retained_CEffectRain,pointer atCMap+A3D24,EFFECTS,CMapretainer; activeobjectmanager registration/free separate,selectedweather acquisition/consumer; fullreadercensusnotperformed;005D447B currentretainerload,005DD668 selectedstate0;005D448C normalreturnEBXstore;005E0EB6 incomingstaticCMapcontext retainerzero,VERIFIED,findings/boundaries/effects_organizing_roots_and_use.md;findings/boundaries/phase5_weather_retainer_grid_retirement.md;findings/boundaries/phase5_cmap_reset_lensflare_cache_publication.md,2026-10-04,"Selected primarytype/pointergenealogy; retainer/alias distinctfromexclusiveownership; no fullwritercensus orruntimeproof. Seq94 guard/currentvirtual30/postcallfieldstore; construction/current/postcall generationsnotjoined, store notfree/lastuse. Seq98 localincomingCMapretainerclear beforeseparatecachepath; oldpointee/generation/lastuse notread/retired/freeproven."
STEAM_PC,01437418,0x1037418,CMap_retained_CEffectHaze,pointer atCMap+A3D28,EFFECTS,CMapretainer; activeobjectmanager registration/free separate,selectedweather acquisition/consumer; fullreadercensusnotperformed,005DD69B selectedstate1;005E0EBC incomingstaticCMapcontext retainerzero,VERIFIED,findings/boundaries/effects_organizing_roots_and_use.md;findings/boundaries/phase5_cmap_reset_lensflare_cache_publication.md,2026-10-04,Selected primarytype/pointergenealogy; retainer/alias distinctfromexclusiveownership; no fullwritercensus orruntimeproof. Seq98 localincomingCMapretainerclear beforeseparatecachepath; oldpointee/generation/lastuse notread/retired/freeproven.
STEAM_PC,008a6070,0x4a6070,CDemo_static_root,in-place typedobject; observed818 extent,EVENT_SCRIPT,Game-owned staticCDemo; nativecallback tasks are separate,004288AF/00445506 request; selectedrawcallbackmemberhelpers,PEvptr;0076DB20 finalizerrewrite,VERIFIED,findings/boundaries/cdemo_context_selector_provenance.md,2026-10-03,"Rawroot/member/valueflow verified; no fullreader/writer universe beyondprovidedexact008A6074 xrefs, indirectwriteabsence/livecadence orall-mode policy."
STEAM_PC,008a607c,0x4a607c,CDemo_pending_request_control,CDemo+C dword,EVENT_SCRIPT,CDemo field,Selectedcallback/otherconsumers; fullpolicy UNKNOWN,00427AC3=1 andselectedcallbackentry/exit writes,VERIFIED,findings/boundaries/cdemo_context_selector_provenance.md,2026-10-03,"Rawroot/member/valueflow verified; no fullreader/writer universe beyondprovidedexact008A6074 xrefs, indirectwriteabsence/livecadence orall-mode policy."
STEAM_PC,008a670c,0x4a670c,CDemo_numeric_callback_phase,CDemo+69C dword; selected0..6 table,EVENT_SCRIPT,CDemo field,00421435 event1statetable,00426BB7 resets0; selectedexistingcallbackstatewrites,VERIFIED,findings/boundaries/cdemo_context_selector_provenance.md,2026-10-03,"Rawroot/member/valueflow verified; no fullreader/writer universe beyondprovidedexact008A6074 xrefs, indirectwriteabsence/livecadence orall-mode policy."
STEAM_PC,008a7218,0x4a7218,CDemoMovie_static_root,in-place typedobject; observed20 lowerbound,MEDIA_PLAYBACK,"Separatestaticmovie-requestreceiver,notCRdMovie allocation",Selected00428870 requestpath; existingtypedworldcaller005D2790,PEvptr/0076DB40 reset,VERIFIED,findings/boundaries/cdemo_context_selector_provenance.md,2026-10-03,"Rawroot/member/valueflow verified; no fullreader/writer universe beyondprovidedexact008A6074 xrefs, indirectwriteabsence/livecadence orall-mode policy."
STEAM_PC,01476978,0x1076978,CMenu_in_place_static_root,"In-placeCMenu;9651 observedlowerbound, notheapallocation",NATIVE_UI,Staticctor0076BA90/registeredfinalizer0076DDD0; exclusivelifetime unknown,00446418/1D request;raw00654490 eventroot;00642710 reset;selectedtypedmenu methods,006546E0 constructor;00640210 selectedreset;006545B0 A6;selectedinput20<-24,VERIFIED,findings/boundaries/cmenu_organizing_task_use.md,2026-10-03,Zero-filldata: no on-diskrootvptr. Distinct task/model/camera/CMessage/nearby0147693C availabilitybyte.
STEAM_PC,00be5970,0x7e5970,cpreserve_inplace_root,Observed0x57D lowerbound,SAVE_GAMERECORD,Typedinplaceroot;independentfromobjecttask00BE5964,Selectedsources in primaryfinding; notallreader census,Selectedconstructor/request/consumer in primaryfinding,VERIFIED,findings/boundaries/save_disk_staging_record_chain.md,2026-10-03,SelectedSteamvalueflow only;notownership/lifetime/fullgrammar/GOG.
STEAM_PC,00be5ef0,0x7e5ef0,save_staging_image,Requested0x7A2620 bytes;header120+28*45CC0,SAVE_GAMERECORD,"Sharedstagingmemory;producer/consumerroleverified,notsafeexclusiveownership",Selectedsources in primaryfinding; notallreader census,Selectedconstructor/request/consumer in primaryfinding,VERIFIED,findings/boundaries/save_disk_staging_record_chain.md;findings/boundaries/save_writer_staging_write_policy.md,2026-10-03,SelectedSteamvalueflow only;notownership/lifetime/fullgrammar/GOG. Seq47 builder/request chain confirms shared staging pointer/count; producer/consumer chronology and ownership remain unknown.
STEAM_PC,01388510,0xf88510,save_header_scratch,Clear0x21C0;copyfirst0x120,SAVE_GAMERECORD,Selectedheader scratch copiedintoCGamefields,Selectedsources in primaryfinding; notallreader census,Selectedconstructor/request/consumer in primaryfinding,VERIFIED,findings/boundaries/save_disk_staging_record_chain.md,2026-10-03,SelectedSteamvalueflow only;notownership/lifetime/fullgrammar/GOG.
STEAM_PC,00be5964,0x7e5964,cpreserve_object_task_alias,4-bytepointer,SAVE_GAMERECORD,Distinctregisteredselector0task;installedcallbackswitchestoCPreserve,Selectedsources in primaryfinding; notallreader census,Selectedconstructor/request/consumer in primaryfinding,VERIFIED,findings/boundaries/save_disk_staging_record_chain.md,2026-10-03,SelectedSteamvalueflow only;notownership/lifetime/fullgrammar/GOG.
STEAM_PC,00bda010,0x7da010,physics_context_array,"4 CPhysicsThread contexts;stride0x2C,total0xB0",PHYSICS_PHYSX,Inplacestaticarray;eachretainsSCENEvector20; scene-recordpointees notownedbyarray proof,"Typedstart0040B630,selectedproducer0040B7B0/worker0040BAF0/synchronousC0121",Rawconstructoriterator0076AAA0;registeredfinalizer0076DA80;selectedrecordhelpers,VERIFIED,findings/boundaries/physics_context_vector_activation.md,2026-10-03,"Samecontextreceiver geneaology; availableCreateThreadpath,actualincomingactivation/safejoin/freeUNKNOWN."
STEAM_PC,00bd9e0c,0x7d9e0c,sysutil_holder_cache,4-byte TSiHolder<CSysutil> pointer cache,PLATFORM_WIN32,SelectedSysutil+C8 retainedcallback;notpersistencepayloadowner,SelectedCSaveData004094C0/00409790/00409980 sources;raw00409240 currentrootguard/deleting,004098F0 getter at00409959;raw00409240 afternormalreturnrootclear,VERIFIED,findings/boundaries/save_disk_staging_record_chain.md;findings/boundaries/phase5_save_sysutil_deferred_root_lifetime.md,2026-10-04,Mechanicalalreadyverifiedsave-chain rootprojection; maingetterpublication alsochecked. Nofullworkeractivation/OSresourcefree/GOG. Phase5currentrootfinalizercode registeredtoengineCSiHolder/applicationroute. Conditionaldeallocationboundary separatefromrootclear; currentgen/callback-buffer/stopjoin/operation-successUNKNOWN.
STEAM_PC,01481130,0x1081130,resource_load_worker_static,In-place CLoadThread;observed size lower bound41,RESOURCE_LOADING,Static request worker;embedded collection24 andseparate direct3C/3E/40 slot,006B1310 routing;006B3BA0 start;006B4DE0 queue/direct worker;selected publicmode0 source;006B2670 actualstopreceiver;0076DE60 registeredfinalizerbody,0076D4E0->006B4D70 ctor;006B3B40 queue;006B3C00 direct;006B4DE0 queued_counter;006B4EE0 pendingclear;006B3D70 loop19/logicalQ/count20clear;006B3C80 period1;006B4F80 storage teardown,VERIFIED,findings/boundaries/phase5_resource_worker_shutdown_coordination.md;findings/boundaries/resource_worker_typed_handoff.md,2026-10-04,Mapped non-file-backed.data; not CRdData cache/CFlkUtil/physics context. Invoked API path positive; per-request temporal identity/result/cleanup/free/runtime/build UNKNOWN. Phase5localstop/storage order positive; admissionclosure/threadcompletion samegeneration beforemanagerrelease UNKNOWN. No actualstaticallocationfree.
STEAM_PC,014b01fc,0x10b01fc,audio_indexed_bank_interface_storage,Indexed dword interface pointers; selected full extent UNKNOWN,AUDIO,"Shared backend bank storage, exclusive owner/lifetime UNKNOWN",0072CFE0 same-P bankindex->indexedpointer->slot0/C selected conditional consumer,Accepted C0118 CSdCore0072BA00 banksetup context; no new fullwriter/lifetime census,VERIFIED,findings/boundaries/audio_descriptor_request_record_chain.md,2026-10-03,Not014B01E4 enginepointercell orstaticCSdCore014B0400. Apparentnulltestchecks literaladdress. ConcretePLSE066 bank/name/interfacevalues andsuccess UNKNOWN.
STEAM_PC,008a9514,0x4a9514,game_state_special_literal85_value_cell,Mutable four-byte scalar pointer-result cell,APPLICATION_LIFECYCLE,Specialcategory1 helper output; notowningCGame/list/item allocation,00654A80 returnedpointerdereference00655B7D/M80latch,004FECF0 specialarm004FED10 writes85/0x55,VERIFIED,findings/boundaries/cmenu_numeric_game_slot_commit.md,2026-10-03,"Observedfilebackeddata; valueproducedbybranch, notstaticinitialvalueinference. Sharedcellconcurrency/livecategory/count/index/population unknown."
STEAM_PC,00be6010,0x7e6010,save_staging_record0_block,Inline0x45CC0 record0 block at sharedstaging+0x120; notpointercell,SAVE_GAMERECORD,Shared CPreserve/CGame save staging; exclusive ownership unknown,00465170 selectedstaging->live copy; physicalwriter consumes encompassing00BE5EF0 image atselectedscope,006ACB2F selected memcpy from CGame+0x8C568,VERIFIED,findings/boundaries/save_disk_staging_record_chain.md;findings/boundaries/save_writer_staging_write_policy.md,2026-10-03,"Seq47 selected typed builder destination; generation/lastwriter/chronology/lifetime/full grammar unknown. Projectioncorrection: literaladdress00BE6010 denotesinlineblock, notstoredpointer; broaderworld-reader wording withdrawn; exact00465170 reuse only."
STEAM_PC,008bf678,0x4BF678,CNpcEnemy_factory_callback_descriptor,"8 bytes: callback0047F830,dwordmetadata0000000C",OBJECT_DISPATCH,selector3 row of008BF660 factory descriptor table; not runtime owner,selected005E939A/005E955F descriptor index3,raw PE initialized data; runtime mutation unexamined,VERIFIED,findings/boundaries/npc_enemy_camera_scalar_marker_policy.md,2026-10-04,Metadata0C differs from actual setter event0 and external adapter event1; payload4C supplies distinct auxiliary. Callback persistence/reentry/GOG unknown.
STEAM_PC,014b0400,0x10b0400,csdcore_in_place_static_instance,"CSdCore; accepted ctor0x50C extent, new cleanup writes base vptr only",AUDIO,"Static .data storage; separate lazy instance shares backend globals, exclusive ownership UNKNOWN",0076DF60 literal ECX ->0072C2E0,Accepted0076D9B0 constructor path;0072C2EC base vptr,VERIFIED,findings/boundaries/gameplay_audio_organizing_roots.md;findings/boundaries/audio_static_core_backend_cleanup.md,2026-10-04,"Virtual zero-filled storage, not on-disk initialized object/heap cache. Finalizer registration and available cleanup are not actual invocation, object allocation free, safe retirement or cadence."
STEAM_PC,014b0268,0x10b0268,audio_cleanup_handle_argument_cells,12 absolute dwords/0x30 bytes; local indices0..11; last014B0294,AUDIO,"Shared absolute storage, creator/exclusive owner/last-use UNKNOWN",0072C343/350 guards;0072C35D CloseHandle argument reload,No direct writes in selected0072C2E0; producers unvisited,VERIFIED,findings/boundaries/audio_static_core_backend_cleanup.md,2026-10-04,SentinelFFFFFFFF and0 tests sample independently; actual argument may differ. Imported attempt/ignoredBOOL and lack of local reset do not prove successful retirement/leak/idempotence.
STEAM_PC,014b029c,0x10b029c,audio_cleanup_opaque_argument_cells,13 absolute dwords/0x34 bytes; local indices0..12; last014B02CC,AUDIO,Shared retained scalar/pointer-like values; pointee class/owner/free UNKNOWN,0072C38E guard;0072C39B opaque0074EE0B argument reload,0072C3B4 unconditional dword0 on null-skip/returning-call path,VERIFIED,findings/boundaries/audio_static_core_backend_cleanup.md,2026-10-04,Not bank storage014B01FC or receiver-relative fields. Helper implementation unexamined; zero store is reset only and does not prove equal argument/current contents or destruction.
STEAM_PC,014b0298,0x10b0298,audio_cleanup_mapped_view_cell,One absolute dword passed to UnmapViewOfFile,AUDIO,Shared mapped-view argument cell; mapping creator/last-use/exclusive owner UNKNOWN,0072C3C1 guard;0072C3CA argument reload,0072C3D7 unconditional0 after skip/returning unmap,VERIFIED,findings/boundaries/audio_static_core_backend_cleanup.md,2026-10-04,Ignored unmapBOOL/independent samples; clear not successful unmap/backend clear/root free. FollowingCoUninitialize has unproved executing-thread/apartment/balance.
STEAM_PC,0148ca40,0x108ca40,csi_holder_deferred_root_code_carrier_cache,4-byte CSiHolder pointer; observedcarrier194/100codepointers,APPLICATION_LIFECYCLE,"Lazycarrier allocation/publish/dispatcherconditionaldeleting; notMovie/Sysutil/SaveData objectroot, noexclusiveownership",006E1930 registrar;006E19A0 saved/currentdispatch;006E1AA0 provider,006E1B0F providerpublish;006E1A81 aftercurrentcarrierdelete rootclear,VERIFIED,findings/boundaries/phase5_save_sysutil_deferred_root_lifetime.md,2026-10-04,"Nominalcodecarrier root/state only; code-onlyretention/nocapturedinstance, currentroot/record/unlock generationbreaks. Externalguard14CA44 initializedlifetime notacquired; noactualruntime/fullregistry."
STEAM_PC,00bd9e1c,0x7d9e1c,stopwatch_holder_current_cache,4-byte currentholderpointercell; notgenerationtoken,PLATFORM_WIN32,Selectedlazyholdercache/globalguard; exclusiveowner/lastuserUNKNOWN,00407CF0;007041C0;raw004035E0,00407D59 publication;raw0040360B clear,VERIFIED,findings/boundaries/phase5_input_provider_accounting_finalizers.md,2026-10-04,Rootsample/increment/decrement/finalizer/rootclear occupantsseparate; noallwriters census/registrationactual/free success/cadence.
STEAM_PC,0148ca34,0x108ca34,actuator_holder_current_cache,4-byte currentholderpointercell; notgenerationtoken,INPUT_CAMERA,Selectedlazyholdercache/globalguard; exclusiveowner/lastuserUNKNOWN,0070B780;006E1850;0070BA50,0070B801 publication;0070BAA6 clear,VERIFIED,findings/boundaries/phase5_input_provider_accounting_finalizers.md,2026-10-04,Rootsample/increment/decrement/finalizer/rootclear occupantsseparate; noallwriters census/registrationactual/free success/cadence.
STEAM_PC,014379b4,0x10379b4,effect_lensflare_wrapper_cache_selected_publication,"4-bytepointer root; new454allocation/namedwrappertable, oldcurrentgenUNKNOWN",EFFECTS,SeparationfromCMapECX observed; cache/retainer notexclusiveownership; opaqueVregistrationargumentcontinuityUNKNOWN,005E0EE0 selectedcurrentload; nofullreader census,005E0F33 selectednewtable-after-adapter publication; nofullwriter census,VERIFIED,findings/boundaries/phase5_cmap_reset_lensflare_cache_publication.md,2026-10-04,NotCMapfieldmerelyfromnearbyaddress. Coldnewallocationtype positive; nonnullcurrentcachegeneration/type/free/lastuser unknown. CMapfieldclear andL8zero notdestruction.
STEAM_PC,0148bbd8,0x108BBD8,texture_descriptor_immediate_context_address,Literalreceiver address; actualtype/size/backingUNKNOWN,RENDER_D3D9,UNKNOWN; no root/constructor/data acquisition,"006CBA47 immediateECX address, notstorageload",,VERIFIED,findings/boundaries/phase5_crdmovie_constructed_texture_setup_descriptor.md;findings/boundaries/phase5_texture_descriptor_consumer_request_limit.md,2026-10-05,"Seq113 actualMoviehelper construction/descriptor interface only; currentH/M8/table/resourcegen/APIeffect/ownership/free/finaluseUNKNOWN. Original8byte minimumsourceNOTPASS/wrongcutoff preserved; prospective128/448+88metadata passedbeforepromotion, no cleanoriginal40/160/112pass. PersonalcriticalPE/ASM andexplicit-schema agreement beforecanonicalwrites, replaysnonadditive. Seq115 linkednominalR method usesrelative10DWORDread/conditionalpoststore; no absoluteglobalcontents/type orsavedR-slot generationpreservation established. Seq115 capture/retention/lifetime NOT_READY at exactonecaller; Dforwardedafteropaque effects, Ptwo-wordcopy notDalias, R10poststore notsuccessfulcapture. R/D/P/H/storage gen/type/lastuse UNKNOWN; fivecallees unacquired. Newclean45/115fit notretroactiveMovieoriginalNOTPASSpass. PersonalPE/ASM andexplicit45rows beforepromotion."
STEAM_PC,01480984,0x1080984,texture_setup_current_interface_pointer_storage,DWORDpointer-storage reads; concreteinterface/type/currentcontentsUNKNOWN,RENDER_D3D9,UNKNOWN; no globals/datawriter acquisition,006B5DA7 table-source read;006B5DAF separatepushed-receiver read,,VERIFIED,findings/boundaries/phase5_crdmovie_constructed_texture_setup_descriptor.md,2026-10-05,"Seq113 actualMoviehelper construction/descriptor interface only; currentH/M8/table/resourcegen/APIeffect/ownership/free/finaluseUNKNOWN. Original8byte minimumsourceNOTPASS/wrongcutoff preserved; prospective128/448+88metadata passedbeforepromotion, no cleanoriginal40/160/112pass. PersonalcriticalPE/ASM andexplicit-schema agreement beforecanonicalwrites, replaysnonadditive. Equaladdressdoesnotjoin twoobservations/generations."
STEAM_PC,00BD9E20,0x7D9E20,inplace_static_pointer_tracking_collection,0x18 compatiblepointervector extent; exactsourceclassname UNKNOWN,UNKNOWN,Staticstorage; separatecache00BDA0C0/guard00BD9E38; pointeeownership UNKNOWN,0040CEE0 receiver-relative0/C/10; acceptedconditionalappendclassscope;0040CE60 selectedapplicationroot/currentbegin-end/indexedpointer,0040CEE0 invokesaccepted0040D8B0 shellctor,STRONG_INFERENCE,findings/boundaries/phase6_inplace_static_pointer_tracking_root.md;findings/boundaries/phase6_tracker_application_raw_pointer_retirement.md,2026-10-05,Fixedreturnedaddress VERIFIED; collectionroleSI; notscene/nodevectoralias. Callbacktarget unvisited; actualexit/free/currentgen/GOG UNKNOWN. Sequence139separateapplicationrawentrydeallocationboundary qualified; ownership/duplicates/success/lastuse/currentgen remainUNKNOWN.
STEAM_PC,00BDA0C0,0x7DA0C0,inplace_static_pointer_tracker_cache,4bytepointer cache; coldvalue00BD9E20,UNKNOWN,Cachealias tostaticroot; ownershipresponsibility UNKNOWN,00403690,00403690 fixedrootpublication,VERIFIED,findings/boundaries/phase6_inplace_static_pointer_tracking_root.md,2026-10-05,Owngetter cachedreturn/publication only; no cacheclear/actualcallback/currentgen/GOG proof.
STEAM_PC,00BD9E38,0x7D9E38,inplace_static_pointer_tracker_once_guard,DWORDbit0 initialized/atexitregistrationguard,UNKNOWN,Separatefrom0x18rootstorage,00403690 bit0test,00403690 bit0OR beforeinitializer,VERIFIED,findings/boundaries/phase6_inplace_static_pointer_tracking_root.md,2026-10-05,No atomicadmission/threadsafeconstruction/exceptionrecovery/completion claim; no currentgen/GOG.
STEAM_PC,00BD9E60,0x7D9E60,CRdModel_singleton_cache,4bytecachepointer; available368requestCSingleton<CRdModel>,RENDER_D3D9,Cache retainer; ownershipresponsibility/currenttype/gen UNKNOWN,00406EF0 selectedgetter,00406EF0 selectedpublication,VERIFIED,findings/boundaries/phase6_static_tracker_shell_teardown_and_crdmodel_cache.md,2026-10-05,"Newlyqualifiedrendererroot; notCRdSceneDraw00BD9E68/app00BD7670, notlargeCObjectModel. Otherreaders/fullpolicy/actualcleanup/GOG UNKNOWN."
STEAM_PC,00BE1EA0,0x7E1EA0,CTimer_singleton_cache,4-byte cached pointer; retained allocation request0x24,UNKNOWN,CSingleton<CTimer> cache retainer; ownership/lifetime UNKNOWN,00449480,00449480,VERIFIED,findings/boundaries/phase6_timer_root_and_bulk_shared_word_interfaces.md,2026-10-05,Own getter publishes/returns cache; actual clock/update/cleanup/currentgen/GOG UNKNOWN.
STEAM_PC,014940F8,0x10940F8,fixed_atomic_word_shared_participant,4-byte fixed operand; exact type/owner UNKNOWN,UNKNOWN,UNKNOWN; no alias to CPhysicsCore+67CC8,006EAB30/006EB0F0 exactaddressarguments; actualdirectreader UNKNOWN,006EAB30:InterlockedIncrement/Exchange,STRONG_INFERENCE,findings/boundaries/phase6_timer_root_and_bulk_shared_word_interfaces.md;findings/boundaries/phase6_event_incoming_and_fixed_word_mask_wrapper.md,2026-10-05,Sequence141 qualifies selected00712D50 mask-1 path: visible middle store preserves reloaded word; two opaque hooks can still affect semantics. Owner/concurrency/coordination/currentgen and other readers UNKNOWN.
STEAM_PC,014B0068,0x10B0068,fixed_mutex_raw_handle_cache,4-byte rawAPI handle carrier,PLATFORM_WIN32,UNKNOWN,00712D80;00712DB0,00712D80 rawCreateMutexA result,VERIFIED,findings/boundaries/phase6_fixed_word_mutex_hook_qualification.md,2026-10-05,Selectedbodywidth/publication/APItransport only. Valid/currenthandle/concurrentinit/success/ownership/CloseHandle/lifetime UNKNOWN.
STEAM_PC,0148132C,,optional_callback_word,4-byte published pointer/value; target type UNKNOWN,UNKNOWN,UNKNOWN,00401080 selected low-key drain,006BB0F0 selected stack publication,STRONG_INFERENCE,findings/boundaries/phase6_optional_callback_record_delivery.md,2026-10-05,Second selected client and setter. Optional hook/transport candidate; no synchronization/identity/generation/lifetime/effects.
GOG_PC,00BDA004,,CGame_singleton_cache,4-byte cached pointer,APPLICATION_LIFECYCLE,CSingleton<CGame> inferred from installed RTTI; ownership/lifetime UNKNOWN,0040A2F0,0040A2F0,VERIFIED,findings/boundaries/phase6_gog_cgame_accessor_qualification.md,2026-10-05,GOG-specific selected accessor; no universal root policy.
STEAM_PC,00BDC960,0x7dc960,intended_CEvThreadEx_static_vector_base,Intended80*C4 requestedlayout3D40; not measuredextent/sizeof/currentcontents,EVENT_SCRIPT,UNKNOWN; available compiler request is not service/ownership,"00446890 addressarithmetic/publication only, not elementmemoryread","0076AC60 orphanpassesbase/ctorpointer toopaqueCRTiterator; nolocalstore;availablecallback relativewrites, actualvectorinvocationUNKNOWN",STRONG_INFERENCE,findings/boundaries/phase6_static_thread_vector_and_demo_level_configuration.md;findings/boundaries/phase6_static_vector_address_publication_and_abi.md,2026-10-05,"Constructorcallback0042D3B0/strideC4/count50hex; cleanupcallback0042BA30/atexitoperand0076DBA0. Currentcallbackexecution/ABI/generation/owner/ordering/lastuse UNKNOWN; no01437A20/0143C078join. Seq152 own77 ABI and599 publication qualified; source arithmetic only, no liveelement/virtualmode/stablegettergen. Neighbour54/10cohorts separate."
STEAM_PC,008A63E4,,Demo_configuration_pointer_publication_base,Observed4-byte indexedpointer-bitstores; capacity UNKNOWN,EVENT_SCRIPT,UNKNOWN; physicalowner/rootextent notproved,Unqualified,0041D970 selectedESIstore aftercallbackinterface,STRONG_INFERENCE,findings/boundaries/phase6_static_thread_vector_and_demo_level_configuration.md,2026-10-05,CLevel-compatiblefactoryresultbits publicationSI; postcallbackcurrenttype/liveness/generation/ownership/stablecount/retirement UNKNOWN.
STEAM_PC,00BD9FE8,0x7d9fe8,CEvCore_singleton_cache,4bytecacheword; available13ECrequestedCSingleton<CEvCore>,EVENT_SCRIPT,Cache retainer; currenttype/gen/exclusiveownershipUNKNOWN,00408960 ownload; allotherreadersunqualified,004089BD ownavailabletypednormalpublication-or0,VERIFIED,findings/boundaries/phase6_core_typed_root_descriptor_and_static_cohorts.md,2026-10-05,Notactualstartup/success/completeinitializer/stablegeneration/lifetimeproof.
STEAM_PC,00BDBEE0,0x7dbee0,CEvProcessEx_static_vector_candidate,Intended32*54 request; currentcontents/type/extentUNKNOWN,EVENT_SCRIPT,UNKNOWN,"00446890 addressarithmetic/publication only, notelementread",0076AC30 orphanrequest/00449420 callback transported/availableonly; noactualinvocation,STRONG_INFERENCE,findings/boundaries/phase6_core_typed_root_descriptor_and_static_cohorts.md,2026-10-05,Independenttypedinitializer/formatrequest; adjacentstorage not sharedowner/schema/gen/lastuserproof.
STEAM_PC,00BE06A0,0x7e06a0,CEvDataEx_static_vector_candidate,Intended384*10 request; currentcontents/type/extentUNKNOWN,EVENT_SCRIPT,UNKNOWN,"00446890 addressarithmetic/publication only, notelementread",0076AC90 orphanrequest/00449290 callback transported/availableonly; noactualinvocation,STRONG_INFERENCE,findings/boundaries/phase6_core_typed_root_descriptor_and_static_cohorts.md,2026-10-05,Independenttypedinitializer/formatrequest; adjacentstorage not sharedowner/schema/gen/lastuserproof.
STEAM_PC,008C5384,0x4c5384,selected_object_request_result_word,DWORD receiving opaque006C5930 EAX; currenttypeUNKNOWN,OBJECT_DISPATCH,UNKNOWN,CurrenttypedconsumersUNKNOWN,0063549D exactEAXstore,VERIFIED,findings/boundaries/phase6_core_current_bank_and_fixed_recipes_seq0160.md,2026-10-05,Own85 source wordstore only; suppliedfilezero notruntimevalue. No typedroot/creator/publication/lifetime guarantee.
STEAM_PC,00BDA0F4,0x7da0f4,CWeather_available_cache_word,DWORD; not file-backed/currentvalue UNKNOWN,UNKNOWN,UNKNOWN,00418482,004184BD,VERIFIED,reports/PHASE6_RETAINED_BRANCH_ADJUDICATION_2026-10-05_SEQ0164.md,2026-10-05,ConditionalpublishedESI-or0 with rawCSingleton<CWeather> table. Service consumers/actualtype/gen/owner/lifetime UNKNOWN.
STEAM_PC,008C5388,0x4c5388,camera_local_control_selector_word,DWORD; currentcontents UNKNOWN,INPUT_CAMERA,UNKNOWN,004F2D40 ownstate-minus1/table routing,004F2D40 own0/1/9/increment writes,VERIFIED,reports/PHASE6_INDEPENDENT_CLUSTER_SYNTHESIS_2026-10-05_SEQ0167.md,2026-10-05,Selectedinterface only; currentcontents/type/gen/owner/policy UNKNOWN.
STEAM_PC,00BD9E54,0x7d9e54,CEffectAdmin_available_singleton_cache,DWORD virtual-only cache; available7DC-request receiver/0076E850 declaration,EFFECTS,UNKNOWN,00405301 acceptedC0293,0040532E/00405345 acceptedC0293,VERIFIED,reports/PHASE6_READINESS_WAVE_SYNTHESIS_2026-10-06_SEQ0179.md,2026-10-06,Own80 finalEAX=R composesacceptedgetter: available nonzero normal-ABI path publishes originalrequestreceiver. Currentinstance/gen/service/owner/sizeof/safety UNKNOWN.
STEAM_PC,00BD9E44,0x7d9e44,CRdInput_available_cache_word,DWORD virtualonly; currentvalue UNKNOWN,UNKNOWN,UNKNOWN,00405292,004052CA,VERIFIED,reports/PHASE6_ROOT_COUNTERFACTUAL_SYNTHESIS_2026-10-06_SEQ0169.md,2026-10-06,Availabletypedtable/cache relation; no currentinstance/backendlayer/owner/gen/runtime.
STEAM_PC,0147FFDC,,Effect_setup_resource_result_scratch,DWORD virtual-only selectedresource-result scratch; no diskvalue,EFFECTS,UNKNOWN,00678BA0 selectedrepeated ownloads,00678C49,VERIFIED,findings/boundaries/phase6_effectadmin_selected_resource_registration.md,2026-10-06,Localstore/reloads only; pointeeformat/validity/stability/currentgen/ownership/locking UNKNOWN.
STEAM_PC,0147FFE0,,Effect_setup_result_plus20_scratch,DWORD virtual-only selectedresource-result scratch; no diskvalue,EFFECTS,UNKNOWN,00678BA0 selectedrepeated ownloads,00678C7C,VERIFIED,findings/boundaries/phase6_effectadmin_selected_resource_registration.md,2026-10-06,Localstore/reloads only; pointeeformat/validity/stability/currentgen/ownership/locking UNKNOWN.
STEAM_PC,01472224,,native_instruction_texture_candidate_slot,DWORD virtual-only constructor-result-or0 retainer; no filevalue/currentclass,RENDER_D3D9,UNKNOWN,00633D0B;0063451B selectedownreloads,006346C0 selectedconditionalpublication,VERIFIED,findings/boundaries/phase6_native_instruction_texture_import.md,2026-10-06,AcceptedCRdTexture available recipe context only. Reloadcohorts/gen/owner/validity/cleanup/lastuse UNKNOWN; no successfulGPU resource inference.
STEAM_PC,008C4C0C,0x4c4c0c,native_profile_name_accessor_result_slot,DWORD result retainer; current value/type/cohort UNKNOWN,RESOURCE_LOADING,UNKNOWN,"00627B22 selected own current reload, not complete census","0062861D immediate006B2C30 result publication, not complete census",VERIFIED,findings/boundaries/phase6_native_profile_resource_result_publication.md,2026-10-06,Known wrapper normalresult/record1C-or0 scope reused only; no XPC suffix/type/load-success/capture/owner/generation/lastuse inference.
