build,address,rva,canonical_name,class_candidate,slot_count,constructor_candidates,destructor_candidates,subsystem,evidence_state,evidence_refs,last_reviewed,notes
STEAM_PC,0076e644,0x36e644,vftable_0076e644,UNKNOWN,,,,UNKNOWN,VERIFIED,EXPORT-STEAM-symbols_csv,2026-10-01,explicit vftable symbol; adjacent meta pointer=0x0076e640; class and slot extent require pointer-table/constructor analysis;xref_count=0;code_ref_sources=data_initializer_or_unresolved;xref_count=0;code_ref_sources=data_initializer_or_unresolved
STEAM_PC,0076e64c,0x36e64c,vftable_0076e64c,UNKNOWN,,,,UNKNOWN,VERIFIED,EXPORT-STEAM-symbols_csv,2026-10-01,explicit vftable symbol; adjacent meta pointer=0x0076e648; class and slot extent require pointer-table/constructor analysis;xref_count=0;code_ref_sources=data_initializer_or_unresolved;xref_count=0;code_ref_sources=data_initializer_or_unresolved
STEAM_PC,0076e654,0x36e654,vftable_0076e654,UNKNOWN,,,,UNKNOWN,VERIFIED,EXPORT-STEAM-symbols_csv,2026-10-01,explicit vftable symbol; adjacent meta pointer=0x0076e650; class and slot extent require pointer-table/constructor analysis;xref_count=0;code_ref_sources=data_initializer_or_unresolved;xref_count=0;code_ref_sources=data_initializer_or_unresolved
STEAM_PC,0076E664,0x36e664,CMutex_available_child_table,CMUTEX,,00403380 optionalP,,PLATFORM_WIN32,VERIFIED,reports/PHASE6_READINESS_WAVE_SYNTHESIS_2026-10-06_SEQ0179.md,2026-10-06,COL00873B00/TD00885914 self0; childP4 rawCreateMutexA result notsuccess/owner
STEAM_PC,0076e66c,0x36e66c,vftable_0076e66c,UNKNOWN,,,,UNKNOWN,VERIFIED,EXPORT-STEAM-symbols_csv,2026-10-01,explicit vftable symbol; adjacent meta pointer=0x0076e668; class and slot extent require pointer-table/constructor analysis;xref_count=0;code_ref_sources=data_initializer_or_unresolved;xref_count=0;code_ref_sources=data_initializer_or_unresolved
STEAM_PC,0076e674,0x36e674,vftable_0076e674,UNKNOWN,,,,UNKNOWN,VERIFIED,EXPORT-STEAM-symbols_csv,2026-10-01,explicit vftable symbol; adjacent meta pointer=0x0076e670; class and slot extent require pointer-table/constructor analysis;xref_count=0;code_ref_sources=data_initializer_or_unresolved;xref_count=0;code_ref_sources=data_initializer_or_unresolved
STEAM_PC,0076e67c,0x36e67c,vftable_0076e67c,UNKNOWN,,,,UNKNOWN,VERIFIED,EXPORT-STEAM-symbols_csv,2026-10-01,explicit vftable symbol; adjacent meta pointer=0x0076e678; class and slot extent require pointer-table/constructor analysis;xref_count=0;code_ref_sources=data_initializer_or_unresolved;xref_count=0;code_ref_sources=data_initializer_or_unresolved
STEAM_PC,0076e684,0x36e684,vftable_0076e684,UNKNOWN,,,,UNKNOWN,VERIFIED,EXPORT-STEAM-symbols_csv,2026-10-01,explicit vftable symbol; adjacent meta pointer=0x0076e680; class and slot extent require pointer-table/constructor analysis;xref_count=0;code_ref_sources=data_initializer_or_unresolved;xref_count=0;code_ref_sources=data_initializer_or_unresolved
STEAM_PC,0076e68c,0x36e68c,CRdTexture_constructor_table_0076E68C,CRdTexture,,00402220,,RENDER_D3D9,VERIFIED,findings/boundaries/phase5_crdmovie_constructed_texture_setup_descriptor.md,2026-10-05,"explicit vftable symbol; adjacent meta pointer=0x0076e688; class and slot extent require pointer-table/constructor analysis;xref_count=0;code_ref_sources=data_initializer_or_unresolved;xref_count=0;code_ref_sources=data_initializer_or_unresolved Exactconstructorwrite plusCOL00873C68 offset0/name provesnamedconstruction; no slotcount/owncleanup/currentHsetupgen acquired. Seq113 actualMoviehelper construction/descriptor interface only; currentH/M8/table/resourcegen/APIeffect/ownership/free/finaluseUNKNOWN. Original8byte minimumsourceNOTPASS/wrongcutoff preserved; prospective128/448+88metadata passedbeforepromotion, no cleanoriginal40/160/112pass. PersonalcriticalPE/ASM andexplicit-schema agreement beforecanonicalwrites, replaysnonadditive."
STEAM_PC,0076e694,0x36e694,vftable_0076e694,UNKNOWN,,,,UNKNOWN,VERIFIED,EXPORT-STEAM-symbols_csv,2026-10-01,explicit vftable symbol; adjacent meta pointer=0x0076e690; class and slot extent require pointer-table/constructor analysis;xref_count=0;code_ref_sources=data_initializer_or_unresolved;xref_count=0;code_ref_sources=data_initializer_or_unresolved
STEAM_PC,0076e69c,0x36e69c,vftable_0076e69c,UNKNOWN,,,,UNKNOWN,VERIFIED,EXPORT-STEAM-symbols_csv,2026-10-01,explicit vftable symbol; adjacent meta pointer=0x0076e698; class and slot extent require pointer-table/constructor analysis;xref_count=0;code_ref_sources=data_initializer_or_unresolved;xref_count=0;code_ref_sources=data_initializer_or_unresolved
STEAM_PC,0076e6a4,0x36e6a4,vftable_0076e6a4,UNKNOWN,,,,UNKNOWN,VERIFIED,EXPORT-STEAM-symbols_csv,2026-10-01,explicit vftable symbol; adjacent meta pointer=0x0076e6a0; class and slot extent require pointer-table/constructor analysis;xref_count=0;code_ref_sources=data_initializer_or_unresolved;xref_count=0;code_ref_sources=data_initializer_or_unresolved
STEAM_PC,0076e6ac,0x36e6ac,vftable_0076e6ac,UNKNOWN,,,,UNKNOWN,VERIFIED,EXPORT-STEAM-symbols_csv,2026-10-01,explicit vftable symbol; adjacent meta pointer=0x0076e6a8; class and slot extent require pointer-table/constructor analysis;xref_count=0;code_ref_sources=data_initializer_or_unresolved;xref_count=0;code_ref_sources=data_initializer_or_unresolved
STEAM_PC,0076e6b4,0x36e6b4,CRdObject::vftable,CRdObject,19,00402650,0062d170,OBJECT_DISPATCH,VERIFIED,findings/boundaries/crdscenedraw_active_manager_interface.md;findings/boundaries/phase5_model_buffer_packet_retirement.md,2026-10-04,"Raw RTTI/19 function pointers before next metadata. Material +0x08/+0x0C/+0x30/slot-zero targets and CShop class-discriminated use integrated. Not manager own table; remaining semantic slots UNKNOWN. Phase5 rawmodelownslot/base48queryinterface checked; basevptrrewrittenbeforepacketcleanup, reloadedafterdeallocation, unchangedtable/generation UNKNOWN."
STEAM_PC,0076e704,0x36e704,CRdObjectModel_own_vftable,CRdObjectModel,33,00402A30 selectedprefix,00402E50 ownslot target; unvisited; selected00402E50/00402DA0,ACTOR_OBJECTS,VERIFIED,findings/boundaries/animation_model_state_submission.md;findings/boundaries/cmenu_organizing_task_use.md;findings/boundaries/phase5_model_buffer_packet_retirement.md,2026-10-04,"Observed33 executable-pointer extent only; selected0C=006BCB70/48=004029B0, no allslotsemantics. Sequence26 rawinstalled10=006BCBE0/28=006BD4C0/44=00405E40/48=004029B0 typedstate/submissionjoin; no live class membership/all-slot semantics. Phase5 rawmodelownslot/base48queryinterface checked; basevptrrewrittenbeforepacketcleanup, reloadedafterdeallocation, unchangedtable/generation UNKNOWN."
STEAM_PC,0076e78c,0x36e78c,vftable_0076e78c,UNKNOWN,,,,UNKNOWN,VERIFIED,EXPORT-STEAM-symbols_csv,2026-10-01,explicit vftable symbol; adjacent meta pointer=0x0076e788; class and slot extent require pointer-table/constructor analysis;xref_count=0;code_ref_sources=data_initializer_or_unresolved;xref_count=0;code_ref_sources=data_initializer_or_unresolved
STEAM_PC,0076e794,0x36e794,vftable_0076e794,UNKNOWN,,,,UNKNOWN,VERIFIED,EXPORT-STEAM-symbols_csv,2026-10-01,explicit vftable symbol; adjacent meta pointer=0x0076e790; class and slot extent require pointer-table/constructor analysis;xref_count=0;code_ref_sources=data_initializer_or_unresolved;xref_count=0;code_ref_sources=data_initializer_or_unresolved
STEAM_PC,0076e7a8,0x36e7a8,vftable_0076e7a8,UNKNOWN,,,,UNKNOWN,VERIFIED,EXPORT-STEAM-symbols_csv,2026-10-01,explicit vftable symbol; adjacent meta pointer=0x0076e7a4; class and slot extent require pointer-table/constructor analysis;xref_count=0;code_ref_sources=data_initializer_or_unresolved;xref_count=0;code_ref_sources=data_initializer_or_unresolved
STEAM_PC,0076e7b0,0x36e7b0,vftable_0076e7b0,UNKNOWN,,,,UNKNOWN,VERIFIED,EXPORT-STEAM-symbols_csv,2026-10-01,explicit vftable symbol; adjacent meta pointer=0x0076e7ac; class and slot extent require pointer-table/constructor analysis;xref_count=0;code_ref_sources=data_initializer_or_unresolved;xref_count=0;code_ref_sources=data_initializer_or_unresolved
STEAM_PC,0076E7B8,0x36e7b8,CRdMovie_vftable,OBJ-CRDMOVIE,1,,,MEDIA_PLAYBACK,VERIFIED,findings/boundaries/crdmovie_directshow_owner.md,2026-10-02,One function pointer then next metadata; raw slot-zero target noted but destruction semantics unreviewed. Inline root publishes singleton table.
STEAM_PC,0076e7c0,0x36e7c0,vftable_0076e7c0,UNKNOWN,,,,UNKNOWN,VERIFIED,EXPORT-STEAM-symbols_csv,2026-10-01,explicit vftable symbol; adjacent meta pointer=0x0076e7bc; class and slot extent require pointer-table/constructor analysis;xref_count=0;code_ref_sources=data_initializer_or_unresolved;xref_count=0;code_ref_sources=data_initializer_or_unresolved
STEAM_PC,0076e7c8,0x36e7c8,vftable_0076e7c8,UNKNOWN,,,,UNKNOWN,VERIFIED,EXPORT-STEAM-symbols_csv,2026-10-01,explicit vftable symbol; adjacent meta pointer=0x0076e7c4; class and slot extent require pointer-table/constructor analysis;xref_count=0;code_ref_sources=data_initializer_or_unresolved;xref_count=0;code_ref_sources=data_initializer_or_unresolved
STEAM_PC,0076E7D0,0x36e7d0,CEffectAdmin_available_base_table,CEFFECTADMIN,,00403366,,EFFECTS,VERIFIED,reports/PHASE6_READINESS_WAVE_SYNTHESIS_2026-10-06_SEQ0179.md,2026-10-06,COL00874064/TD00885B08/self0; firstword004034D0 notmethodbody/fullextent
STEAM_PC,0076e7e0,0x36e7e0,vftable_0076e7e0,UNKNOWN,,,,UNKNOWN,VERIFIED,EXPORT-STEAM-symbols_csv,2026-10-01,explicit vftable symbol; adjacent meta pointer=0x0076e7dc; class and slot extent require pointer-table/constructor analysis;xref_count=0;code_ref_sources=data_initializer_or_unresolved;xref_count=0;code_ref_sources=data_initializer_or_unresolved
STEAM_PC,0076e7e8,0x36e7e8,vftable_0076e7e8,UNKNOWN,,,,UNKNOWN,VERIFIED,EXPORT-STEAM-symbols_csv,2026-10-01,explicit vftable symbol; adjacent meta pointer=0x0076e7e4; class and slot extent require pointer-table/constructor analysis;xref_count=0;code_ref_sources=data_initializer_or_unresolved;xref_count=0;code_ref_sources=data_initializer_or_unresolved
STEAM_PC,0076e7f0,0x36e7f0,vftable_0076e7f0,UNKNOWN,,,,UNKNOWN,VERIFIED,EXPORT-STEAM-symbols_csv,2026-10-01,explicit vftable symbol; adjacent meta pointer=0x0076e7ec; class and slot extent require pointer-table/constructor analysis;xref_count=0;code_ref_sources=data_initializer_or_unresolved;xref_count=0;code_ref_sources=data_initializer_or_unresolved
STEAM_PC,0076e7f8,0x36e7f8,vftable_0076e7f8,UNKNOWN,,,,UNKNOWN,VERIFIED,EXPORT-STEAM-symbols_csv,2026-10-01,explicit vftable symbol; adjacent meta pointer=0x0076e7f4; class and slot extent require pointer-table/constructor analysis;xref_count=0;code_ref_sources=data_initializer_or_unresolved;xref_count=0;code_ref_sources=data_initializer_or_unresolved
STEAM_PC,0076e800,0x36e800,vftable_0076e800,UNKNOWN,,,,UNKNOWN,VERIFIED,EXPORT-STEAM-symbols_csv,2026-10-01,explicit vftable symbol; adjacent meta pointer=0x0076e7fc; class and slot extent require pointer-table/constructor analysis;xref_count=0;code_ref_sources=data_initializer_or_unresolved;xref_count=0;code_ref_sources=data_initializer_or_unresolved
STEAM_PC,0076e808,0x36e808,vftable_0076e808,UNKNOWN,,,,UNKNOWN,VERIFIED,EXPORT-STEAM-symbols_csv,2026-10-01,explicit vftable symbol; adjacent meta pointer=0x0076e804; class and slot extent require pointer-table/constructor analysis;xref_count=0;code_ref_sources=data_initializer_or_unresolved;xref_count=0;code_ref_sources=data_initializer_or_unresolved
STEAM_PC,0076e810,0x36e810,vftable_0076e810,UNKNOWN,,,,UNKNOWN,VERIFIED,EXPORT-STEAM-symbols_csv,2026-10-01,explicit vftable symbol; adjacent meta pointer=0x0076e80c; class and slot extent require pointer-table/constructor analysis;xref_count=0;code_ref_sources=data_initializer_or_unresolved;xref_count=0;code_ref_sources=data_initializer_or_unresolved
STEAM_PC,0076e818,0x36e818,vftable_0076e818,UNKNOWN,,,,UNKNOWN,VERIFIED,EXPORT-STEAM-symbols_csv,2026-10-01,explicit vftable symbol; adjacent meta pointer=0x0076e814; class and slot extent require pointer-table/constructor analysis;xref_count=0;code_ref_sources=data_initializer_or_unresolved;xref_count=0;code_ref_sources=data_initializer_or_unresolved
STEAM_PC,0076e820,0x36e820,CSingleton_CRdData_vftable,OBJ-RESOURCE-RECORD-MANAGER,,006b2570,006b2670,RESOURCE_LOADING,VERIFIED,EXPORT-STEAM-symbols_csv,2026-10-01,explicit vftable symbol; adjacent meta pointer=0x0076e81c; class and slot extent require pointer-table/constructor analysis;xref_count=0;code_ref_sources=data_initializer_or_unresolved;xref_count=0;code_ref_sources=data_initializer_or_unresolved
STEAM_PC,0076e828,0x36e828,vftable_0076e828,UNKNOWN,,,,UNKNOWN,VERIFIED,EXPORT-STEAM-symbols_csv,2026-10-01,explicit vftable symbol; adjacent meta pointer=0x0076e824; class and slot extent require pointer-table/constructor analysis;xref_count=0;code_ref_sources=data_initializer_or_unresolved;xref_count=0;code_ref_sources=data_initializer_or_unresolved
STEAM_PC,0076E830,0x36e830,CSingleton_CRdInput_available_table,CSINGLETON_CRDINPUT,,,,UNKNOWN,VERIFIED,reports/PHASE6_ROOT_COUNTERFACTUAL_SYNTHESIS_2026-10-06_SEQ0169.md,2026-10-06,"Rawtable/COLdeclaredwrapper0/CRdInput0. Firstslot00403480 onlyobserved, extent/dtor/currenttype UNKNOWN."
STEAM_PC,0076E838,0x36e838,CSingleton_CRdMovie_vftable,OBJ-CRDMOVIE,1,,,MEDIA_PLAYBACK,VERIFIED,findings/boundaries/crdmovie_directshow_owner.md,2026-10-02,One function pointer then next metadata; raw slot-zero target noted but destruction semantics unreviewed. Inline root publishes singleton table.
STEAM_PC,0076e840,0x36e840,vftable_0076e840,UNKNOWN,,,,UNKNOWN,VERIFIED,EXPORT-STEAM-symbols_csv,2026-10-01,explicit vftable symbol; adjacent meta pointer=0x0076e83c; class and slot extent require pointer-table/constructor analysis;xref_count=0;code_ref_sources=data_initializer_or_unresolved;xref_count=0;code_ref_sources=data_initializer_or_unresolved
STEAM_PC,0076e848,0x36e848,vftable_0076e848,UNKNOWN,,,,UNKNOWN,VERIFIED,EXPORT-STEAM-symbols_csv,2026-10-01,explicit vftable symbol; adjacent meta pointer=0x0076e844; class and slot extent require pointer-table/constructor analysis;xref_count=0;code_ref_sources=data_initializer_or_unresolved;xref_count=0;code_ref_sources=data_initializer_or_unresolved
STEAM_PC,0076E850,0x36e850,CSingleton_CEffectAdmin_available_table,CSINGLETON_CEFFECTADMIN,,004033A6,,EFFECTS,VERIFIED,reports/PHASE6_READINESS_WAVE_SYNTHESIS_2026-10-06_SEQ0179.md,2026-10-06,COL008744E8 wrapper0/CEffectAdmin0 shared00874090; firstword004034D0 only
STEAM_PC,0076E858,0x36e858,CSingleton_CEvent_available_table,CSingleton<CEvent>,1 observedconsecutivepointerextent,00405360 cachefactory ownliteralwrite;0042D5B0 opaque,,EVENT_SCRIPT,VERIFIED,findings/boundaries/phase6_shared_service_qualification.md,2026-10-05,"ExactCOL00874534/TD00885DFC/rawname. Observedslot00403510 bodyunopened, not universalextent oractualcleanup/currenttype."
STEAM_PC,0076e860,0x36e860,vftable_0076e860,UNKNOWN,,,,UNKNOWN,VERIFIED,EXPORT-STEAM-symbols_csv,2026-10-01,explicit vftable symbol; adjacent meta pointer=0x0076e85c; class and slot extent require pointer-table/constructor analysis;xref_count=0;code_ref_sources=data_initializer_or_unresolved;xref_count=0;code_ref_sources=data_initializer_or_unresolved
STEAM_PC,0076e898,0x36e898,vftable_0076e898,UNKNOWN,,,,UNKNOWN,VERIFIED,EXPORT-STEAM-symbols_csv,2026-10-01,explicit vftable symbol; adjacent meta pointer=0x0076e894; class and slot extent require pointer-table/constructor analysis;xref_count=0;code_ref_sources=data_initializer_or_unresolved;xref_count=0;code_ref_sources=data_initializer_or_unresolved
STEAM_PC,0076e8a0,0x36e8a0,vftable_0076e8a0,UNKNOWN,,,,UNKNOWN,VERIFIED,EXPORT-STEAM-symbols_csv,2026-10-01,explicit vftable symbol; adjacent meta pointer=0x0076e89c; class and slot extent require pointer-table/constructor analysis;xref_count=0;code_ref_sources=data_initializer_or_unresolved;xref_count=0;code_ref_sources=data_initializer_or_unresolved
STEAM_PC,0076e8b0,0x36e8b0,vftable_0076e8b0,UNKNOWN,,,,UNKNOWN,VERIFIED,EXPORT-STEAM-symbols_csv,2026-10-01,explicit vftable symbol; adjacent meta pointer=0x0076e8ac; class and slot extent require pointer-table/constructor analysis;xref_count=0;code_ref_sources=data_initializer_or_unresolved;xref_count=0;code_ref_sources=data_initializer_or_unresolved
STEAM_PC,0076e948,0x36e948,vftable_0076e948,UNKNOWN,,,,UNKNOWN,VERIFIED,EXPORT-STEAM-symbols_csv,2026-10-01,explicit vftable symbol; adjacent meta pointer=0x0076e944; class and slot extent require pointer-table/constructor analysis;xref_count=0;code_ref_sources=data_initializer_or_unresolved;xref_count=0;code_ref_sources=data_initializer_or_unresolved
STEAM_PC,0076e958,0x36e958,vftable_0076e958,UNKNOWN,,,,UNKNOWN,VERIFIED,EXPORT-STEAM-symbols_csv,2026-10-01,explicit vftable symbol; adjacent meta pointer=0x0076e954; class and slot extent require pointer-table/constructor analysis;xref_count=0;code_ref_sources=data_initializer_or_unresolved;xref_count=0;code_ref_sources=data_initializer_or_unresolved
STEAM_PC,0076e98c,0x36e98c,vftable_0076e98c,UNKNOWN,,,,UNKNOWN,VERIFIED,EXPORT-STEAM-symbols_csv,2026-10-01,explicit vftable symbol; adjacent meta pointer=0x0076e988; class and slot extent require pointer-table/constructor analysis;xref_count=0;code_ref_sources=data_initializer_or_unresolved;xref_count=0;code_ref_sources=data_initializer_or_unresolved
STEAM_PC,0076ea0c,0x36ea0c,vftable_0076ea0c,UNKNOWN,,,,UNKNOWN,VERIFIED,EXPORT-STEAM-symbols_csv,2026-10-01,explicit vftable symbol; adjacent meta pointer=0x0076ea08; class and slot extent require pointer-table/constructor analysis;xref_count=0;code_ref_sources=data_initializer_or_unresolved;xref_count=0;code_ref_sources=data_initializer_or_unresolved
STEAM_PC,0076eaac,0x36eaac,vftable_0076eaac,UNKNOWN,,,,UNKNOWN,VERIFIED,EXPORT-STEAM-symbols_csv,2026-10-01,explicit vftable symbol; adjacent meta pointer=0x0076eaa8; class and slot extent require pointer-table/constructor analysis;xref_count=0;code_ref_sources=data_initializer_or_unresolved;xref_count=0;code_ref_sources=data_initializer_or_unresolved
STEAM_PC,0076ead0,0x36ead0,vftable_0076ead0,UNKNOWN,,,,UNKNOWN,VERIFIED,EXPORT-STEAM-symbols_csv,2026-10-01,explicit vftable symbol; adjacent meta pointer=0x0076eacc; class and slot extent require pointer-table/constructor analysis;xref_count=0;code_ref_sources=data_initializer_or_unresolved;xref_count=0;code_ref_sources=data_initializer_or_unresolved
STEAM_PC,0076eae0,0x36eae0,vftable_0076eae0,UNKNOWN,,,,UNKNOWN,VERIFIED,EXPORT-STEAM-symbols_csv,2026-10-01,explicit vftable symbol; adjacent meta pointer=0x0076eadc; class and slot extent require pointer-table/constructor analysis;xref_count=0;code_ref_sources=data_initializer_or_unresolved;xref_count=0;code_ref_sources=data_initializer_or_unresolved
STEAM_PC,0076eaf0,0x36eaf0,vftable_0076eaf0,UNKNOWN,,,,UNKNOWN,VERIFIED,EXPORT-STEAM-symbols_csv,2026-10-01,explicit vftable symbol; adjacent meta pointer=0x0076eaec; class and slot extent require pointer-table/constructor analysis;xref_count=0;code_ref_sources=data_initializer_or_unresolved;xref_count=0;code_ref_sources=data_initializer_or_unresolved
STEAM_PC,0076eb00,0x36eb00,vftable_0076eb00,UNKNOWN,,,,UNKNOWN,VERIFIED,EXPORT-STEAM-symbols_csv,2026-10-01,explicit vftable symbol; adjacent meta pointer=0x0076eafc; class and slot extent require pointer-table/constructor analysis;xref_count=0;code_ref_sources=data_initializer_or_unresolved;xref_count=0;code_ref_sources=data_initializer_or_unresolved
STEAM_PC,0076eb10,0x36eb10,vftable_0076eb10,UNKNOWN,,,,UNKNOWN,VERIFIED,EXPORT-STEAM-symbols_csv,2026-10-01,explicit vftable symbol; adjacent meta pointer=0x0076eb0c; class and slot extent require pointer-table/constructor analysis;xref_count=0;code_ref_sources=data_initializer_or_unresolved;xref_count=0;code_ref_sources=data_initializer_or_unresolved
STEAM_PC,0076eb20,0x36eb20,vftable_0076eb20,UNKNOWN,,,,UNKNOWN,VERIFIED,EXPORT-STEAM-symbols_csv,2026-10-01,explicit vftable symbol; adjacent meta pointer=0x0076eb1c; class and slot extent require pointer-table/constructor analysis;xref_count=0;code_ref_sources=data_initializer_or_unresolved;xref_count=0;code_ref_sources=data_initializer_or_unresolved
STEAM_PC,0076eb3c,0x36eb3c,vftable_0076eb3c,UNKNOWN,,,,UNKNOWN,VERIFIED,EXPORT-STEAM-symbols_csv,2026-10-01,explicit vftable symbol; adjacent meta pointer=0x0076eb38; class and slot extent require pointer-table/constructor analysis;xref_count=0;code_ref_sources=data_initializer_or_unresolved;xref_count=0;code_ref_sources=data_initializer_or_unresolved
STEAM_PC,0076eb5c,0x36eb5c,vftable_0076eb5c,UNKNOWN,,,,UNKNOWN,VERIFIED,EXPORT-STEAM-symbols_csv,2026-10-01,explicit vftable symbol; adjacent meta pointer=0x0076eb58; class and slot extent require pointer-table/constructor analysis;xref_count=0;code_ref_sources=data_initializer_or_unresolved;xref_count=0;code_ref_sources=data_initializer_or_unresolved
STEAM_PC,0076eb80,0x36eb80,vftable_0076eb80,UNKNOWN,,,,UNKNOWN,VERIFIED,EXPORT-STEAM-symbols_csv,2026-10-01,explicit vftable symbol; adjacent meta pointer=0x0076eb7c; class and slot extent require pointer-table/constructor analysis;xref_count=0;code_ref_sources=data_initializer_or_unresolved;xref_count=0;code_ref_sources=data_initializer_or_unresolved
STEAM_PC,0076eba0,0x36eba0,vftable_0076eba0,UNKNOWN,,,,UNKNOWN,VERIFIED,EXPORT-STEAM-symbols_csv,2026-10-01,explicit vftable symbol; adjacent meta pointer=0x0076eb9c; class and slot extent require pointer-table/constructor analysis;xref_count=0;code_ref_sources=data_initializer_or_unresolved;xref_count=0;code_ref_sources=data_initializer_or_unresolved
STEAM_PC,0076ec3c,0x36ec3c,vftable_0076ec3c,UNKNOWN,,,,UNKNOWN,VERIFIED,EXPORT-STEAM-symbols_csv,2026-10-01,explicit vftable symbol; adjacent meta pointer=0x0076ec38; class and slot extent require pointer-table/constructor analysis;xref_count=0;code_ref_sources=data_initializer_or_unresolved;xref_count=0;code_ref_sources=data_initializer_or_unresolved
STEAM_PC,0076ec98,0x36ec98,vftable_0076ec98,UNKNOWN,,,,UNKNOWN,VERIFIED,EXPORT-STEAM-symbols_csv,2026-10-01,explicit vftable symbol; adjacent meta pointer=0x0076ec94; class and slot extent require pointer-table/constructor analysis;xref_count=0;code_ref_sources=data_initializer_or_unresolved;xref_count=0;code_ref_sources=data_initializer_or_unresolved
STEAM_PC,0076ece8,0x36ece8,vftable_0076ece8,UNKNOWN,,,,UNKNOWN,VERIFIED,EXPORT-STEAM-symbols_csv,2026-10-01,explicit vftable symbol; adjacent meta pointer=0x0076ece4; class and slot extent require pointer-table/constructor analysis;xref_count=0;code_ref_sources=data_initializer_or_unresolved;xref_count=0;code_ref_sources=data_initializer_or_unresolved
STEAM_PC,0076ed0c,0x36ed0c,vftable_0076ed0c,UNKNOWN,,,,UNKNOWN,VERIFIED,EXPORT-STEAM-symbols_csv,2026-10-01,explicit vftable symbol; adjacent meta pointer=0x0076ed08; class and slot extent require pointer-table/constructor analysis;xref_count=0;code_ref_sources=data_initializer_or_unresolved;xref_count=0;code_ref_sources=data_initializer_or_unresolved
STEAM_PC,0076ed30,0x36ed30,vftable_0076ed30,UNKNOWN,,,,UNKNOWN,VERIFIED,EXPORT-STEAM-symbols_csv,2026-10-01,explicit vftable symbol; adjacent meta pointer=0x0076ed2c; class and slot extent require pointer-table/constructor analysis;xref_count=0;code_ref_sources=data_initializer_or_unresolved;xref_count=0;code_ref_sources=data_initializer_or_unresolved
STEAM_PC,0076ee00,0x36ee00,vftable_0076ee00,UNKNOWN,,,,UNKNOWN,VERIFIED,EXPORT-STEAM-symbols_csv,2026-10-01,explicit vftable symbol; adjacent meta pointer=0x0076edfc; class and slot extent require pointer-table/constructor analysis;xref_count=0;code_ref_sources=data_initializer_or_unresolved;xref_count=0;code_ref_sources=data_initializer_or_unresolved
STEAM_PC,0076ee10,0x36ee10,vftable_0076ee10,UNKNOWN,,,,UNKNOWN,VERIFIED,EXPORT-STEAM-symbols_csv,2026-10-01,explicit vftable symbol; adjacent meta pointer=0x0076ee0c; class and slot extent require pointer-table/constructor analysis;xref_count=0;code_ref_sources=data_initializer_or_unresolved;xref_count=0;code_ref_sources=data_initializer_or_unresolved
STEAM_PC,0076ee20,0x36ee20,vftable_0076ee20,UNKNOWN,,,,UNKNOWN,VERIFIED,EXPORT-STEAM-symbols_csv,2026-10-01,explicit vftable symbol; adjacent meta pointer=0x0076ee1c; class and slot extent require pointer-table/constructor analysis;xref_count=0;code_ref_sources=data_initializer_or_unresolved;xref_count=0;code_ref_sources=data_initializer_or_unresolved
STEAM_PC,0076ee40,0x36ee40,vftable_0076ee40,UNKNOWN,,,,UNKNOWN,VERIFIED,EXPORT-STEAM-symbols_csv,2026-10-01,explicit vftable symbol; adjacent meta pointer=0x0076ee3c; class and slot extent require pointer-table/constructor analysis;xref_count=0;code_ref_sources=data_initializer_or_unresolved;xref_count=0;code_ref_sources=data_initializer_or_unresolved
STEAM_PC,0076ee8c,0x36ee8c,vftable_0076ee8c,UNKNOWN,,,,UNKNOWN,VERIFIED,EXPORT-STEAM-symbols_csv,2026-10-01,explicit vftable symbol; adjacent meta pointer=0x0076ee88; class and slot extent require pointer-table/constructor analysis;xref_count=0;code_ref_sources=data_initializer_or_unresolved;xref_count=0;code_ref_sources=data_initializer_or_unresolved
STEAM_PC,0076ee9c,0x36ee9c,vftable_0076ee9c,UNKNOWN,,,,UNKNOWN,VERIFIED,EXPORT-STEAM-symbols_csv,2026-10-01,explicit vftable symbol; adjacent meta pointer=0x0076ee98; class and slot extent require pointer-table/constructor analysis;xref_count=0;code_ref_sources=data_initializer_or_unresolved;xref_count=0;code_ref_sources=data_initializer_or_unresolved
STEAM_PC,0076efa8,0x36efa8,vftable_0076efa8,UNKNOWN,,,,UNKNOWN,VERIFIED,EXPORT-STEAM-symbols_csv,2026-10-01,explicit vftable symbol; adjacent meta pointer=0x0076efa4; class and slot extent require pointer-table/constructor analysis;xref_count=0;code_ref_sources=data_initializer_or_unresolved;xref_count=0;code_ref_sources=data_initializer_or_unresolved
STEAM_PC,0076efb8,0x36efb8,vftable_0076efb8,UNKNOWN,,,,UNKNOWN,VERIFIED,EXPORT-STEAM-symbols_csv,2026-10-01,explicit vftable symbol; adjacent meta pointer=0x0076efb4; class and slot extent require pointer-table/constructor analysis;xref_count=0;code_ref_sources=data_initializer_or_unresolved;xref_count=0;code_ref_sources=data_initializer_or_unresolved
STEAM_PC,0076efc8,0x36efc8,vftable_0076efc8,UNKNOWN,,,,UNKNOWN,VERIFIED,EXPORT-STEAM-symbols_csv,2026-10-01,explicit vftable symbol; adjacent meta pointer=0x0076efc4; class and slot extent require pointer-table/constructor analysis;xref_count=0;code_ref_sources=data_initializer_or_unresolved;xref_count=0;code_ref_sources=data_initializer_or_unresolved
STEAM_PC,0076efd8,0x36efd8,vftable_0076efd8,UNKNOWN,,,,UNKNOWN,VERIFIED,EXPORT-STEAM-symbols_csv,2026-10-01,explicit vftable symbol; adjacent meta pointer=0x0076efd4; class and slot extent require pointer-table/constructor analysis;xref_count=0;code_ref_sources=data_initializer_or_unresolved;xref_count=0;code_ref_sources=data_initializer_or_unresolved
STEAM_PC,0076efe8,0x36efe8,vftable_0076efe8,UNKNOWN,,,,UNKNOWN,VERIFIED,EXPORT-STEAM-symbols_csv,2026-10-01,explicit vftable symbol; adjacent meta pointer=0x0076efe4; class and slot extent require pointer-table/constructor analysis;xref_count=0;code_ref_sources=data_initializer_or_unresolved;xref_count=0;code_ref_sources=data_initializer_or_unresolved
STEAM_PC,0076eff8,0x36eff8,vftable_0076eff8,UNKNOWN,,,,UNKNOWN,VERIFIED,EXPORT-STEAM-symbols_csv,2026-10-01,explicit vftable symbol; adjacent meta pointer=0x0076eff4; class and slot extent require pointer-table/constructor analysis;xref_count=0;code_ref_sources=data_initializer_or_unresolved;xref_count=0;code_ref_sources=data_initializer_or_unresolved
STEAM_PC,0076f000,0x36f000,vftable_0076f000,UNKNOWN,,,,UNKNOWN,VERIFIED,EXPORT-STEAM-symbols_csv,2026-10-01,explicit vftable symbol; adjacent meta pointer=0x0076effc; class and slot extent require pointer-table/constructor analysis;xref_count=0;code_ref_sources=data_initializer_or_unresolved;xref_count=0;code_ref_sources=data_initializer_or_unresolved
STEAM_PC,0076F008,0x36f008,CRdModel_available_construction_table,CRdModel,1 observedconsecutivepointerextent,00405690 ownliteralwrite,,RENDER_D3D9,VERIFIED,findings/subsystems/phase6_crdmodel_fixed_shader_composition.md,2026-10-05,ExactCOL008750F4/TD00886360/self-onlyhierarchy; codepointer00405C70 unopened; notuniversalextent/currenttype/lifecycleproof.
STEAM_PC,0076f010,0x36f010,vftable_0076f010,UNKNOWN,,,,UNKNOWN,VERIFIED,EXPORT-STEAM-symbols_csv,2026-10-01,explicit vftable symbol; adjacent meta pointer=0x0076f00c; class and slot extent require pointer-table/constructor analysis;xref_count=0;code_ref_sources=data_initializer_or_unresolved;xref_count=0;code_ref_sources=data_initializer_or_unresolved
STEAM_PC,0076f020,0x36f020,CRdSceneDraw::vftable,CRdSceneDraw,1,00405f30;00406f70,00406980,OBJECT_DISPATCH,VERIFIED,findings/boundaries/crdscenedraw_active_manager_interface.md,2026-10-02,Raw RTTI and one function pointer before next RTTI metadata. Own deleting interface; multi-pass dispatch is a direct method consuming separate active-object tables. Application cleanup is not optional allocation free.
STEAM_PC,0076f028,0x36f028,vftable_0076f028,UNKNOWN,,,,UNKNOWN,VERIFIED,EXPORT-STEAM-symbols_csv,2026-10-01,explicit vftable symbol; adjacent meta pointer=0x0076f024; class and slot extent require pointer-table/constructor analysis;xref_count=0;code_ref_sources=data_initializer_or_unresolved;xref_count=0;code_ref_sources=data_initializer_or_unresolved
STEAM_PC,0076f030,0x36f030,CRdPrim_singleton_interface,RENDER-CRDPRIM,1 observedconsecutive executablepointers,00405470/00406E70,00406D80 observedslot0,RENDER_D3D9,VERIFIED,findings/boundaries/effects_organizing_roots_and_use.md,2026-10-03,Rawnamedtype/selectedextent; notallslots/algorithms/deletinginvocation understood.
STEAM_PC,0076F038,0x36f038,CSingleton_CRdModel_available_table,CSingleton<CRdModel>,1 observedconsecutivepointerextent,00406EF0 ownliteralwrite->00405690 baseconstructor,,RENDER_D3D9,VERIFIED,findings/boundaries/phase6_static_tracker_shell_teardown_and_crdmodel_cache.md,2026-10-05,ExactCOL00875268/TD008863F0/declaredCRdModelbase0;observed00406DB0 unopened. Notuniversalextent/currenttype/lifecycleproof.
STEAM_PC,0076f040,0x36f040,vftable_0076f040,UNKNOWN,,,,UNKNOWN,VERIFIED,EXPORT-STEAM-symbols_csv,2026-10-01,explicit vftable symbol; adjacent meta pointer=0x0076f03c; class and slot extent require pointer-table/constructor analysis;xref_count=0;code_ref_sources=data_initializer_or_unresolved;xref_count=0;code_ref_sources=data_initializer_or_unresolved
STEAM_PC,0076f048,0x36f048,CSingleton<CRdSceneDraw>::vftable,CSingleton<CRdSceneDraw>,1,00405f30;00406f70,00406e10,OBJECT_DISPATCH,VERIFIED,findings/boundaries/crdscenedraw_active_manager_interface.md,2026-10-02,Raw RTTI and one function pointer before next RTTI metadata. Own deleting interface; multi-pass dispatch is a direct method consuming separate active-object tables. Application cleanup is not optional allocation free.
STEAM_PC,0076f050,0x36f050,vftable_0076f050,UNKNOWN,,,,UNKNOWN,VERIFIED,EXPORT-STEAM-symbols_csv,2026-10-01,explicit vftable symbol; adjacent meta pointer=0x0076f04c; class and slot extent require pointer-table/constructor analysis;xref_count=0;code_ref_sources=data_initializer_or_unresolved;xref_count=0;code_ref_sources=data_initializer_or_unresolved
STEAM_PC,0076f058,0x36f058,vftable_0076f058,UNKNOWN,,,,UNKNOWN,VERIFIED,EXPORT-STEAM-symbols_csv,2026-10-01,explicit vftable symbol; adjacent meta pointer=0x0076f054; class and slot extent require pointer-table/constructor analysis;xref_count=0;code_ref_sources=data_initializer_or_unresolved;xref_count=0;code_ref_sources=data_initializer_or_unresolved
STEAM_PC,0076f06c,0x36f06c,vftable_0076f06c,UNKNOWN,,,,UNKNOWN,VERIFIED,EXPORT-STEAM-symbols_csv,2026-10-01,explicit vftable symbol; adjacent meta pointer=0x0076f068; class and slot extent require pointer-table/constructor analysis;xref_count=0;code_ref_sources=data_initializer_or_unresolved;xref_count=0;code_ref_sources=data_initializer_or_unresolved
STEAM_PC,0076f078,0x36f078,vftable_0076f078,UNKNOWN,,,,UNKNOWN,VERIFIED,EXPORT-STEAM-symbols_csv,2026-10-01,explicit vftable symbol; adjacent meta pointer=0x0076f074; class and slot extent require pointer-table/constructor analysis;xref_count=0;code_ref_sources=data_initializer_or_unresolved;xref_count=0;code_ref_sources=data_initializer_or_unresolved
STEAM_PC,0076f084,0x36f084,vftable_0076f084,UNKNOWN,,,,UNKNOWN,VERIFIED,EXPORT-STEAM-symbols_csv,2026-10-01,explicit vftable symbol; adjacent meta pointer=0x0076f080; class and slot extent require pointer-table/constructor analysis;xref_count=0;code_ref_sources=data_initializer_or_unresolved;xref_count=0;code_ref_sources=data_initializer_or_unresolved
STEAM_PC,0076f090,0x36f090,vftable_0076f090,UNKNOWN,,,,UNKNOWN,VERIFIED,EXPORT-STEAM-symbols_csv,2026-10-01,explicit vftable symbol; adjacent meta pointer=0x0076f08c; class and slot extent require pointer-table/constructor analysis;xref_count=0;code_ref_sources=data_initializer_or_unresolved;xref_count=0;code_ref_sources=data_initializer_or_unresolved
STEAM_PC,0076f098,0x36f098,TSiHolder_CStopWatch_vftable,TSIHOLDER-STOPWATCH,1,00407B60,00407BD0,PLATFORM_WIN32,VERIFIED,findings/boundaries/phase5_input_provider_accounting_finalizers.md,2026-10-04,explicit vftable symbol; adjacent meta pointer=0x0076f094; class and slot extent require pointer-table/constructor analysis;xref_count=0;code_ref_sources=data_initializer_or_unresolved;xref_count=0;code_ref_sources=data_initializer_or_unresolved Seq86 exactrawtypes/zero-offsetbase/observedslot personallyverified; actualcurrenttable/lastuse notproved.
STEAM_PC,0076f2ac,0x36f2ac,CRdMesh_vftable,OBJ-CRDMESH,,004087e0,00408860,RENDER_D3D9,VERIFIED,EXPORT-STEAM-symbols_csv,2026-10-01,explicit vftable symbol; adjacent meta pointer=0x0076f2a8; class and slot extent require pointer-table/constructor analysis;xref_count=0;code_ref_sources=data_initializer_or_unresolved;xref_count=0;code_ref_sources=data_initializer_or_unresolved;typed callback branch direct vtable write;typed callback branch direct vtable write
STEAM_PC,0076F2B4,0x36f2b4,CRdPicture_vftable,OBJ-CRDPICTURE,1,00408310 inline XPC initialization,00408900,RENDER_D3D9,VERIFIED,findings/boundaries/xpc_resource_positive_portfolio.md,2026-10-02,One function pointer before next RTTI metadata; callback event 1 invokes this typed target with flag 1. Non-dispatcher resource interface; no update cadence inferred.
STEAM_PC,0076F2BC,0x36f2bc,CSingleton_CEvCore_vftable,CSingleton<CEvCore>,1 initialobservedexecutablepointer; notuniversalinterfaceextent,00408960 tablepublication,,EVENT_SCRIPT,VERIFIED,findings/boundaries/phase6_core_typed_root_descriptor_and_static_cohorts.md,2026-10-05,PrimaryownreferencedrawRTTI. No slotbody/currentdynamicinterface/destructor/runtime invocation proof.
STEAM_PC,0076f5b4,0x36f5b4,vftable_0076f5b4,UNKNOWN,,,,UNKNOWN,VERIFIED,EXPORT-STEAM-symbols_csv,2026-10-01,explicit vftable symbol; adjacent meta pointer=0x0076f5b0; class and slot extent require pointer-table/constructor analysis;xref_count=0;code_ref_sources=data_initializer_or_unresolved;xref_count=0;code_ref_sources=data_initializer_or_unresolved
STEAM_PC,0076f5c4,0x36f5c4,TCallBackClass<CSaveData>_vftable,TCallBackClass<CSaveData>,3,,,SAVE_GAMERECORD,VERIFIED,findings/boundaries/save_disk_staging_record_chain.md,2026-10-03,"Mechanicalprojectionofalreadyverifiedseq30rawRTTI/interfaceextent; ownholder/base/embeddedcallback interfaces keptdistinct, noallslot/destructorinvocation/GOGpromotion."
STEAM_PC,0076f5d4,0x36f5d4,vftable_0076f5d4,UNKNOWN,,,,UNKNOWN,VERIFIED,EXPORT-STEAM-symbols_csv,2026-10-01,explicit vftable symbol; adjacent meta pointer=0x0076f5d0; class and slot extent require pointer-table/constructor analysis;xref_count=0;code_ref_sources=data_initializer_or_unresolved;xref_count=0;code_ref_sources=data_initializer_or_unresolved
STEAM_PC,0076F5DC,0x36f5dc,TSiHolder<CInput>_own_deleting_table,TSiHolder<CInput>,1 observed own slot,00409370,004098C0,INPUT_CAMERA,VERIFIED,findings/boundaries/input_camera_primary_roots.md,2026-10-03,"RawCOL/type/base proof and executable-pointer extent; selected ctor/vptr checks replace ingestion-only scope, no fullinterface/runtimeclaim."
STEAM_PC,0076f5e4,0x36f5e4,vftable_0076f5e4,UNKNOWN,,,,UNKNOWN,VERIFIED,EXPORT-STEAM-symbols_csv,2026-10-01,explicit vftable symbol; adjacent meta pointer=0x0076f5e0; class and slot extent require pointer-table/constructor analysis;xref_count=0;code_ref_sources=data_initializer_or_unresolved;xref_count=0;code_ref_sources=data_initializer_or_unresolved
STEAM_PC,0076f5ec,0x36f5ec,TSiHolder<CSysutil>_vftable,TSiHolder<CSysutil>,1,,,PLATFORM_WIN32,VERIFIED,findings/boundaries/save_disk_staging_record_chain.md,2026-10-03,"Mechanicalprojectionofalreadyverifiedseq30rawRTTI/interfaceextent; ownholder/base/embeddedcallback interfaces keptdistinct, noallslot/destructorinvocation/GOGpromotion."
STEAM_PC,0076f5fc,0x36f5fc,CSaveData_vftable,CSaveData,1,,,SAVE_GAMERECORD,VERIFIED,findings/boundaries/save_disk_staging_record_chain.md,2026-10-03,"Mechanicalprojectionofalreadyverifiedseq30rawRTTI/interfaceextent; ownholder/base/embeddedcallback interfaces keptdistinct, noallslot/destructorinvocation/GOGpromotion."
STEAM_PC,0076f604,0x36f604,TSiHolder<CSaveData>_vftable,TSiHolder<CSaveData>,1,,,SAVE_GAMERECORD,VERIFIED,findings/boundaries/save_disk_staging_record_chain.md,2026-10-03,"Mechanicalprojectionofalreadyverifiedseq30rawRTTI/interfaceextent; ownholder/base/embeddedcallback interfaces keptdistinct, noallslot/destructorinvocation/GOGpromotion."
STEAM_PC,0076f638,0x36f638,vftable_0076f638,UNKNOWN,,,,UNKNOWN,VERIFIED,EXPORT-STEAM-symbols_csv,2026-10-01,explicit vftable symbol; adjacent meta pointer=0x0076f634; class and slot extent require pointer-table/constructor analysis;xref_count=0;code_ref_sources=data_initializer_or_unresolved;xref_count=0;code_ref_sources=data_initializer_or_unresolved
STEAM_PC,0076f65c,0x36f65c,vftable_0076f65c,UNKNOWN,,,,UNKNOWN,VERIFIED,EXPORT-STEAM-symbols_csv,2026-10-01,explicit vftable symbol; adjacent meta pointer=0x0076f658; class and slot extent require pointer-table/constructor analysis;xref_count=0;code_ref_sources=data_initializer_or_unresolved;xref_count=0;code_ref_sources=data_initializer_or_unresolved
STEAM_PC,0076f674,0x36f674,CMessage::vftable,CMessage,,0040A270,0040A300,NATIVE_UI,VERIFIED,EXPORT-STEAM-symbols_csv;DP_full.asm;findings/boundaries/cmessage_constructor_table_base_limit.md,2026-10-02,Adjacent meta pointer=0076F670. Raw 0040A270 writes this value to CMessage this; deleting destructor candidate 0040A300 rewrites it. Slot extent remains UNKNOWN.
STEAM_PC,0076F67C,0x36f67c,CSingleton<CGame>_own_slot_table,CSingleton<CGame>,1 observedownslot,0040A320,0040A010 availableordinary-before-optional-outer,APPLICATION_LIFECYCLE,VERIFIED,findings/boundaries/cgame_record_reconstruction_root.md;findings/boundaries/phase5_cgame_inline_layout_composition.md,2026-10-04,"RawCOL/type/baseoffset andselectedctorpublication; slot targetknown butfull deleting/free implementation/caller notinspected. Priorfullimplementationunvisited qualifier supersededonlybyseq104 finiteavailableinterface; actualcurrenttable/rootinvocation stillUNKNOWN. Seq104 exact local interface/transport only; current00BDA004 invocation/G-table/member generation, ownership, borrower final use and successfulsafe release UNKNOWN. Independent/personal/schema proofs before promotion; failed first target assertion preserved. No GOG/body/source widening."
STEAM_PC,0076f69c,0x36f69c,vftable_0076f69c,UNKNOWN,,,,UNKNOWN,VERIFIED,EXPORT-STEAM-symbols_csv,2026-10-01,explicit vftable symbol; adjacent meta pointer=0x0076f698; class and slot extent require pointer-table/constructor analysis;xref_count=0;code_ref_sources=data_initializer_or_unresolved;xref_count=0;code_ref_sources=data_initializer_or_unresolved
STEAM_PC,0076F6B4,0x36f6b4,CSingleton_CMessage_available_table,CSingleton<CMessage>,,Own00441470/0063ED30 freshresult literal writes afteropaque0040A270,,NATIVE_UI,VERIFIED,findings/boundaries/phase6_event_mode_coordinator_and_cmessage_auxiliary.md,2026-10-05,RawCOL00875B84/TD008870F8 identifieswrapper; no slot/constructorbody opened; incomingreceiver andother83cluster identities UNKNOWN.
STEAM_PC,0076fc54,0x36fc54,CPhysicsThread_SCENE_array_vftable,CNArray<CPhysicsThread::SCENE>,1 observedexecutablepointer,0040BA40 embedded1C at0040BA78,0040B9F0 availablepointer,PHYSICS_PHYSX,VERIFIED,findings/boundaries/physics_context_vector_activation.md,2026-10-03,SCENE israwRTTI nestedtypename; recordstride18 doesnotproveeveryfield/SDKschema.
STEAM_PC,0076fc64,0x36fc64,CPhysicsThread_vftable,CPhysicsThread,2 observedexecutablepointers,0040BA40 at0040BA6E,0040BC30,PHYSICS_PHYSX,VERIFIED,findings/boundaries/physics_context_vector_activation.md,2026-10-03,RawRTTI/actualvptr andslot4worker0040BAF0; noCPhysicsThreadglobalstartcall assumed.
STEAM_PC,0076fc70,0x36fc70,vftable_0076fc70,UNKNOWN,,,,UNKNOWN,VERIFIED,EXPORT-STEAM-symbols_csv,2026-10-01,explicit vftable symbol; adjacent meta pointer=0x0076fc6c; class and slot extent require pointer-table/constructor analysis;xref_count=0;code_ref_sources=data_initializer_or_unresolved;xref_count=0;code_ref_sources=data_initializer_or_unresolved
STEAM_PC,0076fc88,0x36fc88,vftable_0076fc88,UNKNOWN,,,,UNKNOWN,VERIFIED,EXPORT-STEAM-symbols_csv,2026-10-01,explicit vftable symbol; adjacent meta pointer=0x0076fc84; class and slot extent require pointer-table/constructor analysis;xref_count=0;code_ref_sources=data_initializer_or_unresolved;xref_count=0;code_ref_sources=data_initializer_or_unresolved
STEAM_PC,0076fca0,0x36fca0,vftable_0076fca0,UNKNOWN,,,,UNKNOWN,VERIFIED,EXPORT-STEAM-symbols_csv,2026-10-01,explicit vftable symbol; adjacent meta pointer=0x0076fc9c; class and slot extent require pointer-table/constructor analysis;xref_count=0;code_ref_sources=data_initializer_or_unresolved;xref_count=0;code_ref_sources=data_initializer_or_unresolved
STEAM_PC,0076fda4,0x36fda4,vftable_0076fda4,UNKNOWN,,,,UNKNOWN,VERIFIED,EXPORT-STEAM-symbols_csv,2026-10-01,explicit vftable symbol; adjacent meta pointer=0x0076fda0; class and slot extent require pointer-table/constructor analysis;xref_count=0;code_ref_sources=data_initializer_or_unresolved;xref_count=0;code_ref_sources=data_initializer_or_unresolved
STEAM_PC,0076fdb0,0x36fdb0,vftable_0076fdb0,UNKNOWN,,,,UNKNOWN,VERIFIED,EXPORT-STEAM-symbols_csv,2026-10-01,explicit vftable symbol; adjacent meta pointer=0x0076fdac; class and slot extent require pointer-table/constructor analysis;xref_count=0;code_ref_sources=data_initializer_or_unresolved;xref_count=0;code_ref_sources=data_initializer_or_unresolved
STEAM_PC,0076fdbc,0x36fdbc,vftable_0076fdbc,UNKNOWN,,,,UNKNOWN,VERIFIED,EXPORT-STEAM-symbols_csv,2026-10-01,explicit vftable symbol; adjacent meta pointer=0x0076fdb8; class and slot extent require pointer-table/constructor analysis;xref_count=0;code_ref_sources=data_initializer_or_unresolved;xref_count=0;code_ref_sources=data_initializer_or_unresolved
STEAM_PC,0076fdd0,0x36fdd0,vftable_0076fdd0,UNKNOWN,,,,UNKNOWN,VERIFIED,EXPORT-STEAM-symbols_csv,2026-10-01,explicit vftable symbol; adjacent meta pointer=0x0076fdcc; class and slot extent require pointer-table/constructor analysis;xref_count=0;code_ref_sources=data_initializer_or_unresolved;xref_count=0;code_ref_sources=data_initializer_or_unresolved
STEAM_PC,0076fde0,0x36fde0,vftable_0076fde0,UNKNOWN,,,,UNKNOWN,VERIFIED,EXPORT-STEAM-symbols_csv,2026-10-01,explicit vftable symbol; adjacent meta pointer=0x0076fddc; class and slot extent require pointer-table/constructor analysis;xref_count=0;code_ref_sources=data_initializer_or_unresolved;xref_count=0;code_ref_sources=data_initializer_or_unresolved
STEAM_PC,0076fdf4,0x36fdf4,vftable_0076fdf4,UNKNOWN,,,,UNKNOWN,VERIFIED,EXPORT-STEAM-symbols_csv,2026-10-01,explicit vftable symbol; adjacent meta pointer=0x0076fdf0; class and slot extent require pointer-table/constructor analysis;xref_count=0;code_ref_sources=data_initializer_or_unresolved;xref_count=0;code_ref_sources=data_initializer_or_unresolved
STEAM_PC,0076fe04,0x36fe04,CPhysicsCore::vftable,CPhysicsCore,1,0040e340;0040e470,0040e300,PHYSICS_PHYSX,VERIFIED,findings/boundaries/cphysicscore_lifecycle_root.md,2026-10-03,"Raw COL/type strings and consecutive code extent. Own optional-deletion interface, not SDK scene/embedded callback vtable; actual invocation unresolved."
STEAM_PC,0076fe0c,0x36fe0c,vftable_0076fe0c,UNKNOWN,,,,UNKNOWN,VERIFIED,EXPORT-STEAM-symbols_csv,2026-10-01,explicit vftable symbol; adjacent meta pointer=0x0076fe08; class and slot extent require pointer-table/constructor analysis;xref_count=0;code_ref_sources=data_initializer_or_unresolved;xref_count=0;code_ref_sources=data_initializer_or_unresolved
STEAM_PC,0076fe18,0x36fe18,vftable_0076fe18,UNKNOWN,,,,UNKNOWN,VERIFIED,EXPORT-STEAM-symbols_csv,2026-10-01,explicit vftable symbol; adjacent meta pointer=0x0076fe14; class and slot extent require pointer-table/constructor analysis;xref_count=0;code_ref_sources=data_initializer_or_unresolved;xref_count=0;code_ref_sources=data_initializer_or_unresolved
STEAM_PC,0076fe24,0x36fe24,vftable_0076fe24,UNKNOWN,,,,UNKNOWN,VERIFIED,EXPORT-STEAM-symbols_csv,2026-10-01,explicit vftable symbol; adjacent meta pointer=0x0076fe20; class and slot extent require pointer-table/constructor analysis;xref_count=0;code_ref_sources=data_initializer_or_unresolved;xref_count=0;code_ref_sources=data_initializer_or_unresolved
STEAM_PC,0076fe3c,0x36fe3c,CSingleton<CPhysicsCore>::vftable,CSingleton<CPhysicsCore>,1,0040e340;0040e470,0040e440,PHYSICS_PHYSX,VERIFIED,findings/boundaries/cphysicscore_lifecycle_root.md,2026-10-03,"Raw COL/type strings and consecutive code extent. Own optional-deletion interface, not SDK scene/embedded callback vtable; actual invocation unresolved."
STEAM_PC,0076fee0,0x36fee0,vftable_0076fee0,UNKNOWN,,,,UNKNOWN,VERIFIED,EXPORT-STEAM-symbols_csv,2026-10-01,explicit vftable symbol; adjacent meta pointer=0x0076fedc; class and slot extent require pointer-table/constructor analysis;xref_count=0;code_ref_sources=data_initializer_or_unresolved;xref_count=0;code_ref_sources=data_initializer_or_unresolved
STEAM_PC,0076FEE8,0x36fee8,CSingleton_CFunc_available_table,CSingleton<CFunc>,1 observedconsecutivepointerextent,0040EDE0 availableinlinefield/tableinit,,UNKNOWN,VERIFIED,findings/boundaries/phase6_shared_service_qualification.md,2026-10-05,ExactCOL008760F4/TD008A5CCC/rawname. Observedslot0040EDC0 unopened; servicepolicy/currenttype/cleanup/GOG UNKNOWN.
STEAM_PC,00770218,0x370218,vftable_00770218,UNKNOWN,,,,UNKNOWN,VERIFIED,EXPORT-STEAM-symbols_csv,2026-10-01,explicit vftable symbol; adjacent meta pointer=0x00770214; class and slot extent require pointer-table/constructor analysis;xref_count=0;code_ref_sources=data_initializer_or_unresolved;xref_count=0;code_ref_sources=data_initializer_or_unresolved
STEAM_PC,00770224,0x370224,CCharacter_vftable,OBJ-CCHARACTER,,00410890,0040EE30,OBJECT_DISPATCH,VERIFIED,selector_object_factory.md;DP_decompiled.c;xrefs.csv,2026-10-01,Direct selector-constructor vtable write; secondary writer is a candidate pending lifecycle review.
STEAM_PC,007702BC,0x3702bc,CSingleton_CWeather_available_table,CSINGLETON_CWEATHER,,,,UNKNOWN,VERIFIED,reports/PHASE6_RETAINED_BRANCH_ADJUDICATION_2026-10-05_SEQ0164.md,2026-10-05,"RawRTTI/table identity only. Extent ifrecorded observedconsecutiveexecutablepointers, notuniversalinterface; currentobject/type/gen/owner UNKNOWN."
STEAM_PC,007702C4,0x3702c4,CSingleton_CItemManager_available_table,CSINGLETON_CITEMMANAGER,,00435FA0 selectedzero-cachepath,,UNKNOWN,VERIFIED,reports/PHASE6_READINESS_WAVE_SYNTHESIS_2026-10-06_SEQ0179.md,2026-10-06,COL008762F0/TD008A5E2C rawwrappername; fullbasegraph/extent/currenttype notproved
STEAM_PC,007702cc,0x3702cc,vftable_007702cc,UNKNOWN,,,,UNKNOWN,VERIFIED,EXPORT-STEAM-symbols_csv,2026-10-01,explicit vftable symbol; adjacent meta pointer=0x007702c8; class and slot extent require pointer-table/constructor analysis;xref_count=0;code_ref_sources=data_initializer_or_unresolved;xref_count=0;code_ref_sources=data_initializer_or_unresolved
STEAM_PC,007713f4,0x3713f4,CMustachesAdmin_vftable,OBJ-CMUSTACHESADMIN,1,004274B0;004274D0,004274E0,OBJECT_DISPATCH,VERIFIED,findings/boundaries/phase5_fishing_cold_7f0_shell_retirement.md,2026-10-04,RawCMustachesAdmin COL/type/observedconsecutivecodepointer slot0=004274E0 personallychecked. Parentcoldcurrent-slot0flag1 isnot proofcurrenttable unchanged. Exact shell interface notCMustache childdeletion.
STEAM_PC,007713fc,0x3713fc,CSingleton<CSdMain>::vftable,CSingleton<CSdMain>,1,0071fdd0,00427540,AUDIO,VERIFIED,findings/boundaries/gameplay_audio_organizing_roots.md,2026-10-03,Raw COL/type/observed code extent. Selected slot mechanics corroborated; actual root deletion and broader lifetime UNKNOWN.
STEAM_PC,00771404,0x371404,CFadeManager_singleton_interface,EFFECTS-CFADEMANAGER,1 observedconsecutive executablepointers,00427780/004496A0,00427570,EFFECTS,VERIFIED,findings/boundaries/effects_organizing_roots_and_use.md,2026-10-03,Rawnamedtype/selectedextent; notallslots/algorithms/deletinginvocation understood.
STEAM_PC,0077140c,0x37140c,CDemo_own_interface,EVENT-CDEMO,1 observedexecutablepointer,PEstatic/0076AB90 group,004275A0,EVENT_SCRIPT,VERIFIED,findings/boundaries/cdemo_context_selector_provenance.md,2026-10-03,Rawexact RTTI/selectedowninterface; deletingimplementation distinctfrominvocation andstaticrootfree.
STEAM_PC,0077142c,0x37142c,CScenedemoPostEffect::vftable,CScenedemoPostEffect,,004276C0,00427680,OBJECT_DISPATCH,VERIFIED,EXPORT-STEAM-symbols_csv;DP_full.asm;findings/boundaries/cscenedemo_post_effect_lifecycle_limit.md,2026-10-02,Adjacent meta pointer=00771428. Raw initializer writes this temporary base vtable; its table entry resolves to 00427680 vector deleting destructor. No direct static caller is found.
STEAM_PC,00771434,0x371434,CSingleton<CScenedemoPostEffect>::vftable,CSingleton<CScenedemoPostEffect>,,004276C0,00427680,OBJECT_DISPATCH,VERIFIED,EXPORT-STEAM-symbols_csv;DP_full.asm;findings/boundaries/cscenedemo_post_effect_lifecycle_limit.md,2026-10-02,Adjacent meta pointer=00771430. Raw initializer installs this final singleton vtable; its table entry resolves to 00427680 vector deleting destructor. No direct static caller is found.
STEAM_PC,007717c4,0x3717c4,CDemoMovie_own_interface,MEDIA-CDEMOMOVIE,1 observedexecutablepointer,PEstatic008A7218,00427A70,MEDIA_PLAYBACK,VERIFIED,findings/boundaries/cdemo_context_selector_provenance.md,2026-10-03,Rawexact RTTI/selectedowninterface; deletingimplementation distinctfrominvocation andstaticrootfree.
STEAM_PC,00772124,0x372124,vftable_00772124,UNKNOWN,,,,UNKNOWN,VERIFIED,EXPORT-STEAM-symbols_csv,2026-10-01,explicit vftable symbol; adjacent meta pointer=0x00772120; class and slot extent require pointer-table/constructor analysis;xref_count=0;code_ref_sources=data_initializer_or_unresolved;xref_count=0;code_ref_sources=data_initializer_or_unresolved
STEAM_PC,00772138,0x372138,vftable_00772138,UNKNOWN,,,,UNKNOWN,VERIFIED,EXPORT-STEAM-symbols_csv,2026-10-01,explicit vftable symbol; adjacent meta pointer=0x00772134; class and slot extent require pointer-table/constructor analysis;xref_count=0;code_ref_sources=data_initializer_or_unresolved;xref_count=0;code_ref_sources=data_initializer_or_unresolved
STEAM_PC,00772140,0x372140,CSingleton_CTimer_available_table,CSingleton<CTimer>,1 observed consecutive executable pointer,,,UNKNOWN,VERIFIED,findings/boundaries/phase6_timer_root_and_bulk_shared_word_interfaces.md,2026-10-05,"Own installed table RTTI declares CSingleton<CTimer>, CTimer and CEvFlag+4; slot004486A0 unopened; not universal interface extent."
STEAM_PC,00772148,0x372148,vftable_00772148,UNKNOWN,,,,UNKNOWN,VERIFIED,EXPORT-STEAM-symbols_csv,2026-10-01,explicit vftable symbol; adjacent meta pointer=0x00772144; class and slot extent require pointer-table/constructor analysis;xref_count=0;code_ref_sources=data_initializer_or_unresolved;xref_count=0;code_ref_sources=data_initializer_or_unresolved
STEAM_PC,00772154,0x372154,vftable_00772154,UNKNOWN,,,,UNKNOWN,VERIFIED,EXPORT-STEAM-symbols_csv,2026-10-01,explicit vftable symbol; adjacent meta pointer=0x00772150; class and slot extent require pointer-table/constructor analysis;xref_count=0;code_ref_sources=data_initializer_or_unresolved;xref_count=0;code_ref_sources=data_initializer_or_unresolved
STEAM_PC,0077219c,0x37219c,vftable_0077219c,UNKNOWN,,,,UNKNOWN,VERIFIED,EXPORT-STEAM-symbols_csv,2026-10-01,explicit vftable symbol; adjacent meta pointer=0x00772198; class and slot extent require pointer-table/constructor analysis;xref_count=0;code_ref_sources=data_initializer_or_unresolved;xref_count=0;code_ref_sources=data_initializer_or_unresolved
STEAM_PC,007721A4,0x3721a4,CCamera_own_deleting_table,CCamera,1 observed own slot,UNKNOWN fullinitializer,00449130,INPUT_CAMERA,VERIFIED,findings/boundaries/input_camera_primary_roots.md,2026-10-03,"RawCOL/type/base proof and executable-pointer extent; selected ctor/vptr checks replace ingestion-only scope, no fullinterface/runtimeclaim."
STEAM_PC,007721AC,0x3721ac,CEvDataEx_vftable,CEvDataEx,1 initialobservedexecutablepointer; notuniversalinterfaceextent,00449290 availablepath,,EVENT_SCRIPT,VERIFIED,findings/boundaries/phase6_core_typed_root_descriptor_and_static_cohorts.md,2026-10-05,PrimaryownreferencedrawRTTI. No slotbody/currentdynamicinterface/destructor/runtime invocation proof.
STEAM_PC,007721BC,0x3721bc,CSingleton<CCamera>_own_deleting_table,CSingleton<CCamera>,1 observed own slot,00449550 lazypublication,00449130,INPUT_CAMERA,VERIFIED,findings/boundaries/input_camera_primary_roots.md,2026-10-03,"RawCOL/type/base proof and executable-pointer extent; selected ctor/vptr checks replace ingestion-only scope, no fullinterface/runtimeclaim."
STEAM_PC,007721c4,0x3721c4,vftable_007721c4,UNKNOWN,,,,UNKNOWN,VERIFIED,EXPORT-STEAM-symbols_csv,2026-10-01,explicit vftable symbol; adjacent meta pointer=0x007721c0; class and slot extent require pointer-table/constructor analysis;xref_count=0;code_ref_sources=data_initializer_or_unresolved;xref_count=0;code_ref_sources=data_initializer_or_unresolved
STEAM_PC,007721cc,0x3721cc,vftable_007721cc,UNKNOWN,,,,UNKNOWN,VERIFIED,EXPORT-STEAM-symbols_csv,2026-10-01,explicit vftable symbol; adjacent meta pointer=0x007721c8; class and slot extent require pointer-table/constructor analysis;xref_count=0;code_ref_sources=data_initializer_or_unresolved;xref_count=0;code_ref_sources=data_initializer_or_unresolved
STEAM_PC,007721D4,0x3721d4,CEvProcessEx_vftable,CEvProcessEx,1 initialobservedexecutablepointer; notuniversalinterfaceextent,00449420 availablepath,,EVENT_SCRIPT,VERIFIED,findings/boundaries/phase6_core_typed_root_descriptor_and_static_cohorts.md,2026-10-05,PrimaryownreferencedrawRTTI. No slotbody/currentdynamicinterface/destructor/runtime invocation proof.
STEAM_PC,007721DC,0x3721dc,CEvThreadEx_vftable,CEvThreadEx,18 observed consecutive executable pointers,,,EVENT_SCRIPT,VERIFIED,findings/boundaries/phase6_ceventhreadex_virtual_mode_coordinator.md;findings/subsystems/phase6_threadex_available_cursor_item_event_cache_control.md,2026-10-06,"Own RTTI names CEvThreadEx; bases CEvThread/CEvFlag+4; observed slot3=0043D400, slot4=00447B50. Not universal interface extent. Seq196 existing slot4(+10) available835 prefix/A6 direct cursor interface qualified; no current installation or universal invocation."
STEAM_PC,00772314,0x372314,CFadeManager_base_interface,EFFECTS-CFADEMANAGER,1 observedconsecutive executablepointers,004496A0,0044AE10,EFFECTS,VERIFIED,findings/boundaries/effects_organizing_roots_and_use.md,2026-10-03,Rawnamedtype/selectedextent; notallslots/algorithms/deletinginvocation understood.
STEAM_PC,0077231c,0x37231c,CFade_active_object_interface,OBJ-CFADE,19 observedconsecutive executablepointers,00449740,0062D170 sharedbase deleting,EFFECTS,VERIFIED,findings/boundaries/effects_organizing_roots_and_use.md,2026-10-03,Rawnamedtype/selectedextent; notallslots/algorithms/deletinginvocation understood.
STEAM_PC,00772628,0x372628,vftable_00772628,UNKNOWN,,,,UNKNOWN,VERIFIED,EXPORT-STEAM-symbols_csv,2026-10-01,explicit vftable symbol; adjacent meta pointer=0x00772624; class and slot extent require pointer-table/constructor analysis;xref_count=0;code_ref_sources=data_initializer_or_unresolved;xref_count=0;code_ref_sources=data_initializer_or_unresolved
STEAM_PC,00772630,0x372630,vftable_00772630,UNKNOWN,,,,UNKNOWN,VERIFIED,EXPORT-STEAM-symbols_csv,2026-10-01,explicit vftable symbol; adjacent meta pointer=0x0077262c; class and slot extent require pointer-table/constructor analysis;xref_count=0;code_ref_sources=data_initializer_or_unresolved;xref_count=0;code_ref_sources=data_initializer_or_unresolved
STEAM_PC,00772638,0x372638,CGame_own_slot_table,CGame,1 observedownslot,00451D90,00455D50 availableordinary-before-optional-outer,APPLICATION_LIFECYCLE,VERIFIED,findings/boundaries/cgame_record_reconstruction_root.md;findings/boundaries/phase5_cgame_inline_layout_composition.md,2026-10-04,"RawCOL/type/baseoffset andselectedctorpublication; slot targetknown butfull deleting/free implementation/caller notinspected. Priorfullimplementationunvisited qualifier supersededonlybyseq104 finiteavailableinterface; actualcurrenttable/rootinvocation stillUNKNOWN. Seq104 exact local interface/transport only; current00BDA004 invocation/G-table/member generation, ownership, borrower final use and successfulsafe release UNKNOWN. Independent/personal/schema proofs before promotion; failed first target assertion preserved. No GOG/body/source widening."
STEAM_PC,0077294c,0x37294c,vftable_0077294c,UNKNOWN,1,004592b0,004592c0 ordinary;00459d50 ownslot unexamined,UNKNOWN,VERIFIED,findings/boundaries/phase5_cmenu_task_layout_retirement.md,2026-10-04,explicit vftable symbol; adjacent meta pointer=0x00772948; class and slot extent require pointer-table/constructor analysis;xref_count=0;code_ref_sources=data_initializer_or_unresolved;xref_count=0;code_ref_sources=data_initializer_or_unresolved Phase5rawnamedCLayouttable/selectedinlinector-dtor; observedonecodepointerextent notuniversalclassdefinition/actualdelete.
STEAM_PC,00772bd4,0x372bd4,CRdObjectModelGame_vftable,OBJ-CRDOBJECTMODELGAME,,0045FA00,,OBJECT_DISPATCH,VERIFIED,selector_object_factory.md;DP_decompiled.c;xrefs.csv,2026-10-01,Direct selector-constructor vtable write; secondary writer is a candidate pending lifecycle review.
STEAM_PC,00772eac,0x372eac,vftable_00772eac,UNKNOWN,,,,UNKNOWN,VERIFIED,EXPORT-STEAM-symbols_csv,2026-10-01,explicit vftable symbol; adjacent meta pointer=0x00772ea8; class and slot extent require pointer-table/constructor analysis;xref_count=0;code_ref_sources=data_initializer_or_unresolved;xref_count=0;code_ref_sources=data_initializer_or_unresolved
STEAM_PC,00773054,0x373054,vftable_00773054,UNKNOWN,,,,UNKNOWN,VERIFIED,EXPORT-STEAM-symbols_csv,2026-10-01,explicit vftable symbol; adjacent meta pointer=0x00773050; class and slot extent require pointer-table/constructor analysis;xref_count=0;code_ref_sources=data_initializer_or_unresolved;xref_count=0;code_ref_sources=data_initializer_or_unresolved
STEAM_PC,0077306c,0x37306c,CPreserve_vftable,CPreserve,19 observedconsecutivecodepointers,00468F70 at00468FAB,00468FD0 available,SAVE_GAMERECORD,VERIFIED,findings/boundaries/save_disk_staging_record_chain.md,2026-10-03,RawCOL00876C50/TD008A827C namedCPreserve;actualconstructorpublication;interfaceextentnotruntimeallslotcharacterization.
STEAM_PC,0077314c,0x37314c,vftable_0077314c,UNKNOWN,,,,UNKNOWN,VERIFIED,EXPORT-STEAM-symbols_csv,2026-10-01,explicit vftable symbol; adjacent meta pointer=0x00773148; class and slot extent require pointer-table/constructor analysis;xref_count=0;code_ref_sources=data_initializer_or_unresolved;xref_count=0;code_ref_sources=data_initializer_or_unresolved
STEAM_PC,00773154,0x373154,CSingleton<CSdCore>::vftable,CSingleton<CSdCore>,1,0072ba00;0046f9d0,0046f8f0,AUDIO,VERIFIED,findings/boundaries/gameplay_audio_organizing_roots.md,2026-10-03,Raw COL/type string decoded; observed one consecutive code pointer. Deleting target identified without actual invocation/lifetime or all-method inference.
STEAM_PC,00773164,0x373164,CSound::vftable,CSound,1,0046a7b0,0046fa50,AUDIO,VERIFIED,findings/boundaries/gameplay_audio_organizing_roots.md,2026-10-03,Raw COL/type/observed code extent. Selected slot mechanics corroborated; actual root deletion and broader lifetime UNKNOWN.
STEAM_PC,00773188,0x373188,vftable_00773188,UNKNOWN,,,,UNKNOWN,VERIFIED,EXPORT-STEAM-symbols_csv,2026-10-01,explicit vftable symbol; adjacent meta pointer=0x00773184; class and slot extent require pointer-table/constructor analysis;xref_count=0;code_ref_sources=data_initializer_or_unresolved;xref_count=0;code_ref_sources=data_initializer_or_unresolved
STEAM_PC,00773198,0x373198,vftable_00773198,UNKNOWN,,,,UNKNOWN,VERIFIED,EXPORT-STEAM-symbols_csv,2026-10-01,explicit vftable symbol; adjacent meta pointer=0x00773194; class and slot extent require pointer-table/constructor analysis;xref_count=0;code_ref_sources=data_initializer_or_unresolved;xref_count=0;code_ref_sources=data_initializer_or_unresolved
STEAM_PC,007731d0,0x3731d0,vftable_007731d0,UNKNOWN,,,,UNKNOWN,VERIFIED,EXPORT-STEAM-symbols_csv,2026-10-01,explicit vftable symbol; adjacent meta pointer=0x007731cc; class and slot extent require pointer-table/constructor analysis;xref_count=0;code_ref_sources=data_initializer_or_unresolved;xref_count=0;code_ref_sources=data_initializer_or_unresolved
STEAM_PC,00773208,0x373208,vftable_00773208,UNKNOWN,,,,UNKNOWN,VERIFIED,EXPORT-STEAM-symbols_csv,2026-10-01,explicit vftable symbol; adjacent meta pointer=0x00773204; class and slot extent require pointer-table/constructor analysis;xref_count=0;code_ref_sources=data_initializer_or_unresolved;xref_count=0;code_ref_sources=data_initializer_or_unresolved
STEAM_PC,00773240,0x373240,vftable_00773240,UNKNOWN,,,,UNKNOWN,VERIFIED,EXPORT-STEAM-symbols_csv,2026-10-01,explicit vftable symbol; adjacent meta pointer=0x0077323c; class and slot extent require pointer-table/constructor analysis;xref_count=0;code_ref_sources=data_initializer_or_unresolved;xref_count=0;code_ref_sources=data_initializer_or_unresolved
STEAM_PC,00773278,0x373278,vftable_00773278,UNKNOWN,,,,UNKNOWN,VERIFIED,EXPORT-STEAM-symbols_csv,2026-10-01,explicit vftable symbol; adjacent meta pointer=0x00773274; class and slot extent require pointer-table/constructor analysis;xref_count=0;code_ref_sources=data_initializer_or_unresolved;xref_count=0;code_ref_sources=data_initializer_or_unresolved
STEAM_PC,00773280,0x373280,CTimer_available_table,CTimer,1 observed consecutive executable pointer,,,UNKNOWN,VERIFIED,findings/boundaries/phase6_timer_root_and_bulk_shared_word_interfaces.md,2026-10-05,Own initializer table RTTI declares CTimer/CEvFlag+4; slot00470D70 unopened; no current-type/lifecycle proof.
STEAM_PC,007732b4,0x3732b4,vftable_007732b4,UNKNOWN,,,,UNKNOWN,VERIFIED,EXPORT-STEAM-symbols_csv,2026-10-01,explicit vftable symbol; adjacent meta pointer=0x007732b0; class and slot extent require pointer-table/constructor analysis;xref_count=0;code_ref_sources=data_initializer_or_unresolved;xref_count=0;code_ref_sources=data_initializer_or_unresolved
STEAM_PC,007734f8,0x3734f8,vftable_007734f8,UNKNOWN,,,,UNKNOWN,VERIFIED,EXPORT-STEAM-symbols_csv,2026-10-01,explicit vftable symbol; adjacent meta pointer=0x007734f4; class and slot extent require pointer-table/constructor analysis;xref_count=0;code_ref_sources=data_initializer_or_unresolved;xref_count=0;code_ref_sources=data_initializer_or_unresolved
STEAM_PC,00773564,0x373564,vftable_00773564,UNKNOWN,,,,UNKNOWN,VERIFIED,EXPORT-STEAM-symbols_csv,2026-10-01,explicit vftable symbol; adjacent meta pointer=0x00773560; class and slot extent require pointer-table/constructor analysis;xref_count=0;code_ref_sources=data_initializer_or_unresolved;xref_count=0;code_ref_sources=data_initializer_or_unresolved
STEAM_PC,0077356c,0x37356c,vftable_0077356c,UNKNOWN,,,,UNKNOWN,VERIFIED,EXPORT-STEAM-symbols_csv,2026-10-01,explicit vftable symbol; adjacent meta pointer=0x00773568; class and slot extent require pointer-table/constructor analysis;xref_count=0;code_ref_sources=data_initializer_or_unresolved;xref_count=0;code_ref_sources=data_initializer_or_unresolved
STEAM_PC,00773a7c,0x373a7c,CNpcAnimal_vftable,OBJ-CNPCANIMAL,,00484D90,00486BB0,OBJECT_DISPATCH,VERIFIED,selector_object_factory.md;DP_decompiled.c;xrefs.csv,2026-10-01,Direct selector-constructor vtable write; secondary writer is a candidate pending lifecycle review.
STEAM_PC,00773cac,0x373cac,CNpcBird_vftable,OBJ-CNPCBIRD,,00486CC0,004890B0,OBJECT_DISPATCH,VERIFIED,selector_object_factory.md;DP_decompiled.c;xrefs.csv,2026-10-01,Direct selector-constructor vtable write; secondary writer is a candidate pending lifecycle review.
STEAM_PC,00773ea8,0x373ea8,vftable_00773ea8,UNKNOWN,,,,UNKNOWN,VERIFIED,EXPORT-STEAM-symbols_csv,2026-10-01,explicit vftable symbol; adjacent meta pointer=0x00773ea4; class and slot extent require pointer-table/constructor analysis;xref_count=0;code_ref_sources=data_initializer_or_unresolved;xref_count=0;code_ref_sources=data_initializer_or_unresolved
STEAM_PC,00773ec4,0x373ec4,CObject_vftable,OBJ-COBJECT,,005479f0,,OBJECT_DISPATCH,VERIFIED,EXPORT-STEAM-symbols_csv,2026-10-01,explicit vftable symbol; adjacent meta pointer=0x00773ec0; class and slot extent require pointer-table/constructor analysis;xref_count=0;code_ref_sources=data_initializer_or_unresolved;xref_count=0;code_ref_sources=data_initializer_or_unresolved
STEAM_PC,00773f74,0x373f74,CObjectCar_own_interface,OBJ-COBJECTCAR,42 observed consecutive executable pointers,00541aa0,0048A080,VEHICLE,VERIFIED,findings/boundaries/vehicle_organizing_root.md;findings/boundaries/cobjectcar_model_base_cache_production.md,2026-10-04,Raw exact type/hierarchy; selected slot+A4 native event5 route. Observed extent not proof all slots understood; mutable callback genealogy/frame placement unknown. Seq54 raw10=006BCBE0/28=006BD4C0/44=00405E40 connectedtooriginalCarstateproducer atinstalledconditionalinterfacescope. Noactualquery/population/currentvptr-preservation/latestpose/lifetime proof; observedextent unchanged.
STEAM_PC,00774024,0x374024,CNpcCar_vftable,OBJ-CNPCCAR,,004893F0,0048A110,OBJECT_DISPATCH,VERIFIED,selector_object_factory.md;DP_decompiled.c;xrefs.csv,2026-10-01,Direct selector-constructor vtable write; secondary writer is a candidate pending lifecycle review.
STEAM_PC,00774174,0x374174,CNpcDog_vftable,OBJ-CNPCDOG,,0048A140,0048D4A0,OBJECT_DISPATCH,VERIFIED,selector_object_factory.md;DP_decompiled.c;xrefs.csv,2026-10-01,Direct selector-constructor vtable write; secondary writer is a candidate pending lifecycle review.
STEAM_PC,00774574,0x374574,CNpcEnemy_vftable,OBJ-CNPCENEMY,,0048D5C0,004A1860,OBJECT_DISPATCH,VERIFIED,findings/boundaries/npc_enemy_camera_scalar_marker_policy.md;findings/boundaries/selector_object_factory.md,2026-10-04,"Prior paired named table/type scope retained. Seq52 selected Steam own0C0047C1F0/8C00482FE0/940047D0A0/980049EB30/A4004A1820/30006BAB20 read raw; six PMDs(0,-1,0). No universal slot extent or vptr/lifetime stability across opaque calls; ctor/destructor candidates unchanged."
STEAM_PC,007748ac,0x3748ac,CNpcThrow_vftable,OBJ-CNPCTHROW,,004A1940,004A2B30,OBJECT_DISPATCH,VERIFIED,selector_object_factory.md;DP_decompiled.c;xrefs.csv,2026-10-01,Direct selector-constructor vtable write; secondary writer is a candidate pending lifecycle review.
STEAM_PC,00774d94,0x374d94,vftable_00774d94,UNKNOWN,,,,UNKNOWN,VERIFIED,EXPORT-STEAM-symbols_csv,2026-10-01,explicit vftable symbol; adjacent meta pointer=0x00774d90; class and slot extent require pointer-table/constructor analysis;xref_count=0;code_ref_sources=data_initializer_or_unresolved;xref_count=0;code_ref_sources=data_initializer_or_unresolved
STEAM_PC,00774da4,0x374da4,vftable_00774da4,UNKNOWN,,,,UNKNOWN,VERIFIED,EXPORT-STEAM-symbols_csv,2026-10-01,explicit vftable symbol; adjacent meta pointer=0x00774da0; class and slot extent require pointer-table/constructor analysis;xref_count=0;code_ref_sources=data_initializer_or_unresolved;xref_count=0;code_ref_sources=data_initializer_or_unresolved
STEAM_PC,00774edc,0x374edc,CNpcMob_vftable,OBJ-CNPCMOB,,004B7720,004B8B40,OBJECT_DISPATCH,VERIFIED,selector_object_factory.md;DP_decompiled.c;xrefs.csv,2026-10-01,Direct selector-constructor vtable write; secondary writer is a candidate pending lifecycle review.
STEAM_PC,0077563c,0x37563c,CNpcNormal_vftable,OBJ-CNPCNORMAL,,004B9440,004B8BB0,OBJECT_DISPATCH,VERIFIED,selector_object_factory.md;DP_decompiled.c;xrefs.csv,2026-10-01,Direct selector-constructor vtable write; secondary writer is a candidate pending lifecycle review.
STEAM_PC,00775a18,0x375a18,vftable_00775a18,UNKNOWN,,,,UNKNOWN,VERIFIED,EXPORT-STEAM-symbols_csv,2026-10-01,explicit vftable symbol; adjacent meta pointer=0x00775a14; class and slot extent require pointer-table/constructor analysis;xref_count=0;code_ref_sources=data_initializer_or_unresolved;xref_count=0;code_ref_sources=data_initializer_or_unresolved
STEAM_PC,00775a20,0x375a20,vftable_00775a20,UNKNOWN,,,,UNKNOWN,VERIFIED,EXPORT-STEAM-symbols_csv,2026-10-01,explicit vftable symbol; adjacent meta pointer=0x00775a1c; class and slot extent require pointer-table/constructor analysis;xref_count=0;code_ref_sources=data_initializer_or_unresolved;xref_count=0;code_ref_sources=data_initializer_or_unresolved
STEAM_PC,00775a3c,0x375a3c,vftable_00775a3c,UNKNOWN,,,,UNKNOWN,VERIFIED,EXPORT-STEAM-symbols_csv,2026-10-01,explicit vftable symbol; adjacent meta pointer=0x00775a38; class and slot extent require pointer-table/constructor analysis;xref_count=0;code_ref_sources=data_initializer_or_unresolved;xref_count=0;code_ref_sources=data_initializer_or_unresolved
STEAM_PC,00775b64,0x375b64,CShot_vftable,OBJ-CSHOT,,004E0DF0,004DEE00,OBJECT_DISPATCH,VERIFIED,selector_object_factory.md;DP_decompiled.c;xrefs.csv,2026-10-01,Direct selector-constructor vtable write; secondary writer is a candidate pending lifecycle review.
STEAM_PC,00775bb4,0x375bb4,vftable_00775bb4,UNKNOWN,,,,UNKNOWN,VERIFIED,EXPORT-STEAM-symbols_csv,2026-10-01,explicit vftable symbol; adjacent meta pointer=0x00775bb0; class and slot extent require pointer-table/constructor analysis;xref_count=0;code_ref_sources=data_initializer_or_unresolved;xref_count=0;code_ref_sources=data_initializer_or_unresolved
STEAM_PC,00775d18,0x375d18,vftable_00775d18,UNKNOWN,,,,UNKNOWN,VERIFIED,EXPORT-STEAM-symbols_csv,2026-10-01,explicit vftable symbol; adjacent meta pointer=0x00775d14; class and slot extent require pointer-table/constructor analysis;xref_count=0;code_ref_sources=data_initializer_or_unresolved;xref_count=0;code_ref_sources=data_initializer_or_unresolved
STEAM_PC,00776504,0x376504,CMustache_vftable,OBJ-CMUSTACHE,,00527170 inline creation,00528020,OBJECT_DISPATCH,VERIFIED,DP_decompiled.c;DP_full.asm;symbols.csv;findings/boundaries/cmustachesadmin_cmustache_children.md,2026-10-01,Named CMustache vtable; Steam direct creation/registration establishes child hierarchy; GOG destructor and vtable support counterpart.
STEAM_PC,007765a4,0x3765a4,vftable_007765a4,UNKNOWN,,,,UNKNOWN,VERIFIED,EXPORT-STEAM-symbols_csv,2026-10-01,explicit vftable symbol; adjacent meta pointer=0x007765a0; class and slot extent require pointer-table/constructor analysis;xref_count=0;code_ref_sources=data_initializer_or_unresolved;xref_count=0;code_ref_sources=data_initializer_or_unresolved
STEAM_PC,007767fc,0x3767fc,CPlayer_vftable,OBJ-CPLAYER,34,0052DF70,005348E0 availableown;0052EAF0 ordinary,OBJECT_DISPATCH,VERIFIED,findings/boundaries/animation_model_state_submission.md;findings/boundaries/cgame_record_reconstruction_root.md;findings/boundaries/selector_object_factory.md;findings/boundaries/object_handle_lifecycle.md;findings/boundaries/phase5_player_physics_dependency_teardown.md,2026-10-04,Outer selector 0x01 vtable; embedded CMustachesAdmin at +0x80C. Sequence26 rawinstalled10=006BCBE0/28=006BD4C0/44=00405E40/48=004029B0 typedstate/submissionjoin; no live class membership/all-slot semantics. Seq96 rawPlayername/ownslot exact; observedconsecutivecodepointerextent notallslotsemantics/actualcurrenttable.
STEAM_PC,007774ec,0x3774ec,CObjectDeerHead_vftable,OBJ-COBJECTDEERHEAD,,0056A8D0,0056B1C0,OBJECT_DISPATCH,VERIFIED,selector_object_factory.md;DP_decompiled.c;xrefs.csv,2026-10-01,Direct selector-constructor vtable write; secondary writer is a candidate pending lifecycle review.
STEAM_PC,0077759c,0x37759c,CObjectDeerLock_vftable,OBJ-COBJECTDEERLOCK,,0056A900,0056B1F0,OBJECT_DISPATCH,VERIFIED,selector_object_factory.md;DP_decompiled.c;xrefs.csv,2026-10-01,Direct selector-constructor vtable write; secondary writer is a candidate pending lifecycle review.
STEAM_PC,0077798c,0x37798c,CObjectExclusive_vftable,OBJ-COBJECTEXCLUSIVE,,00579F60,00579FB0,OBJECT_DISPATCH,VERIFIED,selector_object_factory.md;DP_decompiled.c;xrefs.csv,2026-10-01,Direct selector-constructor vtable write; secondary writer is a candidate pending lifecycle review.
STEAM_PC,00777a44,0x377a44,CObjectElevator_vftable,OBJ-COBJECTELEVATOR,,00577EC0,,OBJECT_DISPATCH,VERIFIED,selector_object_factory.md;DP_decompiled.c;xrefs.csv,2026-10-01,Direct selector-constructor vtable write; secondary writer is a candidate pending lifecycle review.
STEAM_PC,00777d64,0x377d64,CObjectHut_vftable,OBJ-COBJECTHUT,,00589F20,0058AAA0,OBJECT_DISPATCH,VERIFIED,selector_object_factory.md;DP_decompiled.c;xrefs.csv,2026-10-01,Direct selector-constructor vtable write; secondary writer is a candidate pending lifecycle review.
STEAM_PC,00777e24,0x377e24,CObjectIntercept_vftable,OBJ-COBJECTINTERCEPT,,0058AAE0,0058B230,OBJECT_DISPATCH,VERIFIED,selector_object_factory.md;DP_decompiled.c;xrefs.csv,2026-10-01,Direct selector-constructor vtable write; secondary writer is a candidate pending lifecycle review.
STEAM_PC,00778444,0x378444,CObjectJukebox_vftable,OBJ-COBJECTJUKEBOX,,00595BD0,00596660,OBJECT_DISPATCH,VERIFIED,selector_object_factory.md;DP_decompiled.c;xrefs.csv,2026-10-01,Direct selector-constructor vtable write; secondary writer is a candidate pending lifecycle review.
STEAM_PC,0077859c,0x37859c,vftable_0077859c,UNKNOWN,,,,UNKNOWN,VERIFIED,EXPORT-STEAM-symbols_csv,2026-10-01,explicit vftable symbol; adjacent meta pointer=0x00778598; class and slot extent require pointer-table/constructor analysis;xref_count=0;code_ref_sources=data_initializer_or_unresolved;xref_count=0;code_ref_sources=data_initializer_or_unresolved
STEAM_PC,007785dc,0x3785dc,CObjectMotionAction_vftable,OBJ-COBJECTMOTIONACTION,,0059AED0,0059BDF0,OBJECT_DISPATCH,VERIFIED,selector_object_factory.md;DP_decompiled.c;xrefs.csv,2026-10-01,Direct selector-constructor vtable write; secondary writer is a candidate pending lifecycle review.
STEAM_PC,007787fc,0x3787fc,CObjectPianoHarry_vftable,OBJ-COBJECTPIANOHARRY,,005A3DE0,005A4170,OBJECT_DISPATCH,VERIFIED,selector_object_factory.md;DP_decompiled.c;xrefs.csv,2026-10-01,Direct selector-constructor vtable write; secondary writer is a candidate pending lifecycle review.
STEAM_PC,007789d4,0x3789d4,CObjectShopNeon_vftable,OBJ-COBJECTSHOPNEON,,005AB470,005ABD10,OBJECT_DISPATCH,VERIFIED,selector_object_factory.md;DP_decompiled.c;xrefs.csv,2026-10-01,Direct selector-constructor vtable write; secondary writer is a candidate pending lifecycle review.
STEAM_PC,00778a84,0x378a84,CObjectShopSign_vftable,OBJ-COBJECTSHOPSIGN,,005AB570,005ABD40,OBJECT_DISPATCH,VERIFIED,selector_object_factory.md;DP_decompiled.c;xrefs.csv,2026-10-01,Direct selector-constructor vtable write; secondary writer is a candidate pending lifecycle review.
STEAM_PC,00778b9c,0x378b9c,CObjectStretcher_vftable,OBJ-COBJECTSTRETCHER,,005AE480,005B0540,OBJECT_DISPATCH,VERIFIED,selector_object_factory.md;DP_decompiled.c;xrefs.csv,2026-10-01,Direct selector-constructor vtable write; secondary writer is a candidate pending lifecycle review.
STEAM_PC,00778c6c,0x378c6c,CObjectSurveilCamera_vftable,OBJ-COBJECTSURVEILCAMERA,,005B05A0,005B0BF0,OBJECT_DISPATCH,VERIFIED,selector_object_factory.md;DP_decompiled.c;xrefs.csv,2026-10-01,Direct selector-constructor vtable write; secondary writer is a candidate pending lifecycle review.
STEAM_PC,00778fd4,0x378fd4,vftable_00778fd4,UNKNOWN,,,,UNKNOWN,VERIFIED,EXPORT-STEAM-symbols_csv,2026-10-01,explicit vftable symbol; adjacent meta pointer=0x00778fd0; class and slot extent require pointer-table/constructor analysis;xref_count=0;code_ref_sources=data_initializer_or_unresolved;xref_count=0;code_ref_sources=data_initializer_or_unresolved
STEAM_PC,00779084,0x379084,vftable_00779084,UNKNOWN,,,,UNKNOWN,VERIFIED,EXPORT-STEAM-symbols_csv,2026-10-01,explicit vftable symbol; adjacent meta pointer=0x00779080; class and slot extent require pointer-table/constructor analysis;xref_count=0;code_ref_sources=data_initializer_or_unresolved;xref_count=0;code_ref_sources=data_initializer_or_unresolved
STEAM_PC,0077916c,0x37916c,CObjectVendor_vftable,OBJ-COBJECTVENDOR,,005BD760,005BDDB0,OBJECT_DISPATCH,VERIFIED,selector_object_factory.md;DP_decompiled.c;xrefs.csv,2026-10-01,Direct selector-constructor vtable write; secondary writer is a candidate pending lifecycle review.
STEAM_PC,00779374,0x379374,vftable_00779374,UNKNOWN,,,,UNKNOWN,VERIFIED,EXPORT-STEAM-symbols_csv,2026-10-01,explicit vftable symbol; adjacent meta pointer=0x00779370; class and slot extent require pointer-table/constructor analysis;xref_count=0;code_ref_sources=data_initializer_or_unresolved;xref_count=0;code_ref_sources=data_initializer_or_unresolved
STEAM_PC,00779380,0x379380,CGrid_selected_cleanup_vftable,OBJ-CGRID-RAIN-MEMBER,1,,Rawslot0availabletarget/bodyunvisited,EFFECTS,VERIFIED,findings/boundaries/phase5_weather_retainer_grid_retirement.md,2026-10-04,explicit vftable symbol; adjacent meta pointer=0x0077937c; class and slot extent require pointer-table/constructor analysis;xref_count=0;code_ref_sources=data_initializer_or_unresolved;xref_count=0;code_ref_sources=data_initializer_or_unresolved Seq94 rawRTTI/namedselectedinterface; currentreceivergeneration/table/invocation unknown. Consecutivecodepointerextent diagnostic only.
STEAM_PC,007793fc,0x3793fc,CHouse_vftable,OBJ-CHOUSE,,005CA910,005CA980,OBJECT_DISPATCH,VERIFIED,selector_object_factory.md;DP_decompiled.c;xrefs.csv,2026-10-01,Direct selector-constructor vtable write; secondary writer is a candidate pending lifecycle review.
STEAM_PC,007794ac,0x3794ac,CLumbermill_vftable,OBJ-CLUMBERMILL,,005CA9F0,005CCB90,OBJECT_DISPATCH,VERIFIED,selector_object_factory.md;DP_decompiled.c;xrefs.csv,2026-10-01,Direct selector-constructor vtable write; secondary writer is a candidate pending lifecycle review.
STEAM_PC,0077955c,0x37955c,CBell_vftable,OBJ-CBELL,,005CACB0,,OBJECT_DISPATCH,VERIFIED,selector_object_factory.md;DP_decompiled.c;xrefs.csv,2026-10-01,Direct selector-constructor vtable write; secondary writer is a candidate pending lifecycle review.
STEAM_PC,007798ac,0x3798ac,CLevel_vftable,OBJ-CLEVEL,33,005ccbc0,005ccc50,OBJECT_DISPATCH,VERIFIED,findings/boundaries/phase5_world_resource_retirement.md,2026-10-04,explicit vftable symbol; adjacent meta pointer=0x007798a8; class and slot extent require pointer-table/constructor analysis;xref_count=0;code_ref_sources=data_initializer_or_unresolved;xref_count=0;code_ref_sources=data_initializer_or_unresolved Phase5 observed33 consecutivecode pointers (notuniversalextent); rawslots0=005cf4c0/8=006bcb20/30=006bab20/4C=005ccdd0/50=006c0620. Historical4C locator DISPROVEN; noactualinvocation/GOGbodypromotion.
STEAM_PC,00779ab4,0x379ab4,CMap::vftable,CMap,1,005d0680,005d07a0,WORLD_STREAMING,VERIFIED,findings/boundaries/cmap_world_level_owner_root.md,2026-10-02,"One observed code pointer before float/data constants. Raw RTTI decoded, slot zero embedded-target teardown/conditional free; not proof of deleting the static root."
STEAM_PC,00779fd0,0x379fd0,vftable_00779fd0,UNKNOWN,,,,UNKNOWN,VERIFIED,EXPORT-STEAM-symbols_csv,2026-10-01,explicit vftable symbol; adjacent meta pointer=0x00779fcc; class and slot extent require pointer-table/constructor analysis;xref_count=0;code_ref_sources=data_initializer_or_unresolved;xref_count=0;code_ref_sources=data_initializer_or_unresolved
STEAM_PC,00779fd8,0x379fd8,CSingleton_CEffectLensflare_own_interface,CACHE-CEFFECTLENSFLARE,1,005E0F2D manualtableinstall,005DA8A0 rawslot/bodyunvisited,EFFECTS,VERIFIED,findings/boundaries/phase5_cmap_reset_lensflare_cache_publication.md,2026-10-04,"explicit vftable symbol; adjacent meta pointer=0x00779fd4; class and slot extent require pointer-table/constructor analysis;xref_count=0;code_ref_sources=data_initializer_or_unresolved;xref_count=0;code_ref_sources=data_initializer_or_unresolved Seq98 exactnewallocation rawwrappername/COL/namebytes; oneobservedexecutablepointer diagnostic, no ownslot/deleting/invocation semantics."
STEAM_PC,0077a00c,0x37a00c,vftable_0077a00c,UNKNOWN,,,,UNKNOWN,VERIFIED,EXPORT-STEAM-symbols_csv,2026-10-01,explicit vftable symbol; adjacent meta pointer=0x0077a008; class and slot extent require pointer-table/constructor analysis;xref_count=0;code_ref_sources=data_initializer_or_unresolved;xref_count=0;code_ref_sources=data_initializer_or_unresolved
STEAM_PC,0077a504,0x37a504,vftable_0077a504,UNKNOWN,,,,UNKNOWN,VERIFIED,EXPORT-STEAM-symbols_csv,2026-10-01,explicit vftable symbol; adjacent meta pointer=0x0077a500; class and slot extent require pointer-table/constructor analysis;xref_count=0;code_ref_sources=data_initializer_or_unresolved;xref_count=0;code_ref_sources=data_initializer_or_unresolved
STEAM_PC,0077a50c,0x37a50c,vftable_0077a50c,UNKNOWN,,,,UNKNOWN,VERIFIED,EXPORT-STEAM-symbols_csv,2026-10-01,explicit vftable symbol; adjacent meta pointer=0x0077a508; class and slot extent require pointer-table/constructor analysis;xref_count=0;code_ref_sources=data_initializer_or_unresolved;xref_count=0;code_ref_sources=data_initializer_or_unresolved
STEAM_PC,0077a598,0x37a598,vftable_0077a598,UNKNOWN,,,,UNKNOWN,VERIFIED,EXPORT-STEAM-symbols_csv,2026-10-01,explicit vftable symbol; adjacent meta pointer=0x0077a594; class and slot extent require pointer-table/constructor analysis;xref_count=0;code_ref_sources=data_initializer_or_unresolved;xref_count=0;code_ref_sources=data_initializer_or_unresolved
STEAM_PC,0077a5a4,0x37a5a4,CRdObjectLight_vftable,OBJ-CRDOBJECTLIGHT,19,,005F2890,RENDER_D3D9,VERIFIED,findings/boundaries/phase5_spatial_light_detach_cleanup.md;findings/boundaries/selector_object_factory.md,2026-10-04,explicit vftable symbol; adjacent meta pointer=0x0077a5a0; class and slot extent require pointer-table/constructor analysis;xref_count=0;code_ref_sources=data_initializer_or_unresolved;xref_count=0;code_ref_sources=data_initializer_or_unresolved Seq88 rawRTTI/observedtable/slot48 exact; namedavailabilitynotlivecurrenttable/deletingoccurrence. H0056constructoronly.
STEAM_PC,0077a5f4,0x37a5f4,CObjectObserve_vftable,OBJ-COBJECTOBSERVE,,005F28B0,005F28D0,OBJECT_DISPATCH,VERIFIED,selector_object_factory.md;DP_decompiled.c;xrefs.csv,2026-10-01,Direct selector-constructor vtable write; secondary writer is a candidate pending lifecycle review.
STEAM_PC,0077a6a0,0x37a6a0,CNpcRecord_vftable,OBJ-CNPCRECORD-EMBEDDED,,005F2900;005F2930,005F2910;005F29A0,OBJECT_DISPATCH,VERIFIED,selector_object_factory.md;DP_decompiled.c;xrefs.csv,2026-10-01,"Embedded at CNpcKiller +0xD28. Standalone vtable-only initializer/deleting-destructor helpers exist, but no independent manager or handle registration is directly evidenced."
STEAM_PC,0077a6ac,0x37a6ac,CNpcKiller_vftable,OBJ-CNPCKILLER,,005F2930,005F29A0,OBJECT_DISPATCH,VERIFIED,selector_object_factory.md;DP_decompiled.c;xrefs.csv,2026-10-01,Outer selector 0x08 vtable; embedded CNpcRecord at +0xD28.
STEAM_PC,0077a87c,0x37a87c,CObjectDoor_vftable,OBJ-COBJECTDOOR,,005f2a50,,OBJECT_DISPATCH,VERIFIED,EXPORT-STEAM-symbols_csv;DP_decompiled.c:318354-318380;selector factory,2026-10-01,Base constructor direct vtable write; selector 0x47; reused by specialized door constructors. Teardown and slot extent remain open.
STEAM_PC,0077a944,0x37a944,CObjectWristDoor_vftable,OBJ-COBJECTWRISTDOOR,,005F2B00,,OBJECT_DISPATCH,VERIFIED,selector_object_factory.md;DP_decompiled.c;xrefs.csv,2026-10-01,Direct selector-constructor vtable write; secondary writer is a candidate pending lifecycle review.
STEAM_PC,0077aa0c,0x37aa0c,CObjectHandDoor_vftable,OBJ-COBJECTHANDDOOR,,005F2B20,,OBJECT_DISPATCH,VERIFIED,selector_object_factory.md;DP_decompiled.c;xrefs.csv,2026-10-01,Direct selector-constructor vtable write; secondary writer is a candidate pending lifecycle review.
STEAM_PC,0077aad4,0x37aad4,CObjectBrokenDoor_vftable,OBJ-COBJECTBROKENDOOR,,005F2B40,,OBJECT_DISPATCH,VERIFIED,selector_object_factory.md;DP_decompiled.c;xrefs.csv,2026-10-01,Direct selector-constructor vtable write; secondary writer is a candidate pending lifecycle review.
STEAM_PC,0077ab9c,0x37ab9c,CObjectSlideDoor_vftable,OBJ-COBJECTSLIDEDOOR,,005F2BB0,,OBJECT_DISPATCH,VERIFIED,selector_object_factory.md;DP_decompiled.c;xrefs.csv,2026-10-01,Direct selector-constructor vtable write; secondary writer is a candidate pending lifecycle review.
STEAM_PC,0077ac64,0x37ac64,CObjectPushDoor_vftable,OBJ-COBJECTPUSHDOOR,,005F2C20,,OBJECT_DISPATCH,VERIFIED,selector_object_factory.md;DP_decompiled.c;xrefs.csv,2026-10-01,Direct selector-constructor vtable write; secondary writer is a candidate pending lifecycle review.
STEAM_PC,0077ad2c,0x37ad2c,CObjectWesternDoor_vftable,OBJ-COBJECTWESTERNDOOR,,005F2C40,005F2C60,OBJECT_DISPATCH,VERIFIED,selector_object_factory.md;DP_decompiled.c;xrefs.csv,2026-10-01,Direct selector-constructor vtable write; secondary writer is a candidate pending lifecycle review.
STEAM_PC,0077addc,0x37addc,CObjectHarryGate_vftable,OBJ-COBJECTHARRYGATE,,005F2C90,005F2CD0,OBJECT_DISPATCH,VERIFIED,selector_object_factory.md;DP_decompiled.c;xrefs.csv,2026-10-01,Direct selector-constructor vtable write; secondary writer is a candidate pending lifecycle review.
STEAM_PC,0077ae8c,0x37ae8c,CObjectIvyLock_vftable,OBJ-COBJECTIVYLOCK,,005F2D00,005F2D50,OBJECT_DISPATCH,VERIFIED,selector_object_factory.md;DP_decompiled.c;xrefs.csv,2026-10-01,Direct selector-constructor vtable write; secondary writer is a candidate pending lifecycle review.
STEAM_PC,0077af3c,0x37af3c,CObjectDonotCross_vftable,OBJ-COBJECTDONOTCROSS,,005F2D80,005F2DB0,OBJECT_DISPATCH,VERIFIED,selector_object_factory.md;DP_decompiled.c;xrefs.csv,2026-10-01,Direct selector-constructor vtable write; secondary writer is a candidate pending lifecycle review.
STEAM_PC,0077afec,0x37afec,CItem_vftable,OBJ-CITEM,,005F2DE0,005F2E00,OBJECT_DISPATCH,VERIFIED,selector_object_factory.md;DP_decompiled.c;xrefs.csv,2026-10-01,Direct selector-constructor vtable write; secondary writer is a candidate pending lifecycle review.
STEAM_PC,0077b074,0x37b074,CMissile_vftable,OBJ-CMISSILE,,005F2E30,005F2E50,OBJECT_DISPATCH,VERIFIED,selector_object_factory.md;DP_decompiled.c;xrefs.csv,2026-10-01,Direct selector-constructor vtable write; secondary writer is a candidate pending lifecycle review.
STEAM_PC,0077b0fc,0x37b0fc,CSignalcartridge_vftable,OBJ-CSIGNALCARTRIDGE,,005F2E80,,OBJECT_DISPATCH,VERIFIED,selector_object_factory.md;DP_decompiled.c;xrefs.csv,2026-10-01,Direct selector-constructor vtable write; secondary writer is a candidate pending lifecycle review.
STEAM_PC,0077b14c,0x37b14c,CCartridgecase_vftable,OBJ-CCARTRIDGECASE,,005F2EA0,005F2EC0,OBJECT_DISPATCH,VERIFIED,selector_object_factory.md;DP_decompiled.c;xrefs.csv,2026-10-01,Direct selector-constructor vtable write; secondary writer is a candidate pending lifecycle review.
STEAM_PC,0077b1d4,0x37b1d4,CLight_vftable,OBJ-CLIGHT,19,005F2EF0,005F2FC0 rawtargetonly/bodyunvisited,RENDER_D3D9,VERIFIED,findings/boundaries/phase5_spatial_light_detach_cleanup.md;findings/boundaries/selector_object_factory.md,2026-10-04,Direct selector-constructor vtable write; secondary writer is a candidate pending lifecycle review. Seq88 rawRTTI/observedtable/slot48 exact; namedavailabilitynotlivecurrenttable/deletingoccurrence. H0056constructoronly.
STEAM_PC,0077b224,0x37b224,CRiver_vftable,OBJ-CRIVER,,005F2FF0,005F3010,OBJECT_DISPATCH,VERIFIED,selector_object_factory.md;DP_decompiled.c;xrefs.csv,2026-10-01,Direct selector-constructor vtable write; secondary writer is a candidate pending lifecycle review.
STEAM_PC,0077b2ac,0x37b2ac,CLake_vftable,OBJ-CLAKE,,005F3040,005F3060,OBJECT_DISPATCH,VERIFIED,selector_object_factory.md;DP_decompiled.c;xrefs.csv,2026-10-01,Direct selector-constructor vtable write; secondary writer is a candidate pending lifecycle review.
STEAM_PC,0077b334,0x37b334,CNpcFishingThread_vftable,OBJ-CNPCFISHINGTHREAD,,005F3090,,OBJECT_DISPATCH,VERIFIED,selector_object_factory.md;DP_decompiled.c;xrefs.csv,2026-10-01,Direct selector-constructor vtable write; secondary writer is a candidate pending lifecycle review.
STEAM_PC,0077b384,0x37b384,CObjectItem_vftable,OBJ-COBJECTITEM,,005F30D0,005F4700,OBJECT_DISPATCH,VERIFIED,selector_object_factory.md;DP_decompiled.c;xrefs.csv,2026-10-01,Direct selector-constructor vtable write; secondary writer is a candidate pending lifecycle review.
STEAM_PC,0077b434,0x37b434,CObjectItemEffect_vftable,OBJ-COBJECTITEMEFFECT,,005F3210,005F3230,OBJECT_DISPATCH,VERIFIED,selector_object_factory.md;DP_decompiled.c;xrefs.csv,2026-10-01,Direct selector-constructor vtable write; secondary writer is a candidate pending lifecycle review.
STEAM_PC,0077b4e4,0x37b4e4,CObjectFreight_vftable,OBJ-COBJECTFREIGHT,,005F3260,005F3280,OBJECT_DISPATCH,VERIFIED,selector_object_factory.md;DP_decompiled.c;xrefs.csv,2026-10-01,Direct constructor/teardown vtable writes; selector 0x48. Slot extent remains open.
STEAM_PC,0077b594,0x37b594,CObjectConcreateBlockType1_vftable,OBJ-COBJECTCONCREATEBLOCKTYPE1,,005F32B0,,OBJECT_DISPATCH,VERIFIED,selector_object_factory.md;DP_decompiled.c;xrefs.csv,2026-10-01,Direct selector-constructor vtable write; secondary writer is a candidate pending lifecycle review.
STEAM_PC,0077b644,0x37b644,CObjectConcreateBlockType2_vftable,OBJ-COBJECTCONCREATEBLOCKTYPE2,,005F32D0,,OBJECT_DISPATCH,VERIFIED,selector_object_factory.md;DP_decompiled.c;xrefs.csv,2026-10-01,Direct selector-constructor vtable write; secondary writer is a candidate pending lifecycle review.
STEAM_PC,0077b6f4,0x37b6f4,CObjectLight_vftable,OBJ-COBJECTLIGHT,,005F32F0,005F3310,OBJECT_DISPATCH,VERIFIED,selector_object_factory.md;DP_decompiled.c;xrefs.csv,2026-10-01,Direct constructor/teardown vtable writes; selector 0x4B. Slot extent remains open.
STEAM_PC,0077b7a4,0x37b7a4,CObjectLever_vftable,OBJ-COBJECTLEVER,,005F3340,005F3360,OBJECT_DISPATCH,VERIFIED,selector_object_factory.md;DP_decompiled.c;xrefs.csv,2026-10-01,Direct constructor/teardown vtable writes; selector 0x4A. Slot extent remains open.
STEAM_PC,0077b854,0x37b854,CObjectWater_vftable,OBJ-COBJECTWATER,,005F3390,005F33B0,OBJECT_DISPATCH,VERIFIED,selector_object_factory.md;DP_decompiled.c;xrefs.csv,2026-10-01,Direct constructor/teardown vtable writes; selector 0x4C. Slot extent remains open.
STEAM_PC,0077b904,0x37b904,CObjectMannequin_vftable,OBJ-COBJECTMANNEQUIN,,005F33E0,005F3400,OBJECT_DISPATCH,VERIFIED,selector_object_factory.md;DP_decompiled.c;xrefs.csv,2026-10-01,Direct selector-constructor vtable write; secondary writer is a candidate pending lifecycle review.
STEAM_PC,0077b9b4,0x37b9b4,CObjectPadlock_vftable,OBJ-COBJECTPADLOCK,,005F3430,005F3450,OBJECT_DISPATCH,VERIFIED,selector_object_factory.md;DP_decompiled.c;xrefs.csv,2026-10-01,Direct selector-constructor vtable write; secondary writer is a candidate pending lifecycle review.
STEAM_PC,0077ba64,0x37ba64,CObjectSplinter_vftable,OBJ-COBJECTSPLINTER,,005F3480,005F34B0,OBJECT_DISPATCH,VERIFIED,selector_object_factory.md;DP_decompiled.c;xrefs.csv,2026-10-01,Direct selector-constructor vtable write; secondary writer is a candidate pending lifecycle review.
STEAM_PC,0077bb14,0x37bb14,CObjectMark_vftable,OBJ-COBJECTMARK,,005F34E0,005F3500,OBJECT_DISPATCH,VERIFIED,selector_object_factory.md;DP_decompiled.c;xrefs.csv,2026-10-01,Direct selector-constructor vtable write; secondary writer is a candidate pending lifecycle review.
STEAM_PC,0077bbc4,0x37bbc4,CObjectClock_vftable,OBJ-COBJECTCLOCK,,005F3530,005F3550,OBJECT_DISPATCH,VERIFIED,selector_object_factory.md;DP_decompiled.c;xrefs.csv,2026-10-01,Direct selector-constructor vtable write; secondary writer is a candidate pending lifecycle review.
STEAM_PC,0077bc74,0x37bc74,CObjectSignal_vftable,OBJ-COBJECTSIGNAL,,005F3580,005F35A0,OBJECT_DISPATCH,VERIFIED,selector_object_factory.md;DP_decompiled.c;xrefs.csv,2026-10-01,Direct selector-constructor vtable write; secondary writer is a candidate pending lifecycle review.
STEAM_PC,0077bd24,0x37bd24,CObjectTelegraphPole_vftable,OBJ-COBJECTTELEGRAPHPOLE,,005F35D0,005F36A0,OBJECT_DISPATCH,VERIFIED,selector_object_factory.md;DP_decompiled.c;xrefs.csv,2026-10-01,Direct selector-constructor vtable write; secondary writer is a candidate pending lifecycle review.
STEAM_PC,0077bdd4,0x37bdd4,CObjectFan_vftable,OBJ-COBJECTFAN,,005F36D0,005F36F0,OBJECT_DISPATCH,VERIFIED,selector_object_factory.md;DP_decompiled.c;xrefs.csv,2026-10-01,Direct selector-constructor vtable write; secondary writer is a candidate pending lifecycle review.
STEAM_PC,0077be84,0x37be84,CObjectPutGrass_Far_vftable,OBJ-COBJECTPUTGRASS_FAR,,005F3720,005F3740,OBJECT_DISPATCH,VERIFIED,selector_object_factory.md;DP_decompiled.c;xrefs.csv,2026-10-01,Direct selector-constructor vtable write; secondary writer is a candidate pending lifecycle review.
STEAM_PC,0077bf34,0x37bf34,CObjectPutGrass_Near_vftable,OBJ-COBJECTPUTGRASS_NEAR,,005F3770,005F3790,OBJECT_DISPATCH,VERIFIED,selector_object_factory.md;DP_decompiled.c;xrefs.csv,2026-10-01,Direct selector-constructor vtable write; secondary writer is a candidate pending lifecycle review.
STEAM_PC,0077bfe4,0x37bfe4,CObjectPutGrass_Usual_vftable,OBJ-COBJECTPUTGRASS_USUAL,,005F37C0,005F37E0,OBJECT_DISPATCH,VERIFIED,selector_object_factory.md;DP_decompiled.c;xrefs.csv,2026-10-01,Direct selector-constructor vtable write; secondary writer is a candidate pending lifecycle review.
STEAM_PC,0077c094,0x37c094,CObjectShakingGrass_vftable,OBJ-COBJECTSHAKINGGRASS,,005F3810,005F3830,OBJECT_DISPATCH,VERIFIED,selector_object_factory.md;DP_decompiled.c;xrefs.csv,2026-10-01,Direct selector-constructor vtable write; secondary writer is a candidate pending lifecycle review.
STEAM_PC,0077c144,0x37c144,CObjectMsPicture_vftable,OBJ-COBJECTMSPICTURE,,005F3860,005F3880,OBJECT_DISPATCH,VERIFIED,selector_object_factory.md;DP_decompiled.c;xrefs.csv,2026-10-01,Direct selector-constructor vtable write; secondary writer is a candidate pending lifecycle review.
STEAM_PC,0077c1f4,0x37c1f4,CObjectMsRedPicture_vftable,OBJ-COBJECTMSREDPICTURE,,005F38B0,005F38D0,OBJECT_DISPATCH,VERIFIED,selector_object_factory.md;DP_decompiled.c;xrefs.csv,2026-10-01,Direct selector-constructor vtable write; secondary writer is a candidate pending lifecycle review.
STEAM_PC,0077c2a4,0x37c2a4,CObjectBronzeStatue_vftable,OBJ-COBJECTBRONZESTATUE,,005F3900,005F3970,OBJECT_DISPATCH,VERIFIED,selector_object_factory.md;DP_decompiled.c;xrefs.csv,2026-10-01,Direct selector-constructor vtable write; secondary writer is a candidate pending lifecycle review.
STEAM_PC,0077c354,0x37c354,CObjectPushWardrobe_vftable,OBJ-COBJECTPUSHWARDROBE,,005F39A0,005F39C0,OBJECT_DISPATCH,VERIFIED,selector_object_factory.md;DP_decompiled.c;xrefs.csv,2026-10-01,Direct selector-constructor vtable write; secondary writer is a candidate pending lifecycle review.
STEAM_PC,0077c404,0x37c404,CObjectWoodenbox_vftable,OBJ-COBJECTWOODENBOX,,005F39F0,005F3A10,OBJECT_DISPATCH,VERIFIED,selector_object_factory.md;DP_decompiled.c;xrefs.csv,2026-10-01,Direct selector-constructor vtable write; secondary writer is a candidate pending lifecycle review.
STEAM_PC,0077c4b4,0x37c4b4,CObjectBrianStoneConstruction_vftable,OBJ-COBJECTBRIANSTONECONSTRUCTION,,005F3A40,005F3A60,OBJECT_DISPATCH,VERIFIED,selector_object_factory.md;DP_decompiled.c;xrefs.csv,2026-10-01,Direct selector-constructor vtable write; secondary writer is a candidate pending lifecycle review.
STEAM_PC,0077c564,0x37c564,CObjectMuDeadTree_vftable,OBJ-COBJECTMUDEADTREE,,005F3A90,005F3AB0,OBJECT_DISPATCH,VERIFIED,selector_object_factory.md;DP_decompiled.c;xrefs.csv,2026-10-01,Direct selector-constructor vtable write; secondary writer is a candidate pending lifecycle review.
STEAM_PC,0077c614,0x37c614,CObjectToruso_vftable,OBJ-COBJECTTORUSO,,005F3AE0,005F3B00,OBJECT_DISPATCH,VERIFIED,selector_object_factory.md;DP_decompiled.c;xrefs.csv,2026-10-01,Direct selector-constructor vtable write; secondary writer is a candidate pending lifecycle review.
STEAM_PC,0077c6c4,0x37c6c4,CObjectChest_vftable,OBJ-COBJECTCHEST,,005F3B30,005F3B50,OBJECT_DISPATCH,VERIFIED,selector_object_factory.md;DP_decompiled.c;xrefs.csv,2026-10-01,Direct selector-constructor vtable write; secondary writer is a candidate pending lifecycle review.
STEAM_PC,0077c774,0x37c774,CObjectValve_vftable,OBJ-COBJECTVALVE,,005F3B80,,OBJECT_DISPATCH,VERIFIED,selector_object_factory.md;DP_decompiled.c;xrefs.csv,2026-10-01,Direct selector-constructor vtable write; secondary writer is a candidate pending lifecycle review.
STEAM_PC,0077c824,0x37c824,CObjectWinebox_vftable,OBJ-COBJECTWINEBOX,,005F3BA0,005F3BC0,OBJECT_DISPATCH,VERIFIED,selector_object_factory.md;DP_decompiled.c;xrefs.csv,2026-10-01,Direct selector-constructor vtable write; secondary writer is a candidate pending lifecycle review.
STEAM_PC,0077c8d4,0x37c8d4,CObjectTelescope_vftable,OBJ-COBJECTTELESCOPE,,005F3BF0,005F3C10,OBJECT_DISPATCH,VERIFIED,selector_object_factory.md;DP_decompiled.c;xrefs.csv,2026-10-01,Direct selector-constructor vtable write; secondary writer is a candidate pending lifecycle review.
STEAM_PC,0077c984,0x37c984,CObjectParkingMob_vftable,OBJ-COBJECTPARKINGMOB,,005F3C40,005F3C60,OBJECT_DISPATCH,VERIFIED,selector_object_factory.md;DP_decompiled.c;xrefs.csv,2026-10-01,Direct selector-constructor vtable write; secondary writer is a candidate pending lifecycle review.
STEAM_PC,0077ca34,0x37ca34,CObjectNoNameFlawer_vftable,OBJ-COBJECTNONAMEFLAWER,,005F3C90,005F3CB0,OBJECT_DISPATCH,VERIFIED,selector_object_factory.md;DP_decompiled.c;xrefs.csv,2026-10-01,Direct selector-constructor vtable write; secondary writer is a candidate pending lifecycle review.
STEAM_PC,0077cae4,0x37cae4,CObjectFieldPhysics_Type1_vftable,OBJ-COBJECTFIELDPHYSICS_TYPE1,,005F3CE0,005F3D00,OBJECT_DISPATCH,VERIFIED,selector_object_factory.md;DP_decompiled.c;xrefs.csv,2026-10-01,Direct selector-constructor vtable write; secondary writer is a candidate pending lifecycle review.
STEAM_PC,0077cb94,0x37cb94,CObjectFieldPhysics_Type2_vftable,OBJ-COBJECTFIELDPHYSICS_TYPE2,,005F3D30,005F3D50,OBJECT_DISPATCH,VERIFIED,selector_object_factory.md;DP_decompiled.c;xrefs.csv,2026-10-01,Direct selector-constructor vtable write; secondary writer is a candidate pending lifecycle review.
STEAM_PC,0077cc44,0x37cc44,CObjectFieldPhysics_Type3_vftable,OBJ-COBJECTFIELDPHYSICS_TYPE3,,005F3D80,005F3DC0,OBJECT_DISPATCH,VERIFIED,selector_object_factory.md;DP_decompiled.c;xrefs.csv,2026-10-01,Direct selector-constructor vtable write; secondary writer is a candidate pending lifecycle review.
STEAM_PC,0077ccf4,0x37ccf4,CObjectFieldPhysics_Drum_vftable,OBJ-COBJECTFIELDPHYSICS_DRUM,,005F3DF0,005F3E10,OBJECT_DISPATCH,VERIFIED,selector_object_factory.md;DP_decompiled.c;xrefs.csv,2026-10-01,Direct selector-constructor vtable write; secondary writer is a candidate pending lifecycle review.
STEAM_PC,0077cda4,0x37cda4,CObjectFieldPhysics_Type4_vftable,OBJ-COBJECTFIELDPHYSICS_TYPE4,,005F3E40,005F3E60,OBJECT_DISPATCH,VERIFIED,selector_object_factory.md;DP_decompiled.c;xrefs.csv,2026-10-01,Direct selector-constructor vtable write; secondary writer is a candidate pending lifecycle review.
STEAM_PC,0077ce54,0x37ce54,CObjectFieldPhysics_BasketBall_vftable,OBJ-COBJECTFIELDPHYSICS_BASKETBALL,,005F3E90,005F3EB0,OBJECT_DISPATCH,VERIFIED,selector_object_factory.md;DP_decompiled.c;xrefs.csv,2026-10-01,Direct selector-constructor vtable write; secondary writer is a candidate pending lifecycle review.
STEAM_PC,0077cf04,0x37cf04,CObjectDetails_vftable,OBJ-COBJECTDETAILS,,005F3EE0,005F3F00,OBJECT_DISPATCH,VERIFIED,selector_object_factory.md;DP_decompiled.c;xrefs.csv,2026-10-01,Direct selector-constructor vtable write; secondary writer is a candidate pending lifecycle review.
STEAM_PC,0077cfb4,0x37cfb4,CObjectCloth_vftable,OBJ-COBJECTCLOTH,,005F3F30,005F3F50,OBJECT_DISPATCH,VERIFIED,selector_object_factory.md;DP_decompiled.c;xrefs.csv,2026-10-01,Direct selector-constructor vtable write; secondary writer is a candidate pending lifecycle review.
STEAM_PC,0077d064,0x37d064,CObjectMergeTree_vftable,OBJ-COBJECTMERGETREE,,005F3F80,005F3FB0,OBJECT_DISPATCH,VERIFIED,selector_object_factory.md;DP_decompiled.c;xrefs.csv,2026-10-01,Direct selector-constructor vtable write; secondary writer is a candidate pending lifecycle review.
STEAM_PC,0077d114,0x37d114,CObjectHideBox_vftable,OBJ-COBJECTHIDEBOX,,005F3FE0,005F4000,OBJECT_DISPATCH,VERIFIED,selector_object_factory.md;DP_decompiled.c;xrefs.csv,2026-10-01,Direct selector-constructor vtable write; secondary writer is a candidate pending lifecycle review.
STEAM_PC,0077d1c4,0x37d1c4,CObjectShaft_vftable,OBJ-COBJECTSHAFT,,005F4030,005F4080,OBJECT_DISPATCH,VERIFIED,selector_object_factory.md;DP_decompiled.c;xrefs.csv,2026-10-01,Direct selector-constructor vtable write; secondary writer is a candidate pending lifecycle review.
STEAM_PC,0077d274,0x37d274,vftable_0077d274,UNKNOWN,,,,UNKNOWN,VERIFIED,EXPORT-STEAM-symbols_csv,2026-10-01,explicit vftable symbol; adjacent meta pointer=0x0077d270; class and slot extent require pointer-table/constructor analysis;xref_count=0;code_ref_sources=data_initializer_or_unresolved;xref_count=0;code_ref_sources=data_initializer_or_unresolved
STEAM_PC,0077d33c,0x37d33c,CObjectItembox_vftable,OBJ-COBJECTITEMBOX,,005F40B0,,OBJECT_DISPATCH,VERIFIED,selector_object_factory.md;DP_decompiled.c;xrefs.csv,2026-10-01,Direct selector-constructor vtable write; secondary writer is a candidate pending lifecycle review.
STEAM_PC,0077d404,0x37d404,CObjectToolbox_vftable,OBJ-COBJECTTOOLBOX,,005F4140,,OBJECT_DISPATCH,VERIFIED,selector_object_factory.md;DP_decompiled.c;xrefs.csv,2026-10-01,Direct selector-constructor vtable write; secondary writer is a candidate pending lifecycle review.
STEAM_PC,0077d4cc,0x37d4cc,CObjectSuitcase_vftable,OBJ-COBJECTSUITCASE,,005F4170,,OBJECT_DISPATCH,VERIFIED,selector_object_factory.md;DP_decompiled.c;xrefs.csv,2026-10-01,Direct selector-constructor vtable write; secondary writer is a candidate pending lifecycle review.
STEAM_PC,0077d594,0x37d594,CObjectAutoslide_vftable,OBJ-COBJECTAUTOSLIDE,,005F41A0,005F4240,OBJECT_DISPATCH,VERIFIED,selector_object_factory.md;DP_decompiled.c;xrefs.csv,2026-10-01,Direct selector-constructor vtable write; secondary writer is a candidate pending lifecycle review.
STEAM_PC,0077d644,0x37d644,CObjectMRI_vftable,OBJ-COBJECTMRI,,005F4270,005F42A0,OBJECT_DISPATCH,VERIFIED,selector_object_factory.md;DP_decompiled.c;xrefs.csv,2026-10-01,Direct selector-constructor vtable write; secondary writer is a candidate pending lifecycle review.
STEAM_PC,0077d6f4,0x37d6f4,CObjectConceal_vftable,OBJ-COBJECTCONCEAL,,005F42D0,005F42F0,OBJECT_DISPATCH,VERIFIED,selector_object_factory.md;DP_decompiled.c;xrefs.csv,2026-10-01,Direct selector-constructor vtable write; secondary writer is a candidate pending lifecycle review.
STEAM_PC,0077d7a4,0x37d7a4,CObjectGear_vftable,OBJ-COBJECTGEAR,,005F4320,005F4350,OBJECT_DISPATCH,VERIFIED,selector_object_factory.md;DP_decompiled.c;xrefs.csv,2026-10-01,Direct selector-constructor vtable write; secondary writer is a candidate pending lifecycle review.
STEAM_PC,0077d854,0x37d854,CObjectTarget_vftable,OBJ-COBJECTTARGET,,005F4380,005F43F0,OBJECT_DISPATCH,VERIFIED,selector_object_factory.md;DP_decompiled.c;xrefs.csv,2026-10-01,Direct selector-constructor vtable write; secondary writer is a candidate pending lifecycle review.
STEAM_PC,0077d904,0x37d904,CObjectPhone_vftable,OBJ-COBJECTPHONE,,005F4420,005F4440,OBJECT_DISPATCH,VERIFIED,selector_object_factory.md;DP_decompiled.c;xrefs.csv,2026-10-01,Direct selector-constructor vtable write; secondary writer is a candidate pending lifecycle review.
STEAM_PC,0077d9b4,0x37d9b4,CObjectBlood_vftable,OBJ-COBJECTBLOOD,,005F4470,005F4490,OBJECT_DISPATCH,VERIFIED,selector_object_factory.md;DP_decompiled.c;xrefs.csv,2026-10-01,Direct selector-constructor vtable write; secondary writer is a candidate pending lifecycle review.
STEAM_PC,0077da64,0x37da64,CObjectWirenet_vftable,OBJ-COBJECTWIRENET,,005F44C0,005F4500,OBJECT_DISPATCH,VERIFIED,selector_object_factory.md;DP_decompiled.c;xrefs.csv,2026-10-01,Direct selector-constructor vtable write; secondary writer is a candidate pending lifecycle review.
STEAM_PC,0077db14,0x37db14,CObjectTVScreen_vftable,OBJ-COBJECTTVSCREEN,,005F4530,005F45A0,OBJECT_DISPATCH,VERIFIED,selector_object_factory.md;DP_decompiled.c;xrefs.csv,2026-10-01,Direct selector-constructor vtable write; secondary writer is a candidate pending lifecycle review.
STEAM_PC,0077dbc4,0x37dbc4,CObjectBrokenTV_vftable,OBJ-COBJECTBROKENTV,,005F45D0,005F45F0,OBJECT_DISPATCH,VERIFIED,selector_object_factory.md;DP_decompiled.c;xrefs.csv,2026-10-01,Direct selector-constructor vtable write; secondary writer is a candidate pending lifecycle review.
STEAM_PC,0077dc74,0x37dc74,CObjectHarryMonitor_vftable,OBJ-COBJECTHARRYMONITOR,,005F4620,005F4640,OBJECT_DISPATCH,VERIFIED,selector_object_factory.md;DP_decompiled.c;xrefs.csv,2026-10-01,Direct selector-constructor vtable write; secondary writer is a candidate pending lifecycle review.
STEAM_PC,0077dd24,0x37dd24,CObjectMoniter_vftable,OBJ-COBJECTMONITER,,005F4670,005F4690,OBJECT_DISPATCH,VERIFIED,selector_object_factory.md;DP_decompiled.c;xrefs.csv,2026-10-01,Direct selector-constructor vtable write; secondary writer is a candidate pending lifecycle review.
STEAM_PC,0077ddd4,0x37ddd4,CObjectCoffee_vftable,OBJ-COBJECTCOFFEE,,005F46C0,,OBJECT_DISPATCH,VERIFIED,selector_object_factory.md;DP_decompiled.c;xrefs.csv,2026-10-01,Direct selector-constructor vtable write; secondary writer is a candidate pending lifecycle review.
STEAM_PC,0077de84,0x37de84,CObjectShutter_vftable,OBJ-COBJECTSHUTTER,,005F4730,005F4760,OBJECT_DISPATCH,VERIFIED,selector_object_factory.md;DP_decompiled.c;xrefs.csv,2026-10-01,Direct selector-constructor vtable write; secondary writer is a candidate pending lifecycle review.
STEAM_PC,0077df34,0x37df34,CObjectGarage_vftable,OBJ-COBJECTGARAGE,,005F4790,005F47B0,OBJECT_DISPATCH,VERIFIED,selector_object_factory.md;DP_decompiled.c;xrefs.csv,2026-10-01,Direct selector-constructor vtable write; secondary writer is a candidate pending lifecycle review.
STEAM_PC,0077dfe4,0x37dfe4,CObjectOldTree_vftable,OBJ-COBJECTOLDTREE,,005F47E0,005F4800,OBJECT_DISPATCH,VERIFIED,selector_object_factory.md;DP_decompiled.c;xrefs.csv,2026-10-01,Direct selector-constructor vtable write; secondary writer is a candidate pending lifecycle review.
STEAM_PC,0077e094,0x37e094,CObjectCrowsNest_vftable,OBJ-COBJECTCROWSNEST,,005F4830,005F4930,OBJECT_DISPATCH,VERIFIED,selector_object_factory.md;DP_decompiled.c;xrefs.csv,2026-10-01,Direct selector-constructor vtable write; secondary writer is a candidate pending lifecycle review.
STEAM_PC,0077e144,0x37e144,CObjectShockWave_vftable,OBJ-COBJECTSHOCKWAVE,,005F4960,005F4980,OBJECT_DISPATCH,VERIFIED,selector_object_factory.md;DP_decompiled.c;xrefs.csv,2026-10-01,Direct selector-constructor vtable write; secondary writer is a candidate pending lifecycle review.
STEAM_PC,0077e1f4,0x37e1f4,CObjectShockWaveBody_vftable,OBJ-COBJECTSHOCKWAVEBODY,,005F49B0,005F49D0,OBJECT_DISPATCH,VERIFIED,selector_object_factory.md;DP_decompiled.c;xrefs.csv,2026-10-01,Direct selector-constructor vtable write; secondary writer is a candidate pending lifecycle review.
STEAM_PC,0077e2a4,0x37e2a4,CObjectSpecies_vftable,OBJ-COBJECTSPECIES,,005F4A00,005F4A20,OBJECT_DISPATCH,VERIFIED,selector_object_factory.md;DP_decompiled.c;xrefs.csv,2026-10-01,Direct selector-constructor vtable write; secondary writer is a candidate pending lifecycle review.
STEAM_PC,0077e354,0x37e354,CObjectDarts_vftable,OBJ-COBJECTDARTS,,005F4A50,005F4AA0,OBJECT_DISPATCH,VERIFIED,selector_object_factory.md;DP_decompiled.c;xrefs.csv,2026-10-01,Direct selector-constructor vtable write; secondary writer is a candidate pending lifecycle review.
STEAM_PC,0077e404,0x37e404,CObjectDartsMachine_vftable,OBJ-COBJECTDARTSMACHINE,,005F4AD0,005F4B00,OBJECT_DISPATCH,VERIFIED,selector_object_factory.md;DP_decompiled.c;xrefs.csv,2026-10-01,Direct selector-constructor vtable write; secondary writer is a candidate pending lifecycle review.
STEAM_PC,0077e4b4,0x37e4b4,CObjectBloodstain_vftable,OBJ-COBJECTBLOODSTAIN,,005F4B30,005F4B50,OBJECT_DISPATCH,VERIFIED,selector_object_factory.md;DP_decompiled.c;xrefs.csv,2026-10-01,Direct selector-constructor vtable write; secondary writer is a candidate pending lifecycle review.
STEAM_PC,0077e564,0x37e564,CObjectWeed_vftable,OBJ-COBJECTWEED,,005F4B80,005F4BB0,OBJECT_DISPATCH,VERIFIED,selector_object_factory.md;DP_decompiled.c;xrefs.csv,2026-10-01,Direct selector-constructor vtable write; secondary writer is a candidate pending lifecycle review.
STEAM_PC,0077e614,0x37e614,CObjectFountain_vftable,OBJ-COBJECTFOUNTAIN,,005F4BE0,005F4C00,OBJECT_DISPATCH,VERIFIED,selector_object_factory.md;DP_decompiled.c;xrefs.csv,2026-10-01,Direct selector-constructor vtable write; secondary writer is a candidate pending lifecycle review.
STEAM_PC,0077e6c4,0x37e6c4,CObjectWell_vftable,OBJ-COBJECTWELL,,005F4C30,005F4CB0,OBJECT_DISPATCH,VERIFIED,selector_object_factory.md;DP_decompiled.c;xrefs.csv,2026-10-01,Direct selector-constructor vtable write; secondary writer is a candidate pending lifecycle review.
STEAM_PC,0077e774,0x37e774,CEffectFootPrint_vftable,OBJ-CEFFECTFOOTPRINT,,005F4CE0,,OBJECT_DISPATCH,VERIFIED,selector_object_factory.md;DP_decompiled.c;xrefs.csv,2026-10-01,Direct selector-constructor vtable write; secondary writer is a candidate pending lifecycle review.
STEAM_PC,0077e7c4,0x37e7c4,CEffectSonicWave_vftable,OBJ-CEFFECTSONICWAVE,,005F4D00,,OBJECT_DISPATCH,VERIFIED,selector_object_factory.md;DP_decompiled.c;xrefs.csv,2026-10-01,Direct selector-constructor vtable write; secondary writer is a candidate pending lifecycle review.
STEAM_PC,0077e814,0x37e814,CEffectTear_vftable,OBJ-CEFFECTTEAR,,005F4D20,005F4D40,OBJECT_DISPATCH,VERIFIED,selector_object_factory.md;DP_decompiled.c;xrefs.csv,2026-10-01,Direct selector-constructor vtable write; secondary writer is a candidate pending lifecycle review.
STEAM_PC,0077e89c,0x37e89c,CEffectTrail_vftable,OBJ-CEFFECTTRAIL,,005F4D70,,OBJECT_DISPATCH,VERIFIED,selector_object_factory.md;DP_decompiled.c;xrefs.csv,2026-10-01,Direct selector-constructor vtable write; secondary writer is a candidate pending lifecycle review.
STEAM_PC,0077e8ec,0x37e8ec,CEffectTireTrace_vftable,OBJ-CEFFECTTIRETRACE,,005F4D90,,OBJECT_DISPATCH,VERIFIED,selector_object_factory.md;DP_decompiled.c;xrefs.csv,2026-10-01,Direct selector-constructor vtable write; secondary writer is a candidate pending lifecycle review.
STEAM_PC,0077e944,0x37e944,CEffectRecover_vftable,OBJ-CEFFECTRECOVER,,005F4DB0,,OBJECT_DISPATCH,VERIFIED,selector_object_factory.md;DP_decompiled.c;xrefs.csv,2026-10-01,Direct selector-constructor vtable write; secondary writer is a candidate pending lifecycle review.
STEAM_PC,0077e994,0x37e994,CEffectBloodMark_vftable,OBJ-CEFFECTBLOODMARK,,005F4DE0,,OBJECT_DISPATCH,VERIFIED,selector_object_factory.md;DP_decompiled.c;xrefs.csv,2026-10-01,Direct selector-constructor vtable write; secondary writer is a candidate pending lifecycle review.
STEAM_PC,0077e9e4,0x37e9e4,CThrowLure_vftable,OBJ-CTHROWLURE,,005f4e00,005f4e20,FISHING,VERIFIED,EXPORT-STEAM-symbols_csv;DP_decompiled.c:321614-321636;selector factory,2026-10-01,Constructor/teardown direct vtable writes; selector 0x44. Slot extent remains open. Raw vtable bytes establish slot +0x04 as scale initialization and slot +0x30 as active_object_mark_for_retirement (006BAB20 Steam / 006BAA70 GOG).
STEAM_PC,0077ea6c,0x37ea6c,CObjectCPhysicsChain_vftable,OBJ-COBJECTCPHYSICSCHAIN,,005f4f20,005f4fd0,EFFECTS,VERIFIED,EXPORT-STEAM-symbols_csv;DP_decompiled.c:321695-321739;selector factory,2026-10-01,Constructor/teardown direct outer-vtable writes; selector 0x42; embedded CSoundLoop at +0x434. Slot extent remains open.
STEAM_PC,0077eafc,0x37eafc,CObjectCHookChain_vftable,OBJ-COBJECTCHOOKCHAIN,,005f5000,005f5100,EFFECTS,VERIFIED,EXPORT-STEAM-symbols_csv;DP_decompiled.c:321747-321802;selector factory,2026-10-01,Constructor/teardown direct outer-vtable writes; selector 0x40; embedded CSoundLoop at +0x434. Slot extent remains open.
STEAM_PC,0077eb8c,0x37eb8c,CObjectCTackleChain_vftable,OBJ-COBJECTCTACKLECHAIN,,005f5130,005f5270,EFFECTS,VERIFIED,EXPORT-STEAM-symbols_csv;DP_decompiled.c:321809-321855;selector factory,2026-10-01,Constructor/teardown direct outer-vtable writes; selector 0x41; embedded CSoundLoop at +0x434. Slot extent remains open.
STEAM_PC,0077ec1c,0x37ec1c,CSignOutMessage_vftable,OBJ-CSIGNOUTMESSAGE,,005f53d0,,NATIVE_UI,VERIFIED,EXPORT-STEAM-symbols_csv;DP_decompiled.c:321932-321938;selector factory,2026-10-01,Constructor direct vtable write; selector 0x3C; paired GOG vtable 0077EC0C. Lifecycle and slot extent remain open.
STEAM_PC,0077ec6c,0x37ec6c,CObjectDogHead_vftable,OBJ-COBJECTDOGHEAD,,005F53F0,,OBJECT_DISPATCH,VERIFIED,selector_object_factory.md;DP_decompiled.c;xrefs.csv,2026-10-01,Direct selector-constructor vtable write; secondary writer is a candidate pending lifecycle review.
STEAM_PC,0077ed1c,0x37ed1c,CObjectEmCloth_vftable,OBJ-COBJECTEMCLOTH,,005F5410,,OBJECT_DISPATCH,VERIFIED,selector_object_factory.md;DP_decompiled.c;xrefs.csv,2026-10-01,Direct selector-constructor vtable write; secondary writer is a candidate pending lifecycle review.
STEAM_PC,0077edcc,0x37edcc,CObjectChain_vftable,OBJ-COBJECTCHAIN,,005F5430,,OBJECT_DISPATCH,VERIFIED,selector_object_factory.md;DP_decompiled.c;xrefs.csv,2026-10-01,Direct selector-constructor vtable write; secondary writer is a candidate pending lifecycle review.
STEAM_PC,0077ee7c,0x37ee7c,CObjectPotato_vftable,OBJ-COBJECTPOTATO,,005F5450,,OBJECT_DISPATCH,VERIFIED,selector_object_factory.md;DP_decompiled.c;xrefs.csv,2026-10-01,Direct selector-constructor vtable write; secondary writer is a candidate pending lifecycle review.
STEAM_PC,0077ef2c,0x37ef2c,CObjectGlass_vftable,OBJ-COBJECTGLASS,,005F5470,,OBJECT_DISPATCH,VERIFIED,selector_object_factory.md;DP_decompiled.c;xrefs.csv,2026-10-01,Direct selector-constructor vtable write; secondary writer is a candidate pending lifecycle review.
STEAM_PC,0077efdc,0x37efdc,CObjectRedStandLamp_vftable,OBJ-COBJECTREDSTANDLAMP,,005F5490,,OBJECT_DISPATCH,VERIFIED,selector_object_factory.md;DP_decompiled.c;xrefs.csv,2026-10-01,Direct selector-constructor vtable write; secondary writer is a candidate pending lifecycle review.
STEAM_PC,0077f08c,0x37f08c,CObjectFallHand_vftable,OBJ-COBJECTFALLHAND,,005F54B0,,OBJECT_DISPATCH,VERIFIED,selector_object_factory.md;DP_decompiled.c;xrefs.csv,2026-10-01,Direct selector-constructor vtable write; secondary writer is a candidate pending lifecycle review.
STEAM_PC,0077f13c,0x37f13c,CObjectManTarget_vftable,OBJ-COBJECTMANTARGET,,005F54D0,,OBJECT_DISPATCH,VERIFIED,selector_object_factory.md;DP_decompiled.c;xrefs.csv,2026-10-01,Direct selector-constructor vtable write; secondary writer is a candidate pending lifecycle review.
STEAM_PC,0077f1ec,0x37f1ec,CObjectDestructGate_vftable,OBJ-COBJECTDESTRUCTGATE,,005F54F0,,OBJECT_DISPATCH,VERIFIED,selector_object_factory.md;DP_decompiled.c;xrefs.csv,2026-10-01,Direct selector-constructor vtable write; secondary writer is a candidate pending lifecycle review.
STEAM_PC,0077f29c,0x37f29c,CObjectMaterialOnFloor_vftable,OBJ-COBJECTMATERIALONFLOOR,,005F5510,,OBJECT_DISPATCH,VERIFIED,selector_object_factory.md;DP_decompiled.c;xrefs.csv,2026-10-01,Direct selector-constructor vtable write; secondary writer is a candidate pending lifecycle review.
STEAM_PC,0077f348,0x37f348,vftable_0077f348,UNKNOWN,,,,UNKNOWN,VERIFIED,EXPORT-STEAM-symbols_csv,2026-10-01,explicit vftable symbol; adjacent meta pointer=0x0077f344; class and slot extent require pointer-table/constructor analysis;xref_count=0;code_ref_sources=data_initializer_or_unresolved;xref_count=0;code_ref_sources=data_initializer_or_unresolved
STEAM_PC,0077f354,0x37f354,CEffectRipple_vftable,OBJ-CEFFECTRIPPLE,,005F5550,,OBJECT_DISPATCH,VERIFIED,selector_object_factory.md;DP_decompiled.c;xrefs.csv,2026-10-01,Direct selector-constructor vtable write; secondary writer is a candidate pending lifecycle review.
STEAM_PC,0077f3a4,0x37f3a4,CObjectShelf_vftable,OBJ-COBJECTSHELF,,005F5570,005F5590,OBJECT_DISPATCH,VERIFIED,selector_object_factory.md;DP_decompiled.c;xrefs.csv,2026-10-01,Direct constructor/teardown vtable writes; selector 0x49. Slot extent remains open.
STEAM_PC,0077f454,0x37f454,CObjectTreeshaphand_vftable,OBJ-COBJECTTREESHAPHAND,,005F55C0,005F55E0,OBJECT_DISPATCH,VERIFIED,selector_object_factory.md;DP_decompiled.c;xrefs.csv,2026-10-01,Direct constructor/teardown vtable writes; selector 0x4D. Slot extent remains open.
STEAM_PC,0077f504,0x37f504,CObjectTreeshaphand_Museam_vftable,OBJ-COBJECTTREESHAPHAND_MUSEAM,,005F5610,005F5630,OBJECT_DISPATCH,VERIFIED,selector_object_factory.md;DP_decompiled.c;xrefs.csv,2026-10-01,Direct constructor/teardown vtable writes; selector 0x4E. Slot extent remains open.
STEAM_PC,0077f5b4,0x37f5b4,CEffectHaze_active_object_interface,OBJ-CEFFECTHAZE,19 observedconsecutive executablepointers,005F5660 reused,005F57A0 observedslot0; no newdestructor analysis,EFFECTS,VERIFIED,findings/boundaries/effects_organizing_roots_and_use.md,2026-10-03,Rawnamedtype/selectedextent; notallslots/algorithms/deletinginvocation understood.
STEAM_PC,0077f6fc,0x37f6fc,CCar_own_deleting_interface,CCAR-STATIC,1 observed executable pointer,PE vptr;raw0076B770,005F5D80,VEHICLE,VERIFIED,findings/boundaries/vehicle_organizing_root.md,2026-10-03,"Exact raw RTTI; finalizer/deleting vptr rewrite, embedded-member cleanup; actual static free UNKNOWN."
STEAM_PC,0077f7c0,0x37f7c0,vftable_0077f7c0,UNKNOWN,,,,UNKNOWN,VERIFIED,EXPORT-STEAM-symbols_csv,2026-10-01,explicit vftable symbol; adjacent meta pointer=0x0077f7bc; class and slot extent require pointer-table/constructor analysis;xref_count=0;code_ref_sources=data_initializer_or_unresolved;xref_count=0;code_ref_sources=data_initializer_or_unresolved
STEAM_PC,0077f854,0x37f854,vftable_0077f854,UNKNOWN,,,,UNKNOWN,VERIFIED,EXPORT-STEAM-symbols_csv,2026-10-01,explicit vftable symbol; adjacent meta pointer=0x0077f850; class and slot extent require pointer-table/constructor analysis;xref_count=0;code_ref_sources=data_initializer_or_unresolved;xref_count=0;code_ref_sources=data_initializer_or_unresolved
STEAM_PC,0077f8a4,0x37f8a4,vftable_0077f8a4,UNKNOWN,,,,UNKNOWN,VERIFIED,EXPORT-STEAM-symbols_csv,2026-10-01,explicit vftable symbol; adjacent meta pointer=0x0077f8a0; class and slot extent require pointer-table/constructor analysis;xref_count=0;code_ref_sources=data_initializer_or_unresolved;xref_count=0;code_ref_sources=data_initializer_or_unresolved
STEAM_PC,0077f9e0,0x37f9e0,vftable_0077f9e0,UNKNOWN,,,,UNKNOWN,VERIFIED,EXPORT-STEAM-symbols_csv,2026-10-01,explicit vftable symbol; adjacent meta pointer=0x0077f9dc; class and slot extent require pointer-table/constructor analysis;xref_count=0;code_ref_sources=data_initializer_or_unresolved;xref_count=0;code_ref_sources=data_initializer_or_unresolved
STEAM_PC,0077fbc4,0x37fbc4,vftable_0077fbc4,UNKNOWN,,,,UNKNOWN,VERIFIED,EXPORT-STEAM-symbols_csv,2026-10-01,explicit vftable symbol; adjacent meta pointer=0x0077fbc0; class and slot extent require pointer-table/constructor analysis;xref_count=0;code_ref_sources=data_initializer_or_unresolved;xref_count=0;code_ref_sources=data_initializer_or_unresolved
STEAM_PC,00780214,0x380214,vftable_00780214,UNKNOWN,,,,UNKNOWN,VERIFIED,EXPORT-STEAM-symbols_csv,2026-10-01,explicit vftable symbol; adjacent meta pointer=0x00780210; class and slot extent require pointer-table/constructor analysis;xref_count=0;code_ref_sources=data_initializer_or_unresolved;xref_count=0;code_ref_sources=data_initializer_or_unresolved
STEAM_PC,0078021c,0x38021c,vftable_0078021c,UNKNOWN,,,,UNKNOWN,VERIFIED,EXPORT-STEAM-symbols_csv,2026-10-01,explicit vftable symbol; adjacent meta pointer=0x00780218; class and slot extent require pointer-table/constructor analysis;xref_count=0;code_ref_sources=data_initializer_or_unresolved;xref_count=0;code_ref_sources=data_initializer_or_unresolved
STEAM_PC,00780224,0x380224,CLayoutMng_own_interface,FISHING-CLAYOUTMNG,1 observedconsecutive executablepointers,0060F110,0061A1C0,FISHING,VERIFIED,findings/boundaries/fishing_primary_owner_update.md,2026-10-03,Rawexacttype/selectedslotmechanics; notallslots/gameplay/deletinginvocation understood.00780354 notCFishingPersonvtable.
STEAM_PC,0078022c,0x38022c,vftable_0078022c,UNKNOWN,,,,UNKNOWN,VERIFIED,EXPORT-STEAM-symbols_csv,2026-10-01,explicit vftable symbol; adjacent meta pointer=0x00780228; class and slot extent require pointer-table/constructor analysis;xref_count=0;code_ref_sources=data_initializer_or_unresolved;xref_count=0;code_ref_sources=data_initializer_or_unresolved
STEAM_PC,00780234,0x380234,CFishing_vftable,OBJ-CFISHING,,0060eed0,0060d630,FISHING,VERIFIED,EXPORT-STEAM-symbols_csv;DP_decompiled.c:333869-333890;335086-335125;selector factory,2026-10-01,Constructor/destructor direct vtable writes; selector 0x38; paired GOG vtable 00780224. Slot extent and fishing lifecycle remain open.
STEAM_PC,00780284,0x380284,CFishingLine_own_interface,FISHING-CFISHINGLINE,1 observedconsecutive executablepointers,00612F00,0061A220,FISHING,VERIFIED,findings/boundaries/fishing_primary_owner_update.md,2026-10-03,Rawexacttype/selectedslotmechanics; notallslots/gameplay/deletinginvocation understood.00780354 notCFishingPersonvtable.
STEAM_PC,007802a4,0x3802a4,CFishingPerson_own_interface,OBJ-CFISHINGPERSON,34 observedconsecutive executablepointers,00613960,0061A710 observedownslot0; implementationnotnewlyanalyzed,FISHING,VERIFIED,findings/boundaries/fishing_primary_owner_update.md,2026-10-03,Rawexacttype/selectedslotmechanics; notallslots/gameplay/deletinginvocation understood.00780354 notCFishingPersonvtable.
STEAM_PC,00780384,0x380384,vftable_00780384,UNKNOWN,,,,UNKNOWN,VERIFIED,EXPORT-STEAM-symbols_csv,2026-10-01,explicit vftable symbol; adjacent meta pointer=0x00780380; class and slot extent require pointer-table/constructor analysis;xref_count=0;code_ref_sources=data_initializer_or_unresolved;xref_count=0;code_ref_sources=data_initializer_or_unresolved
STEAM_PC,0078058c,0x38058c,vftable_0078058c,UNKNOWN,,,,UNKNOWN,VERIFIED,EXPORT-STEAM-symbols_csv,2026-10-01,explicit vftable symbol; adjacent meta pointer=0x00780588; class and slot extent require pointer-table/constructor analysis;xref_count=0;code_ref_sources=data_initializer_or_unresolved;xref_count=0;code_ref_sources=data_initializer_or_unresolved
STEAM_PC,0078068c,0x38068c,CMonolog_vftable,OBJ-CMONOLOG,,0061e280,,NATIVE_UI,VERIFIED,EXPORT-STEAM-symbols_csv;DP_decompiled.c:342976-342990;selector factory,2026-10-01,Constructor direct vtable write; selector 0x3D; paired GOG vtable 0078067C. Lifecycle and slot extent remain open.
STEAM_PC,007807ac,0x3807ac,COption_vftable,OBJ-COPTION,,00620050,,NATIVE_UI,VERIFIED,EXPORT-STEAM-symbols_csv;DP_decompiled.c:344513-344542;selector factory,2026-10-01,Constructor direct vtable write; selector 0x39; paired GOG vtable 0078079C. Destructor and slot extent remain open.
STEAM_PC,00780ae0,0x380ae0,vftable_00780ae0,UNKNOWN,,,,UNKNOWN,VERIFIED,EXPORT-STEAM-symbols_csv,2026-10-01,explicit vftable symbol; adjacent meta pointer=0x00780adc; class and slot extent require pointer-table/constructor analysis;xref_count=0;code_ref_sources=data_initializer_or_unresolved;xref_count=0;code_ref_sources=data_initializer_or_unresolved
STEAM_PC,00780ba8,0x380ba8,vftable_00780ba8,UNKNOWN,,,,UNKNOWN,VERIFIED,EXPORT-STEAM-symbols_csv,2026-10-01,explicit vftable symbol; adjacent meta pointer=0x00780ba4; class and slot extent require pointer-table/constructor analysis;xref_count=0;code_ref_sources=data_initializer_or_unresolved;xref_count=0;code_ref_sources=data_initializer_or_unresolved
STEAM_PC,00780c94,0x380c94,CPassword_vftable,OBJ-CPASSWORD,,0062bbb0,,NATIVE_UI,VERIFIED,EXPORT-STEAM-symbols_csv;DP_decompiled.c:351189-351200;selector factory,2026-10-01,Constructor direct vtable write; selector 0x36; paired GOG vtable 00780C84. Slot extent and lifecycle remain open.
STEAM_PC,00780ce4,0x380ce4,CChess_vftable,OBJ-CCHESS,,0062bc10,,NATIVE_UI,VERIFIED,EXPORT-STEAM-symbols_csv;DP_decompiled.c:351208-351215;selector factory,2026-10-01,Constructor direct vtable write; selector 0x37; paired GOG vtable 00780CD4. Slot extent and lifecycle remain open.
STEAM_PC,00780d38,0x380d38,vftable_00780d38,UNKNOWN,,,,UNKNOWN,VERIFIED,EXPORT-STEAM-symbols_csv,2026-10-01,explicit vftable symbol; adjacent meta pointer=0x00780d34; class and slot extent require pointer-table/constructor analysis;xref_count=0;code_ref_sources=data_initializer_or_unresolved;xref_count=0;code_ref_sources=data_initializer_or_unresolved
STEAM_PC,00780fb4,0x380fb4,vftable_00780fb4,UNKNOWN,,,,UNKNOWN,VERIFIED,EXPORT-STEAM-symbols_csv,2026-10-01,explicit vftable symbol; adjacent meta pointer=0x00780fb0; class and slot extent require pointer-table/constructor analysis;xref_count=0;code_ref_sources=data_initializer_or_unresolved;xref_count=0;code_ref_sources=data_initializer_or_unresolved
STEAM_PC,00780FBC,0x380fbc,CShop_vftable,OBJ-CSHOP,19,0062e0e0,0062E1B0;00634830,NATIVE_UI,VERIFIED,findings/boundaries/cshop_callback_retirement.md,2026-10-02,Observed 19 function slots; +0x0C emits event 1 to concrete stored CShop callback 006347B0; +0x30 class-discriminated handler retirement; slot 0 00634830 deletes. Live selection and remaining slots unresolved.
STEAM_PC,0078100c,0x38100c,CHelp_vftable,OBJ-CHELP,,0062e250,0062e2d0,NATIVE_UI,VERIFIED,EXPORT-STEAM-symbols_csv;DP_decompiled.c:353089-353110;selector factory,2026-10-01,Constructor direct vtable write; paired destructor begins at 0062E2D0; selector 0x35; paired GOG vtable 00780FFC. Slot extent and lifecycle remain open.
STEAM_PC,0078109c,0x38109c,vftable_0078109c,UNKNOWN,,,,UNKNOWN,VERIFIED,EXPORT-STEAM-symbols_csv,2026-10-01,explicit vftable symbol; adjacent meta pointer=0x00781098; class and slot extent require pointer-table/constructor analysis;xref_count=0;code_ref_sources=data_initializer_or_unresolved;xref_count=0;code_ref_sources=data_initializer_or_unresolved
STEAM_PC,007810bc,0x3810bc,vftable_007810bc,UNKNOWN,,,,UNKNOWN,VERIFIED,EXPORT-STEAM-symbols_csv,2026-10-01,explicit vftable symbol; adjacent meta pointer=0x007810b8; class and slot extent require pointer-table/constructor analysis;xref_count=0;code_ref_sources=data_initializer_or_unresolved;xref_count=0;code_ref_sources=data_initializer_or_unresolved
STEAM_PC,0078110c,0x38110c,vftable_0078110c,UNKNOWN,,,,UNKNOWN,VERIFIED,EXPORT-STEAM-symbols_csv,2026-10-01,explicit vftable symbol; adjacent meta pointer=0x00781108; class and slot extent require pointer-table/constructor analysis;xref_count=0;code_ref_sources=data_initializer_or_unresolved;xref_count=0;code_ref_sources=data_initializer_or_unresolved
STEAM_PC,00781300,0x381300,vftable_00781300,UNKNOWN,,,,UNKNOWN,VERIFIED,EXPORT-STEAM-symbols_csv,2026-10-01,explicit vftable symbol; adjacent meta pointer=0x007812fc; class and slot extent require pointer-table/constructor analysis;xref_count=0;code_ref_sources=data_initializer_or_unresolved;xref_count=0;code_ref_sources=data_initializer_or_unresolved
STEAM_PC,0078134c,0x38134c,vftable_0078134c,UNKNOWN,,,,UNKNOWN,VERIFIED,EXPORT-STEAM-symbols_csv,2026-10-01,explicit vftable symbol; adjacent meta pointer=0x00781348; class and slot extent require pointer-table/constructor analysis;xref_count=0;code_ref_sources=data_initializer_or_unresolved;xref_count=0;code_ref_sources=data_initializer_or_unresolved
STEAM_PC,0078145c,0x38145c,vftable_0078145c,UNKNOWN,,,,UNKNOWN,VERIFIED,EXPORT-STEAM-symbols_csv,2026-10-01,explicit vftable symbol; adjacent meta pointer=0x00781458; class and slot extent require pointer-table/constructor analysis;xref_count=0;code_ref_sources=data_initializer_or_unresolved;xref_count=0;code_ref_sources=data_initializer_or_unresolved
STEAM_PC,0078163c,0x38163c,vftable_0078163c,UNKNOWN,,,,UNKNOWN,VERIFIED,EXPORT-STEAM-symbols_csv,2026-10-01,explicit vftable symbol; adjacent meta pointer=0x00781638; class and slot extent require pointer-table/constructor analysis;xref_count=0;code_ref_sources=data_initializer_or_unresolved;xref_count=0;code_ref_sources=data_initializer_or_unresolved
STEAM_PC,0078165c,0x38165c,vftable_0078165c,UNKNOWN,,,,UNKNOWN,VERIFIED,EXPORT-STEAM-symbols_csv,2026-10-01,explicit vftable symbol; adjacent meta pointer=0x00781658; class and slot extent require pointer-table/constructor analysis;xref_count=0;code_ref_sources=data_initializer_or_unresolved;xref_count=0;code_ref_sources=data_initializer_or_unresolved
STEAM_PC,007818f4,0x3818f4,CMenu_own_vftable,CMenu,1,006546E0,00654A60->006548C0,NATIVE_UI,VERIFIED,findings/boundaries/cmenu_organizing_task_use.md,2026-10-03,RawRTTI; ownslotdeletingimplementation notactualstaticfree.
STEAM_PC,00781f74,0x381f74,CEffectFieldLeaf_vftable,OBJ-CEFFECTFIELDLEAF,,006654E0,,OBJECT_DISPATCH,VERIFIED,selector_object_factory.md;DP_decompiled.c;xrefs.csv,2026-10-01,Direct selector-constructor vtable write; secondary writer is a candidate pending lifecycle review.
STEAM_PC,00781fc4,0x381fc4,vftable_00781fc4,UNKNOWN,,,,UNKNOWN,VERIFIED,EXPORT-STEAM-symbols_csv,2026-10-01,explicit vftable symbol; adjacent meta pointer=0x00781fc0; class and slot extent require pointer-table/constructor analysis;xref_count=0;code_ref_sources=data_initializer_or_unresolved;xref_count=0;code_ref_sources=data_initializer_or_unresolved
STEAM_PC,00782124,0x382124,CEffectRain_active_object_interface,OBJ-CEFFECTRAIN,19,006697C0 reused,0066C110 available,EFFECTS,VERIFIED,findings/boundaries/phase5_weather_retainer_grid_retirement.md,2026-10-04,Rawnamedtype/selectedextent; notallslots/algorithms/deletinginvocation understood. Seq94 rawRTTI/namedselectedinterface; currentreceivergeneration/table/invocation unknown. Consecutivecodepointerextent diagnostic only.
STEAM_PC,00782454,0x382454,vftable_00782454,UNKNOWN,,,,UNKNOWN,VERIFIED,EXPORT-STEAM-symbols_csv,2026-10-01,explicit vftable symbol; adjacent meta pointer=0x00782450; class and slot extent require pointer-table/constructor analysis;xref_count=0;code_ref_sources=data_initializer_or_unresolved;xref_count=0;code_ref_sources=data_initializer_or_unresolved
STEAM_PC,0078248c,0x38248c,vftable_0078248c,UNKNOWN,,,,UNKNOWN,VERIFIED,EXPORT-STEAM-symbols_csv,2026-10-01,explicit vftable symbol; adjacent meta pointer=0x00782488; class and slot extent require pointer-table/constructor analysis;xref_count=0;code_ref_sources=data_initializer_or_unresolved;xref_count=0;code_ref_sources=data_initializer_or_unresolved
STEAM_PC,00782754,0x382754,vftable_00782754,UNKNOWN,,,,UNKNOWN,VERIFIED,EXPORT-STEAM-symbols_csv,2026-10-01,explicit vftable symbol; adjacent meta pointer=0x00782750; class and slot extent require pointer-table/constructor analysis;xref_count=0;code_ref_sources=data_initializer_or_unresolved;xref_count=0;code_ref_sources=data_initializer_or_unresolved
STEAM_PC,007827b4,0x3827b4,vftable_007827b4,UNKNOWN,,,,UNKNOWN,VERIFIED,EXPORT-STEAM-symbols_csv,2026-10-01,explicit vftable symbol; adjacent meta pointer=0x007827b0; class and slot extent require pointer-table/constructor analysis;xref_count=0;code_ref_sources=data_initializer_or_unresolved;xref_count=0;code_ref_sources=data_initializer_or_unresolved
STEAM_PC,00782818,0x382818,vftable_00782818,UNKNOWN,,,,UNKNOWN,VERIFIED,EXPORT-STEAM-symbols_csv,2026-10-01,explicit vftable symbol; adjacent meta pointer=0x00782814; class and slot extent require pointer-table/constructor analysis;xref_count=0;code_ref_sources=data_initializer_or_unresolved;xref_count=0;code_ref_sources=data_initializer_or_unresolved
STEAM_PC,00782820,0x382820,vftable_00782820,UNKNOWN,,,,UNKNOWN,VERIFIED,EXPORT-STEAM-symbols_csv,2026-10-01,explicit vftable symbol; adjacent meta pointer=0x0078281c; class and slot extent require pointer-table/constructor analysis;xref_count=0;code_ref_sources=data_initializer_or_unresolved;xref_count=0;code_ref_sources=data_initializer_or_unresolved
STEAM_PC,00782828,0x382828,vftable_00782828,UNKNOWN,,,,UNKNOWN,VERIFIED,EXPORT-STEAM-symbols_csv,2026-10-01,explicit vftable symbol; adjacent meta pointer=0x00782824; class and slot extent require pointer-table/constructor analysis;xref_count=0;code_ref_sources=data_initializer_or_unresolved;xref_count=0;code_ref_sources=data_initializer_or_unresolved
STEAM_PC,00782834,0x382834,vftable_00782834,UNKNOWN,,,,UNKNOWN,VERIFIED,EXPORT-STEAM-symbols_csv,2026-10-01,explicit vftable symbol; adjacent meta pointer=0x00782830; class and slot extent require pointer-table/constructor analysis;xref_count=0;code_ref_sources=data_initializer_or_unresolved;xref_count=0;code_ref_sources=data_initializer_or_unresolved
STEAM_PC,00782968,0x382968,vftable_00782968,UNKNOWN,,,,UNKNOWN,VERIFIED,EXPORT-STEAM-symbols_csv,2026-10-01,explicit vftable symbol; adjacent meta pointer=0x00782964; class and slot extent require pointer-table/constructor analysis;xref_count=0;code_ref_sources=data_initializer_or_unresolved;xref_count=0;code_ref_sources=data_initializer_or_unresolved
STEAM_PC,00782974,0x382974,vftable_00782974,UNKNOWN,,,,UNKNOWN,VERIFIED,EXPORT-STEAM-symbols_csv,2026-10-01,explicit vftable symbol; adjacent meta pointer=0x00782970; class and slot extent require pointer-table/constructor analysis;xref_count=0;code_ref_sources=data_initializer_or_unresolved;xref_count=0;code_ref_sources=data_initializer_or_unresolved
STEAM_PC,00782ab4,0x382ab4,vftable_00782ab4,UNKNOWN,,,,UNKNOWN,VERIFIED,EXPORT-STEAM-symbols_csv,2026-10-01,explicit vftable symbol; adjacent meta pointer=0x00782ab0; class and slot extent require pointer-table/constructor analysis;xref_count=0;code_ref_sources=data_initializer_or_unresolved;xref_count=0;code_ref_sources=data_initializer_or_unresolved
STEAM_PC,00782abc,0x382abc,vftable_00782abc,UNKNOWN,,,,UNKNOWN,VERIFIED,EXPORT-STEAM-symbols_csv,2026-10-01,explicit vftable symbol; adjacent meta pointer=0x00782ab8; class and slot extent require pointer-table/constructor analysis;xref_count=0;code_ref_sources=data_initializer_or_unresolved;xref_count=0;code_ref_sources=data_initializer_or_unresolved
STEAM_PC,0078308c,0x38308c,vftable_0078308c,UNKNOWN,,,,UNKNOWN,VERIFIED,EXPORT-STEAM-symbols_csv,2026-10-01,explicit vftable symbol; adjacent meta pointer=0x00783088; class and slot extent require pointer-table/constructor analysis;xref_count=0;code_ref_sources=data_initializer_or_unresolved;xref_count=0;code_ref_sources=data_initializer_or_unresolved
STEAM_PC,00783094,0x383094,vftable_00783094,UNKNOWN,,,,UNKNOWN,VERIFIED,EXPORT-STEAM-symbols_csv,2026-10-01,explicit vftable symbol; adjacent meta pointer=0x00783090; class and slot extent require pointer-table/constructor analysis;xref_count=0;code_ref_sources=data_initializer_or_unresolved;xref_count=0;code_ref_sources=data_initializer_or_unresolved
STEAM_PC,0078313c,0x38313c,vftable_0078313c,UNKNOWN,,,,UNKNOWN,VERIFIED,EXPORT-STEAM-symbols_csv,2026-10-01,explicit vftable symbol; adjacent meta pointer=0x00783138; class and slot extent require pointer-table/constructor analysis;xref_count=0;code_ref_sources=data_initializer_or_unresolved;xref_count=0;code_ref_sources=data_initializer_or_unresolved
STEAM_PC,00783144,0x383144,vftable_00783144,UNKNOWN,,,,UNKNOWN,VERIFIED,EXPORT-STEAM-symbols_csv,2026-10-01,explicit vftable symbol; adjacent meta pointer=0x00783140; class and slot extent require pointer-table/constructor analysis;xref_count=0;code_ref_sources=data_initializer_or_unresolved;xref_count=0;code_ref_sources=data_initializer_or_unresolved
STEAM_PC,0078325c,0x38325c,vftable_0078325c,UNKNOWN,,,,UNKNOWN,VERIFIED,EXPORT-STEAM-symbols_csv,2026-10-01,explicit vftable symbol; adjacent meta pointer=0x00783258; class and slot extent require pointer-table/constructor analysis;xref_count=0;code_ref_sources=data_initializer_or_unresolved;xref_count=0;code_ref_sources=data_initializer_or_unresolved
STEAM_PC,00783264,0x383264,vftable_00783264,UNKNOWN,,,,UNKNOWN,VERIFIED,EXPORT-STEAM-symbols_csv,2026-10-01,explicit vftable symbol; adjacent meta pointer=0x00783260; class and slot extent require pointer-table/constructor analysis;xref_count=0;code_ref_sources=data_initializer_or_unresolved;xref_count=0;code_ref_sources=data_initializer_or_unresolved
STEAM_PC,00783340,0x383340,vftable_00783340,UNKNOWN,,,,UNKNOWN,VERIFIED,EXPORT-STEAM-symbols_csv,2026-10-01,explicit vftable symbol; adjacent meta pointer=0x0078333c; class and slot extent require pointer-table/constructor analysis;xref_count=0;code_ref_sources=data_initializer_or_unresolved;xref_count=0;code_ref_sources=data_initializer_or_unresolved
STEAM_PC,0078334c,0x38334c,vftable_0078334c,UNKNOWN,,,,UNKNOWN,VERIFIED,EXPORT-STEAM-symbols_csv,2026-10-01,explicit vftable symbol; adjacent meta pointer=0x00783348; class and slot extent require pointer-table/constructor analysis;xref_count=0;code_ref_sources=data_initializer_or_unresolved;xref_count=0;code_ref_sources=data_initializer_or_unresolved
STEAM_PC,007833f4,0x3833f4,vftable_007833f4,UNKNOWN,,,,UNKNOWN,VERIFIED,EXPORT-STEAM-symbols_csv,2026-10-01,explicit vftable symbol; adjacent meta pointer=0x007833f0; class and slot extent require pointer-table/constructor analysis;xref_count=0;code_ref_sources=data_initializer_or_unresolved;xref_count=0;code_ref_sources=data_initializer_or_unresolved
STEAM_PC,007833fc,0x3833fc,vftable_007833fc,UNKNOWN,,,,UNKNOWN,VERIFIED,EXPORT-STEAM-symbols_csv,2026-10-01,explicit vftable symbol; adjacent meta pointer=0x007833f8; class and slot extent require pointer-table/constructor analysis;xref_count=0;code_ref_sources=data_initializer_or_unresolved;xref_count=0;code_ref_sources=data_initializer_or_unresolved
STEAM_PC,00783404,0x383404,vftable_00783404,UNKNOWN,,,,UNKNOWN,VERIFIED,EXPORT-STEAM-symbols_csv,2026-10-01,explicit vftable symbol; adjacent meta pointer=0x00783400; class and slot extent require pointer-table/constructor analysis;xref_count=0;code_ref_sources=data_initializer_or_unresolved;xref_count=0;code_ref_sources=data_initializer_or_unresolved
STEAM_PC,0078340c,0x38340c,vftable_0078340c,UNKNOWN,,,,UNKNOWN,VERIFIED,EXPORT-STEAM-symbols_csv,2026-10-01,explicit vftable symbol; adjacent meta pointer=0x00783408; class and slot extent require pointer-table/constructor analysis;xref_count=0;code_ref_sources=data_initializer_or_unresolved;xref_count=0;code_ref_sources=data_initializer_or_unresolved
STEAM_PC,00783414,0x383414,vftable_00783414,UNKNOWN,,,,UNKNOWN,VERIFIED,EXPORT-STEAM-symbols_csv,2026-10-01,explicit vftable symbol; adjacent meta pointer=0x00783410; class and slot extent require pointer-table/constructor analysis;xref_count=0;code_ref_sources=data_initializer_or_unresolved;xref_count=0;code_ref_sources=data_initializer_or_unresolved
STEAM_PC,0078341c,0x38341c,vftable_0078341c,UNKNOWN,,,,UNKNOWN,VERIFIED,EXPORT-STEAM-symbols_csv,2026-10-01,explicit vftable symbol; adjacent meta pointer=0x00783418; class and slot extent require pointer-table/constructor analysis;xref_count=0;code_ref_sources=data_initializer_or_unresolved;xref_count=0;code_ref_sources=data_initializer_or_unresolved
STEAM_PC,0078371c,0x38371c,vftable_0078371c,UNKNOWN,,,,UNKNOWN,VERIFIED,EXPORT-STEAM-symbols_csv,2026-10-01,explicit vftable symbol; adjacent meta pointer=0x00783718; class and slot extent require pointer-table/constructor analysis;xref_count=0;code_ref_sources=data_initializer_or_unresolved;xref_count=0;code_ref_sources=data_initializer_or_unresolved
STEAM_PC,00783724,0x383724,vftable_00783724,UNKNOWN,,,,UNKNOWN,VERIFIED,EXPORT-STEAM-symbols_csv,2026-10-01,explicit vftable symbol; adjacent meta pointer=0x00783720; class and slot extent require pointer-table/constructor analysis;xref_count=0;code_ref_sources=data_initializer_or_unresolved;xref_count=0;code_ref_sources=data_initializer_or_unresolved
STEAM_PC,007838cc,0x3838cc,vftable_007838cc,UNKNOWN,,,,UNKNOWN,VERIFIED,EXPORT-STEAM-symbols_csv,2026-10-01,explicit vftable symbol; adjacent meta pointer=0x007838c8; class and slot extent require pointer-table/constructor analysis;xref_count=0;code_ref_sources=data_initializer_or_unresolved;xref_count=0;code_ref_sources=data_initializer_or_unresolved
STEAM_PC,007838d4,0x3838d4,CGeorgeAxe_vftable,OBJ-CGEORGEAXE,,006a9430,,EFFECTS,VERIFIED,EXPORT-STEAM-symbols_csv;DP_decompiled.c:422318-422330;selector factory,2026-10-01,Constructor direct vtable write; selector 0x3F; paired GOG vtable 007838C4. Lifecycle and slot extent remain open.
STEAM_PC,0078397c,0x38397c,CTarBomb_vftable,OBJ-CTARBOMB,,006ab260,006ab2b0,EFFECTS,VERIFIED,EXPORT-STEAM-symbols_csv;DP_decompiled.c:423420-423464;selector factory,2026-10-01,Constructor/teardown direct vtable writes; selector 0x3E; CSoundLoop is embedded at +0x4D8. Slot extent remains open.
STEAM_PC,00785424,0x385424,vftable_00785424,UNKNOWN,,,,UNKNOWN,VERIFIED,EXPORT-STEAM-symbols_csv,2026-10-01,explicit vftable symbol; adjacent meta pointer=0x00785420; class and slot extent require pointer-table/constructor analysis;xref_count=0;code_ref_sources=data_initializer_or_unresolved;xref_count=0;code_ref_sources=data_initializer_or_unresolved
STEAM_PC,0078542c,0x38542c,vftable_0078542c,UNKNOWN,,,,UNKNOWN,VERIFIED,EXPORT-STEAM-symbols_csv,2026-10-01,explicit vftable symbol; adjacent meta pointer=0x00785428; class and slot extent require pointer-table/constructor analysis;xref_count=0;code_ref_sources=data_initializer_or_unresolved;xref_count=0;code_ref_sources=data_initializer_or_unresolved
STEAM_PC,008268e4,0x4268e4,CFlkUtil_vftable,CFlkUtil_resource_manager_candidate,,006b4b80,006b4be0,RESOURCE_LOADING,VERIFIED,EXPORT-STEAM-symbols_csv,2026-10-01,explicit vftable symbol; adjacent meta pointer=0x008268e0; class and slot extent require pointer-table/constructor analysis;xref_count=0;code_ref_sources=data_initializer_or_unresolved;xref_count=0;code_ref_sources=data_initializer_or_unresolved;destructor writes this vtable at 006b4be0;destructor writes this vtable at 006b4be0;destructor writes this vtable at 006b4be0
STEAM_PC,008268ec,0x4268ec,vftable_008268ec,UNKNOWN,,,,UNKNOWN,VERIFIED,EXPORT-STEAM-symbols_csv,2026-10-01,explicit vftable symbol; adjacent meta pointer=0x008268e8; class and slot extent require pointer-table/constructor analysis;xref_count=0;code_ref_sources=data_initializer_or_unresolved;xref_count=0;code_ref_sources=data_initializer_or_unresolved
STEAM_PC,008268f4,0x4268f4,CLoadThread_vftable,CLoadThread,2 observed executable pointers,006B4D70 at006B4DA8;actual01481130 via0076D4E0,Available006B4F50 slot0;actual safe retirement UNKNOWN,RESOURCE_LOADING,VERIFIED,findings/boundaries/resource_worker_typed_handoff.md,2026-10-03,Raw class/CThfunc base and slot4=006B4DE0; initializer-invoked start passes same receiver as OS argument. No live successful creation/cadence/GOG.
STEAM_PC,00826900,0x426900,vftable_00826900,UNKNOWN,,,,UNKNOWN,VERIFIED,EXPORT-STEAM-symbols_csv,2026-10-01,explicit vftable symbol; adjacent meta pointer=0x008268fc; class and slot extent require pointer-table/constructor analysis;xref_count=0;code_ref_sources=data_initializer_or_unresolved;xref_count=0;code_ref_sources=data_initializer_or_unresolved
STEAM_PC,00826988,0x426988,COctTree_own_vftable,COctTree,1,006BCA40,006BCAB0->006BCAE0,RENDER_D3D9,VERIFIED,findings/boundaries/scene_query_member_lifecycle.md,2026-10-03,"RawRTTI .?AVCOctTree@@; observed one-slot table. Selectedmember invocation verified, not universal tree algorithm."
STEAM_PC,00826adc,0x426adc,CRdHandleUtil_vftable,CRdHandleUtil,,006c7af0,006c7b80,OBJECT_DISPATCH,VERIFIED,DP_decompiled.c;DP_full.asm;GLOBAL_LEDGER;findings/boundaries/object_handle_lifecycle.md,2026-10-01,Named CRdHandleUtil vtable from symbols; paired constructor/destructor writes establish the static 01481358 instance.
STEAM_PC,00826cbc,0x426cbc,vftable_00826cbc,UNKNOWN,,,,UNKNOWN,VERIFIED,EXPORT-STEAM-symbols_csv,2026-10-01,explicit vftable symbol; adjacent meta pointer=0x00826cb8; class and slot extent require pointer-table/constructor analysis;xref_count=0;code_ref_sources=data_initializer_or_unresolved;xref_count=0;code_ref_sources=data_initializer_or_unresolved
STEAM_PC,00826cd4,0x426cd4,vftable_00826cd4,UNKNOWN,,,,UNKNOWN,VERIFIED,EXPORT-STEAM-symbols_csv,2026-10-01,explicit vftable symbol; adjacent meta pointer=0x00826cd0; class and slot extent require pointer-table/constructor analysis;xref_count=0;code_ref_sources=data_initializer_or_unresolved;xref_count=0;code_ref_sources=data_initializer_or_unresolved
STEAM_PC,00826CDC,0x426cdc,CRdInput_available_base_table,CRDINPUT,,006E175A literal within006E1750,,UNKNOWN,VERIFIED,findings/subsystems/phase6_crdinput_available_construction.md,2026-10-06,COL0087C14C/TD00885D40/CHD008743EC selfmdisp0; slotextent/methods/currenttype UNKNOWN.
STEAM_PC,00826d8c,0x426d8c,CSiHolder_vftable,ROOT-CSI-HOLDER,1,006e1870,006e18d0;006e1b50,APPLICATION_LIFECYCLE,VERIFIED,findings/boundaries/phase5_save_sysutil_deferred_root_lifetime.md,2026-10-04,explicit vftable symbol; adjacent meta pointer=0x00826d88; class and slot extent require pointer-table/constructor analysis;xref_count=0;code_ref_sources=data_initializer_or_unresolved;xref_count=0;code_ref_sources=data_initializer_or_unresolved Phase5rawnamedtype/selectedreceiver/observedconsecutivecodeextent; runtimecurrenttable invariant/actualoperationUNKNOWN.
STEAM_PC,00826d94,0x426d94,vftable_00826d94,UNKNOWN,,,,UNKNOWN,VERIFIED,EXPORT-STEAM-symbols_csv,2026-10-01,explicit vftable symbol; adjacent meta pointer=0x00826d90; class and slot extent require pointer-table/constructor analysis;xref_count=0;code_ref_sources=data_initializer_or_unresolved;xref_count=0;code_ref_sources=data_initializer_or_unresolved
STEAM_PC,00826dbc,0x426dbc,vftable_00826dbc,UNKNOWN,,,,UNKNOWN,VERIFIED,EXPORT-STEAM-symbols_csv,2026-10-01,explicit vftable symbol; adjacent meta pointer=0x00826db8; class and slot extent require pointer-table/constructor analysis;xref_count=0;code_ref_sources=data_initializer_or_unresolved;xref_count=0;code_ref_sources=data_initializer_or_unresolved
STEAM_PC,00826f1c,0x426f1c,vftable_00826f1c,UNKNOWN,,,,UNKNOWN,VERIFIED,EXPORT-STEAM-symbols_csv,2026-10-01,explicit vftable symbol; adjacent meta pointer=0x00826f18; class and slot extent require pointer-table/constructor analysis;xref_count=0;code_ref_sources=data_initializer_or_unresolved;xref_count=0;code_ref_sources=data_initializer_or_unresolved
STEAM_PC,00826f2c,0x426f2c,vftable_00826f2c,UNKNOWN,,,,UNKNOWN,VERIFIED,EXPORT-STEAM-symbols_csv,2026-10-01,explicit vftable symbol; adjacent meta pointer=0x00826f28; class and slot extent require pointer-table/constructor analysis;xref_count=0;code_ref_sources=data_initializer_or_unresolved;xref_count=0;code_ref_sources=data_initializer_or_unresolved
STEAM_PC,00826f40,0x426f40,vftable_00826f40,UNKNOWN,,,,UNKNOWN,VERIFIED,EXPORT-STEAM-symbols_csv,2026-10-01,explicit vftable symbol; adjacent meta pointer=0x00826f3c; class and slot extent require pointer-table/constructor analysis;xref_count=0;code_ref_sources=data_initializer_or_unresolved;xref_count=0;code_ref_sources=data_initializer_or_unresolved
STEAM_PC,00826f50,0x426f50,vftable_00826f50,UNKNOWN,,,,UNKNOWN,VERIFIED,EXPORT-STEAM-symbols_csv,2026-10-01,explicit vftable symbol; adjacent meta pointer=0x00826f4c; class and slot extent require pointer-table/constructor analysis;xref_count=0;code_ref_sources=data_initializer_or_unresolved;xref_count=0;code_ref_sources=data_initializer_or_unresolved
STEAM_PC,00826f60,0x426f60,vftable_00826f60,UNKNOWN,,,,UNKNOWN,VERIFIED,EXPORT-STEAM-symbols_csv,2026-10-01,explicit vftable symbol; adjacent meta pointer=0x00826f5c; class and slot extent require pointer-table/constructor analysis;xref_count=0;code_ref_sources=data_initializer_or_unresolved;xref_count=0;code_ref_sources=data_initializer_or_unresolved
STEAM_PC,00826f70,0x426f70,vftable_00826f70,UNKNOWN,,,,UNKNOWN,VERIFIED,EXPORT-STEAM-symbols_csv,2026-10-01,explicit vftable symbol; adjacent meta pointer=0x00826f6c; class and slot extent require pointer-table/constructor analysis;xref_count=0;code_ref_sources=data_initializer_or_unresolved;xref_count=0;code_ref_sources=data_initializer_or_unresolved
STEAM_PC,00826f80,0x426f80,vftable_00826f80,UNKNOWN,,,,UNKNOWN,VERIFIED,EXPORT-STEAM-symbols_csv,2026-10-01,explicit vftable symbol; adjacent meta pointer=0x00826f7c; class and slot extent require pointer-table/constructor analysis;xref_count=0;code_ref_sources=data_initializer_or_unresolved;xref_count=0;code_ref_sources=data_initializer_or_unresolved
STEAM_PC,00826f90,0x426f90,vftable_00826f90,UNKNOWN,,,,UNKNOWN,VERIFIED,EXPORT-STEAM-symbols_csv,2026-10-01,explicit vftable symbol; adjacent meta pointer=0x00826f8c; class and slot extent require pointer-table/constructor analysis;xref_count=0;code_ref_sources=data_initializer_or_unresolved;xref_count=0;code_ref_sources=data_initializer_or_unresolved
STEAM_PC,00826fa0,0x426fa0,vftable_00826fa0,UNKNOWN,,,,UNKNOWN,VERIFIED,EXPORT-STEAM-symbols_csv,2026-10-01,explicit vftable symbol; adjacent meta pointer=0x00826f9c; class and slot extent require pointer-table/constructor analysis;xref_count=0;code_ref_sources=data_initializer_or_unresolved;xref_count=0;code_ref_sources=data_initializer_or_unresolved
STEAM_PC,00826fb0,0x426fb0,vftable_00826fb0,UNKNOWN,,,,UNKNOWN,VERIFIED,EXPORT-STEAM-symbols_csv,2026-10-01,explicit vftable symbol; adjacent meta pointer=0x00826fac; class and slot extent require pointer-table/constructor analysis;xref_count=0;code_ref_sources=data_initializer_or_unresolved;xref_count=0;code_ref_sources=data_initializer_or_unresolved
STEAM_PC,00826fc0,0x426fc0,vftable_00826fc0,UNKNOWN,,,,UNKNOWN,VERIFIED,EXPORT-STEAM-symbols_csv,2026-10-01,explicit vftable symbol; adjacent meta pointer=0x00826fbc; class and slot extent require pointer-table/constructor analysis;xref_count=0;code_ref_sources=data_initializer_or_unresolved;xref_count=0;code_ref_sources=data_initializer_or_unresolved
STEAM_PC,00826fd0,0x426fd0,vftable_00826fd0,UNKNOWN,,,,UNKNOWN,VERIFIED,EXPORT-STEAM-symbols_csv,2026-10-01,explicit vftable symbol; adjacent meta pointer=0x00826fcc; class and slot extent require pointer-table/constructor analysis;xref_count=0;code_ref_sources=data_initializer_or_unresolved;xref_count=0;code_ref_sources=data_initializer_or_unresolved
STEAM_PC,00826fe0,0x426fe0,vftable_00826fe0,UNKNOWN,,,,UNKNOWN,VERIFIED,EXPORT-STEAM-symbols_csv,2026-10-01,explicit vftable symbol; adjacent meta pointer=0x00826fdc; class and slot extent require pointer-table/constructor analysis;xref_count=0;code_ref_sources=data_initializer_or_unresolved;xref_count=0;code_ref_sources=data_initializer_or_unresolved
STEAM_PC,00826ff0,0x426ff0,vftable_00826ff0,UNKNOWN,,,,UNKNOWN,VERIFIED,EXPORT-STEAM-symbols_csv,2026-10-01,explicit vftable symbol; adjacent meta pointer=0x00826fec; class and slot extent require pointer-table/constructor analysis;xref_count=0;code_ref_sources=data_initializer_or_unresolved;xref_count=0;code_ref_sources=data_initializer_or_unresolved
STEAM_PC,00827000,0x427000,vftable_00827000,UNKNOWN,,,,UNKNOWN,VERIFIED,EXPORT-STEAM-symbols_csv,2026-10-01,explicit vftable symbol; adjacent meta pointer=0x00826ffc; class and slot extent require pointer-table/constructor analysis;xref_count=0;code_ref_sources=data_initializer_or_unresolved;xref_count=0;code_ref_sources=data_initializer_or_unresolved
STEAM_PC,00827010,0x427010,vftable_00827010,UNKNOWN,,,,UNKNOWN,VERIFIED,EXPORT-STEAM-symbols_csv,2026-10-01,explicit vftable symbol; adjacent meta pointer=0x0082700c; class and slot extent require pointer-table/constructor analysis;xref_count=0;code_ref_sources=data_initializer_or_unresolved;xref_count=0;code_ref_sources=data_initializer_or_unresolved
STEAM_PC,00827020,0x427020,vftable_00827020,UNKNOWN,,,,UNKNOWN,VERIFIED,EXPORT-STEAM-symbols_csv,2026-10-01,explicit vftable symbol; adjacent meta pointer=0x0082701c; class and slot extent require pointer-table/constructor analysis;xref_count=0;code_ref_sources=data_initializer_or_unresolved;xref_count=0;code_ref_sources=data_initializer_or_unresolved
STEAM_PC,00827034,0x427034,ControllerManagerAllocator_vftable,PHYSICS-CONTROLLER-ALLOCATOR,8,006fe940,006ff2c0 installedslot1C,PHYSICS_PHYSX,VERIFIED,findings/boundaries/phase5_physics_scene_controller_release.md,2026-10-04,"explicit vftable symbol; adjacent meta pointer=0x00827030; class and slot extent require pointer-table/constructor analysis;xref_count=0;code_ref_sources=data_initializer_or_unresolved;xref_count=0;code_ref_sources=data_initializer_or_unresolved Phase5rawtypedallocator/NxUserAllocatorzerooffset; observed8 consecutivecodepointers, currentA1table/generationnotproved."
STEAM_PC,00827058,0x427058,vftable_00827058,UNKNOWN,,,,UNKNOWN,VERIFIED,EXPORT-STEAM-symbols_csv,2026-10-01,explicit vftable symbol; adjacent meta pointer=0x00827054; class and slot extent require pointer-table/constructor analysis;xref_count=0;code_ref_sources=data_initializer_or_unresolved;xref_count=0;code_ref_sources=data_initializer_or_unresolved
STEAM_PC,0082707c,0x42707c,vftable_0082707c,UNKNOWN,,,,UNKNOWN,VERIFIED,EXPORT-STEAM-symbols_csv,2026-10-01,explicit vftable symbol; adjacent meta pointer=0x00827078; class and slot extent require pointer-table/constructor analysis;xref_count=0;code_ref_sources=data_initializer_or_unresolved;xref_count=0;code_ref_sources=data_initializer_or_unresolved
STEAM_PC,0082708c,0x42708c,vftable_0082708c,UNKNOWN,,,,UNKNOWN,VERIFIED,EXPORT-STEAM-symbols_csv,2026-10-01,explicit vftable symbol; adjacent meta pointer=0x00827088; class and slot extent require pointer-table/constructor analysis;xref_count=0;code_ref_sources=data_initializer_or_unresolved;xref_count=0;code_ref_sources=data_initializer_or_unresolved
STEAM_PC,008270a0,0x4270a0,vftable_008270a0,UNKNOWN,,,,UNKNOWN,VERIFIED,EXPORT-STEAM-symbols_csv,2026-10-01,explicit vftable symbol; adjacent meta pointer=0x0082709c; class and slot extent require pointer-table/constructor analysis;xref_count=0;code_ref_sources=data_initializer_or_unresolved;xref_count=0;code_ref_sources=data_initializer_or_unresolved
STEAM_PC,008270b0,0x4270b0,vftable_008270b0,UNKNOWN,,,,UNKNOWN,VERIFIED,EXPORT-STEAM-symbols_csv,2026-10-01,explicit vftable symbol; adjacent meta pointer=0x008270ac; class and slot extent require pointer-table/constructor analysis;xref_count=0;code_ref_sources=data_initializer_or_unresolved;xref_count=0;code_ref_sources=data_initializer_or_unresolved
STEAM_PC,008270b8,0x4270b8,vftable_008270b8,UNKNOWN,,,,UNKNOWN,VERIFIED,EXPORT-STEAM-symbols_csv,2026-10-01,explicit vftable symbol; adjacent meta pointer=0x008270b4; class and slot extent require pointer-table/constructor analysis;xref_count=0;code_ref_sources=data_initializer_or_unresolved;xref_count=0;code_ref_sources=data_initializer_or_unresolved
STEAM_PC,008270dc,0x4270dc,vftable_008270dc,UNKNOWN,,,,UNKNOWN,VERIFIED,EXPORT-STEAM-symbols_csv,2026-10-01,explicit vftable symbol; adjacent meta pointer=0x008270d8; class and slot extent require pointer-table/constructor analysis;xref_count=0;code_ref_sources=data_initializer_or_unresolved;xref_count=0;code_ref_sources=data_initializer_or_unresolved
STEAM_PC,008270f0,0x4270f0,vftable_008270f0,UNKNOWN,,,,UNKNOWN,VERIFIED,EXPORT-STEAM-symbols_csv,2026-10-01,explicit vftable symbol; adjacent meta pointer=0x008270ec; class and slot extent require pointer-table/constructor analysis;xref_count=0;code_ref_sources=data_initializer_or_unresolved;xref_count=0;code_ref_sources=data_initializer_or_unresolved
STEAM_PC,00827104,0x427104,vftable_00827104,UNKNOWN,,,,UNKNOWN,VERIFIED,EXPORT-STEAM-symbols_csv,2026-10-01,explicit vftable symbol; adjacent meta pointer=0x00827100; class and slot extent require pointer-table/constructor analysis;xref_count=0;code_ref_sources=data_initializer_or_unresolved;xref_count=0;code_ref_sources=data_initializer_or_unresolved
STEAM_PC,00827110,0x427110,vftable_00827110,UNKNOWN,,,,UNKNOWN,VERIFIED,EXPORT-STEAM-symbols_csv,2026-10-01,explicit vftable symbol; adjacent meta pointer=0x0082710c; class and slot extent require pointer-table/constructor analysis;xref_count=0;code_ref_sources=data_initializer_or_unresolved;xref_count=0;code_ref_sources=data_initializer_or_unresolved
STEAM_PC,008272b8,0x4272b8,vftable_008272b8,UNKNOWN,,,,UNKNOWN,VERIFIED,EXPORT-STEAM-symbols_csv,2026-10-01,explicit vftable symbol; adjacent meta pointer=0x008272b4; class and slot extent require pointer-table/constructor analysis;xref_count=0;code_ref_sources=data_initializer_or_unresolved;xref_count=0;code_ref_sources=data_initializer_or_unresolved
STEAM_PC,008272c0,0x4272c0,vftable_008272c0,UNKNOWN,,,,UNKNOWN,VERIFIED,EXPORT-STEAM-symbols_csv,2026-10-01,explicit vftable symbol; adjacent meta pointer=0x008272bc; class and slot extent require pointer-table/constructor analysis;xref_count=0;code_ref_sources=data_initializer_or_unresolved;xref_count=0;code_ref_sources=data_initializer_or_unresolved
STEAM_PC,008272c8,0x4272c8,CCallBackThread_vftable,PLATFORM-SYSUTIL-CALLBACKTHREAD,2,00702ab0,00702b80 ordinary;00702b50 ownslotunexamined,PLATFORM_WIN32,VERIFIED,findings/boundaries/phase5_save_sysutil_deferred_root_lifetime.md,2026-10-04,explicit vftable symbol; adjacent meta pointer=0x008272c4; class and slot extent require pointer-table/constructor analysis;xref_count=0;code_ref_sources=data_initializer_or_unresolved;xref_count=0;code_ref_sources=data_initializer_or_unresolved Phase5rawnamedtype/selectedreceiver/observedconsecutivecodeextent; runtimecurrenttable invariant/actualoperationUNKNOWN.
STEAM_PC,008272d8,0x4272d8,vftable_008272d8,UNKNOWN,,,,UNKNOWN,VERIFIED,EXPORT-STEAM-symbols_csv,2026-10-01,explicit vftable symbol; adjacent meta pointer=0x008272d4; class and slot extent require pointer-table/constructor analysis;xref_count=0;code_ref_sources=data_initializer_or_unresolved;xref_count=0;code_ref_sources=data_initializer_or_unresolved
STEAM_PC,008272e0,0x4272e0,vftable_008272e0,UNKNOWN,,,,UNKNOWN,VERIFIED,EXPORT-STEAM-symbols_csv,2026-10-01,explicit vftable symbol; adjacent meta pointer=0x008272dc; class and slot extent require pointer-table/constructor analysis;xref_count=0;code_ref_sources=data_initializer_or_unresolved;xref_count=0;code_ref_sources=data_initializer_or_unresolved
STEAM_PC,008272e8,0x4272e8,vftable_008272e8,UNKNOWN,,,,UNKNOWN,VERIFIED,EXPORT-STEAM-symbols_csv,2026-10-01,explicit vftable symbol; adjacent meta pointer=0x008272e4; class and slot extent require pointer-table/constructor analysis;xref_count=0;code_ref_sources=data_initializer_or_unresolved;xref_count=0;code_ref_sources=data_initializer_or_unresolved
STEAM_PC,008272f0,0x4272f0,vftable_008272f0,UNKNOWN,,,,UNKNOWN,VERIFIED,EXPORT-STEAM-symbols_csv,2026-10-01,explicit vftable symbol; adjacent meta pointer=0x008272ec; class and slot extent require pointer-table/constructor analysis;xref_count=0;code_ref_sources=data_initializer_or_unresolved;xref_count=0;code_ref_sources=data_initializer_or_unresolved
STEAM_PC,008272f8,0x4272f8,vftable_008272f8,UNKNOWN,,,,UNKNOWN,VERIFIED,EXPORT-STEAM-symbols_csv,2026-10-01,explicit vftable symbol; adjacent meta pointer=0x008272f4; class and slot extent require pointer-table/constructor analysis;xref_count=0;code_ref_sources=data_initializer_or_unresolved;xref_count=0;code_ref_sources=data_initializer_or_unresolved
STEAM_PC,00827308,0x427308,vftable_00827308,UNKNOWN,,,,UNKNOWN,VERIFIED,EXPORT-STEAM-symbols_csv,2026-10-01,explicit vftable symbol; adjacent meta pointer=0x00827304; class and slot extent require pointer-table/constructor analysis;xref_count=0;code_ref_sources=data_initializer_or_unresolved;xref_count=0;code_ref_sources=data_initializer_or_unresolved
STEAM_PC,00827310,0x427310,vftable_00827310,UNKNOWN,,,,UNKNOWN,VERIFIED,EXPORT-STEAM-symbols_csv,2026-10-01,explicit vftable symbol; adjacent meta pointer=0x0082730c; class and slot extent require pointer-table/constructor analysis;xref_count=0;code_ref_sources=data_initializer_or_unresolved;xref_count=0;code_ref_sources=data_initializer_or_unresolved
STEAM_PC,00827318,0x427318,vftable_00827318,UNKNOWN,,,,UNKNOWN,VERIFIED,EXPORT-STEAM-symbols_csv,2026-10-01,explicit vftable symbol; adjacent meta pointer=0x00827314; class and slot extent require pointer-table/constructor analysis;xref_count=0;code_ref_sources=data_initializer_or_unresolved;xref_count=0;code_ref_sources=data_initializer_or_unresolved
STEAM_PC,00827320,0x427320,vftable_00827320,UNKNOWN,,,,UNKNOWN,VERIFIED,EXPORT-STEAM-symbols_csv,2026-10-01,explicit vftable symbol; adjacent meta pointer=0x0082731c; class and slot extent require pointer-table/constructor analysis;xref_count=0;code_ref_sources=data_initializer_or_unresolved;xref_count=0;code_ref_sources=data_initializer_or_unresolved
STEAM_PC,008273dc,0x4273dc,vftable_008273dc,UNKNOWN,,,,UNKNOWN,VERIFIED,EXPORT-STEAM-symbols_csv,2026-10-01,explicit vftable symbol; adjacent meta pointer=0x008273d8; class and slot extent require pointer-table/constructor analysis;xref_count=0;code_ref_sources=data_initializer_or_unresolved;xref_count=0;code_ref_sources=data_initializer_or_unresolved
STEAM_PC,008273e4,0x4273e4,vftable_008273e4,UNKNOWN,,,,UNKNOWN,VERIFIED,EXPORT-STEAM-symbols_csv,2026-10-01,explicit vftable symbol; adjacent meta pointer=0x008273e0; class and slot extent require pointer-table/constructor analysis;xref_count=0;code_ref_sources=data_initializer_or_unresolved;xref_count=0;code_ref_sources=data_initializer_or_unresolved
STEAM_PC,008273f4,0x4273f4,vftable_008273f4,UNKNOWN,,,,UNKNOWN,VERIFIED,EXPORT-STEAM-symbols_csv,2026-10-01,explicit vftable symbol; adjacent meta pointer=0x008273f0; class and slot extent require pointer-table/constructor analysis;xref_count=0;code_ref_sources=data_initializer_or_unresolved;xref_count=0;code_ref_sources=data_initializer_or_unresolved
STEAM_PC,008273fc,0x4273fc,vftable_008273fc,UNKNOWN,,,,UNKNOWN,VERIFIED,EXPORT-STEAM-symbols_csv,2026-10-01,explicit vftable symbol; adjacent meta pointer=0x008273f8; class and slot extent require pointer-table/constructor analysis;xref_count=0;code_ref_sources=data_initializer_or_unresolved;xref_count=0;code_ref_sources=data_initializer_or_unresolved
STEAM_PC,00827404,0x427404,vftable_00827404,UNKNOWN,,,,UNKNOWN,VERIFIED,EXPORT-STEAM-symbols_csv,2026-10-01,explicit vftable symbol; adjacent meta pointer=0x00827400; class and slot extent require pointer-table/constructor analysis;xref_count=0;code_ref_sources=data_initializer_or_unresolved;xref_count=0;code_ref_sources=data_initializer_or_unresolved
STEAM_PC,0082740c,0x42740c,vftable_0082740c,UNKNOWN,,,,UNKNOWN,VERIFIED,EXPORT-STEAM-symbols_csv,2026-10-01,explicit vftable symbol; adjacent meta pointer=0x00827408; class and slot extent require pointer-table/constructor analysis;xref_count=0;code_ref_sources=data_initializer_or_unresolved;xref_count=0;code_ref_sources=data_initializer_or_unresolved
STEAM_PC,0082741c,0x42741c,vftable_0082741c,UNKNOWN,,,,UNKNOWN,VERIFIED,EXPORT-STEAM-symbols_csv,2026-10-01,explicit vftable symbol; adjacent meta pointer=0x00827418; class and slot extent require pointer-table/constructor analysis;xref_count=0;code_ref_sources=data_initializer_or_unresolved;xref_count=0;code_ref_sources=data_initializer_or_unresolved
STEAM_PC,00827424,0x427424,vftable_00827424,UNKNOWN,,,,UNKNOWN,VERIFIED,EXPORT-STEAM-symbols_csv,2026-10-01,explicit vftable symbol; adjacent meta pointer=0x00827420; class and slot extent require pointer-table/constructor analysis;xref_count=0;code_ref_sources=data_initializer_or_unresolved;xref_count=0;code_ref_sources=data_initializer_or_unresolved
STEAM_PC,0082742c,0x42742c,vftable_0082742c,UNKNOWN,,,,UNKNOWN,VERIFIED,EXPORT-STEAM-symbols_csv,2026-10-01,explicit vftable symbol; adjacent meta pointer=0x00827428; class and slot extent require pointer-table/constructor analysis;xref_count=0;code_ref_sources=data_initializer_or_unresolved;xref_count=0;code_ref_sources=data_initializer_or_unresolved
STEAM_PC,00827434,0x427434,vftable_00827434,UNKNOWN,,,,UNKNOWN,VERIFIED,EXPORT-STEAM-symbols_csv,2026-10-01,explicit vftable symbol; adjacent meta pointer=0x00827430; class and slot extent require pointer-table/constructor analysis;xref_count=0;code_ref_sources=data_initializer_or_unresolved;xref_count=0;code_ref_sources=data_initializer_or_unresolved
STEAM_PC,0082743c,0x42743c,vftable_0082743c,UNKNOWN,,,,UNKNOWN,VERIFIED,EXPORT-STEAM-symbols_csv,2026-10-01,explicit vftable symbol; adjacent meta pointer=0x00827438; class and slot extent require pointer-table/constructor analysis;xref_count=0;code_ref_sources=data_initializer_or_unresolved;xref_count=0;code_ref_sources=data_initializer_or_unresolved
STEAM_PC,00827528,0x427528,CSysutil_vftable,CSysutil,1,,,PLATFORM_WIN32,VERIFIED,findings/boundaries/save_disk_staging_record_chain.md,2026-10-03,"Mechanicalprojectionofalreadyverifiedseq30rawRTTI/interfaceextent; ownholder/base/embeddedcallback interfaces keptdistinct, noallslot/destructorinvocation/GOGpromotion."
STEAM_PC,00827530,0x427530,vftable_00827530,UNKNOWN,,,,UNKNOWN,VERIFIED,EXPORT-STEAM-symbols_csv,2026-10-01,explicit vftable symbol; adjacent meta pointer=0x0082752c; class and slot extent require pointer-table/constructor analysis;xref_count=0;code_ref_sources=data_initializer_or_unresolved;xref_count=0;code_ref_sources=data_initializer_or_unresolved
STEAM_PC,00827540,0x427540,vftable_00827540,UNKNOWN,,,,UNKNOWN,VERIFIED,EXPORT-STEAM-symbols_csv,2026-10-01,explicit vftable symbol; adjacent meta pointer=0x0082753c; class and slot extent require pointer-table/constructor analysis;xref_count=0;code_ref_sources=data_initializer_or_unresolved;xref_count=0;code_ref_sources=data_initializer_or_unresolved
STEAM_PC,00827548,0x427548,vftable_00827548,UNKNOWN,,,,UNKNOWN,VERIFIED,EXPORT-STEAM-symbols_csv,2026-10-01,explicit vftable symbol; adjacent meta pointer=0x00827544; class and slot extent require pointer-table/constructor analysis;xref_count=0;code_ref_sources=data_initializer_or_unresolved;xref_count=0;code_ref_sources=data_initializer_or_unresolved
STEAM_PC,00827604,0x427604,CInput_own_deleting_table,CInput,1 observed own slot,00707D90,00709AC0,INPUT_CAMERA,VERIFIED,findings/boundaries/input_camera_primary_roots.md,2026-10-03,"RawCOL/type/base proof and executable-pointer extent; selected ctor/vptr checks replace ingestion-only scope, no fullinterface/runtimeclaim."
STEAM_PC,00827624,0x427624,TCallBackClass_CInput_vftable,INPUT-CALLBACK,3,00709B30,00709B10 ordinary;0070A520 ownslotunexpanded,INPUT_CAMERA,VERIFIED,findings/boundaries/phase5_input_registered_finalizer_lifetime.md,2026-10-04,"explicit vftable symbol; adjacent meta pointer=0x00827620; class and slot extent require pointer-table/constructor analysis;xref_count=0;code_ref_sources=data_initializer_or_unresolved;xref_count=0;code_ref_sources=data_initializer_or_unresolved Rawobserved3codeextent/typedI94; virtual4=007037F0/virtual8=00709B90 unexpanded, notfullinvocation/ownership."
STEAM_PC,00827654,0x427654,vftable_00827654,UNKNOWN,,,,UNKNOWN,VERIFIED,EXPORT-STEAM-symbols_csv,2026-10-01,explicit vftable symbol; adjacent meta pointer=0x00827650; class and slot extent require pointer-table/constructor analysis;xref_count=0;code_ref_sources=data_initializer_or_unresolved;xref_count=0;code_ref_sources=data_initializer_or_unresolved
STEAM_PC,00827664,0x427664,TSiHolder_CInput_Actuator_vftable,TSIHOLDER-INPUT-ACTUATOR,1,0070B990,0070BA00,INPUT_CAMERA,VERIFIED,findings/boundaries/phase5_input_provider_accounting_finalizers.md,2026-10-04,explicit vftable symbol; adjacent meta pointer=0x00827660; class and slot extent require pointer-table/constructor analysis;xref_count=0;code_ref_sources=data_initializer_or_unresolved;xref_count=0;code_ref_sources=data_initializer_or_unresolved Seq86 exactrawtypes/zero-offsetbase/observedslot personallyverified; actualcurrenttable/lastuse notproved.
STEAM_PC,008276A4,0x4276a4,CEvCore_available_base_table,CEVCORE,,0070D18B literalstore within0070D150,,EVENT_SCRIPT,VERIFIED,findings/subsystems/phase6_cevcore_available_constructor_composition.md,2026-10-05,RawRTTI CEvCore0/CEvManage4. Slotextent notacquired; notcurrentobjecttype/owner/invocation.
STEAM_PC,008276ac,0x4276ac,vftable_008276ac,UNKNOWN,,,,UNKNOWN,VERIFIED,EXPORT-STEAM-symbols_csv,2026-10-01,explicit vftable symbol; adjacent meta pointer=0x008276a8; class and slot extent require pointer-table/constructor analysis;xref_count=0;code_ref_sources=data_initializer_or_unresolved;xref_count=0;code_ref_sources=data_initializer_or_unresolved
STEAM_PC,008276b4,0x4276b4,vftable_008276b4,UNKNOWN,,,,UNKNOWN,VERIFIED,EXPORT-STEAM-symbols_csv,2026-10-01,explicit vftable symbol; adjacent meta pointer=0x008276b0; class and slot extent require pointer-table/constructor analysis;xref_count=0;code_ref_sources=data_initializer_or_unresolved;xref_count=0;code_ref_sources=data_initializer_or_unresolved
STEAM_PC,008276bc,0x4276bc,vftable_008276bc,UNKNOWN,,,,UNKNOWN,VERIFIED,EXPORT-STEAM-symbols_csv,2026-10-01,explicit vftable symbol; adjacent meta pointer=0x008276b8; class and slot extent require pointer-table/constructor analysis;xref_count=0;code_ref_sources=data_initializer_or_unresolved;xref_count=0;code_ref_sources=data_initializer_or_unresolved
STEAM_PC,008276c4,0x4276c4,vftable_008276c4,UNKNOWN,,,,UNKNOWN,VERIFIED,EXPORT-STEAM-symbols_csv,2026-10-01,explicit vftable symbol; adjacent meta pointer=0x008276c0; class and slot extent require pointer-table/constructor analysis;xref_count=0;code_ref_sources=data_initializer_or_unresolved;xref_count=0;code_ref_sources=data_initializer_or_unresolved
STEAM_PC,00827bcc,0x427bcc,vftable_00827bcc,UNKNOWN,,,,UNKNOWN,VERIFIED,EXPORT-STEAM-symbols_csv,2026-10-01,explicit vftable symbol; adjacent meta pointer=0x00827bc8; class and slot extent require pointer-table/constructor analysis;xref_count=0;code_ref_sources=data_initializer_or_unresolved;xref_count=0;code_ref_sources=data_initializer_or_unresolved
STEAM_PC,00827c7c,0x427c7c,vftable_00827c7c,UNKNOWN,,,,UNKNOWN,VERIFIED,EXPORT-STEAM-symbols_csv,2026-10-01,explicit vftable symbol; adjacent meta pointer=0x00827c78; class and slot extent require pointer-table/constructor analysis;xref_count=0;code_ref_sources=data_initializer_or_unresolved;xref_count=0;code_ref_sources=data_initializer_or_unresolved
STEAM_PC,00827d60,0x427d60,vftable_00827d60,UNKNOWN,,,,UNKNOWN,VERIFIED,EXPORT-STEAM-symbols_csv,2026-10-01,explicit vftable symbol; adjacent meta pointer=0x00827d5c; class and slot extent require pointer-table/constructor analysis;xref_count=0;code_ref_sources=data_initializer_or_unresolved;xref_count=0;code_ref_sources=data_initializer_or_unresolved
STEAM_PC,00827e14,0x427e14,vftable_00827e14,UNKNOWN,,,,UNKNOWN,VERIFIED,EXPORT-STEAM-symbols_csv,2026-10-01,explicit vftable symbol; adjacent meta pointer=0x00827e10; class and slot extent require pointer-table/constructor analysis;xref_count=0;code_ref_sources=data_initializer_or_unresolved;xref_count=0;code_ref_sources=data_initializer_or_unresolved
STEAM_PC,00827e1c,0x427e1c,vftable_00827e1c,UNKNOWN,,,,UNKNOWN,VERIFIED,EXPORT-STEAM-symbols_csv,2026-10-01,explicit vftable symbol; adjacent meta pointer=0x00827e18; class and slot extent require pointer-table/constructor analysis;xref_count=0;code_ref_sources=data_initializer_or_unresolved;xref_count=0;code_ref_sources=data_initializer_or_unresolved
STEAM_PC,00828150,0x428150,CSdMain::vftable,CSdMain,1,0071fdd0,00720cc0,AUDIO,VERIFIED,findings/boundaries/gameplay_audio_organizing_roots.md,2026-10-03,Raw COL/type/observed code extent. Selected slot mechanics corroborated; actual root deletion and broader lifetime UNKNOWN.
STEAM_PC,00828548,0x428548,CSdCore::vftable,CSdCore,1,0072ba00;0046f9d0,0072db30,AUDIO,VERIFIED,findings/boundaries/gameplay_audio_organizing_roots.md,2026-10-03,Raw COL/type string decoded; observed one consecutive code pointer. Deleting target identified without actual invocation/lifetime or all-method inference.
STEAM_PC,00828f54,0x428f54,vftable_00828f54,UNKNOWN,,,,UNKNOWN,VERIFIED,EXPORT-STEAM-symbols_csv,2026-10-01,explicit vftable symbol; adjacent meta pointer=0x00828f50; class and slot extent require pointer-table/constructor analysis;xref_count=0;code_ref_sources=data_initializer_or_unresolved;xref_count=0;code_ref_sources=data_initializer_or_unresolved
STEAM_PC,008290e4,0x4290e4,vftable_008290e4,UNKNOWN,,,,UNKNOWN,VERIFIED,EXPORT-STEAM-symbols_csv,2026-10-01,explicit vftable symbol; adjacent meta pointer=0x008290e0; class and slot extent require pointer-table/constructor analysis;xref_count=0;code_ref_sources=data_initializer_or_unresolved;xref_count=0;code_ref_sources=data_initializer_or_unresolved
STEAM_PC,00829194,0x429194,vftable_00829194,UNKNOWN,,,,UNKNOWN,VERIFIED,EXPORT-STEAM-symbols_csv,2026-10-01,explicit vftable symbol; adjacent meta pointer=0x00829190; class and slot extent require pointer-table/constructor analysis;xref_count=0;code_ref_sources=data_initializer_or_unresolved;xref_count=0;code_ref_sources=data_initializer_or_unresolved
STEAM_PC,0082b304,0x42b304,vftable_0082b304,UNKNOWN,,,,UNKNOWN,VERIFIED,EXPORT-STEAM-symbols_csv,2026-10-01,explicit vftable symbol; adjacent meta pointer=0x0082b300; class and slot extent require pointer-table/constructor analysis;xref_count=0;code_ref_sources=data_initializer_or_unresolved;xref_count=0;code_ref_sources=data_initializer_or_unresolved
STEAM_PC,00866d08,0x466d08,vftable_00866d08,UNKNOWN,,,,UNKNOWN,VERIFIED,EXPORT-STEAM-symbols_csv,2026-10-01,explicit vftable symbol; adjacent meta pointer=0x00866d04; class and slot extent require pointer-table/constructor analysis;xref_count=0;code_ref_sources=data_initializer_or_unresolved;xref_count=0;code_ref_sources=data_initializer_or_unresolved
STEAM_PC,00866d10,0x466d10,vftable_00866d10,UNKNOWN,,,,UNKNOWN,VERIFIED,EXPORT-STEAM-symbols_csv,2026-10-01,explicit vftable symbol; adjacent meta pointer=0x00866d0c; class and slot extent require pointer-table/constructor analysis;xref_count=0;code_ref_sources=data_initializer_or_unresolved;xref_count=0;code_ref_sources=data_initializer_or_unresolved
STEAM_PC,00866e70,0x466e70,vftable_00866e70,UNKNOWN,,,,UNKNOWN,VERIFIED,EXPORT-STEAM-symbols_csv,2026-10-01,explicit vftable symbol; adjacent meta pointer=0x00866e6c; class and slot extent require pointer-table/constructor analysis;xref_count=0;code_ref_sources=data_initializer_or_unresolved;xref_count=0;code_ref_sources=data_initializer_or_unresolved
GOG_PC,0076e630,0x36e630,vftable_0076e630,UNKNOWN,,,,UNKNOWN,VERIFIED,EXPORT-GOG-symbols_csv,2026-10-01,"explicit vftable symbol; adjacent meta pointer=0x0076e62c; class and slot extent require pointer-table/constructor analysis;xref_count=13;code_ref_sources=0042a530:3,00428e10:2,0042ab70:2,006ae180:2,00401dd0:1,00401e10:1,00401e20:1,00633ad0:1;xref_count=13;code_ref_sources=0042a530:3,00428e10:2,0042ab70:2,006ae180:2,00401dd0:1,00401e10:1,00401e20:1,00633ad0:1"
GOG_PC,0076e638,0x36e638,vftable_0076e638,UNKNOWN,,,,UNKNOWN,VERIFIED,EXPORT-GOG-symbols_csv,2026-10-01,"explicit vftable symbol; adjacent meta pointer=0x0076e634; class and slot extent require pointer-table/constructor analysis;xref_count=3;code_ref_sources=00401e50:1,00401ea0:1,00402140:1;xref_count=3;code_ref_sources=00401e50:1,00401ea0:1,00402140:1"
GOG_PC,0076e640,0x36e640,vftable_0076e640,UNKNOWN,,,,UNKNOWN,VERIFIED,EXPORT-GOG-symbols_csv,2026-10-01,"explicit vftable symbol; adjacent meta pointer=0x0076e63c; class and slot extent require pointer-table/constructor analysis;xref_count=15;code_ref_sources=00403430:3,00401f30:1,00401f40:1,00403400:1,00403750:1,00407840:1,004079e0:1;xref_count=15;code_ref_sources=00403430:3,00401f30:1,00401f40:1,00403400:1,00403750:1,00407840:1,004079e0:1"
GOG_PC,0076e654,0x36e654,vftable_0076e654,UNKNOWN,,,,UNKNOWN,VERIFIED,EXPORT-GOG-symbols_csv,2026-10-01,"explicit vftable symbol; adjacent meta pointer=0x0076e650; class and slot extent require pointer-table/constructor analysis;xref_count=5;code_ref_sources=00401fb0:1,00401ff0:1,004033b0:1,00455b10:1,00455c20:1;xref_count=5;code_ref_sources=00401fb0:1,00401ff0:1,004033b0:1,00455b10:1,00455c20:1"
GOG_PC,0076e65c,0x36e65c,vftable_0076e65c,UNKNOWN,,,,UNKNOWN,VERIFIED,EXPORT-GOG-symbols_csv,2026-10-01,"explicit vftable symbol; adjacent meta pointer=0x0076e658; class and slot extent require pointer-table/constructor analysis;xref_count=5;code_ref_sources=00402060:1,00402070:1,00405c50:1,00405d20:1;xref_count=5;code_ref_sources=00402060:1,00402070:1,00405c50:1,00405d20:1"
GOG_PC,0076e664,0x36e664,vftable_0076e664,UNKNOWN,,,,UNKNOWN,VERIFIED,EXPORT-GOG-symbols_csv,2026-10-01,"explicit vftable symbol; adjacent meta pointer=0x0076e660; class and slot extent require pointer-table/constructor analysis;xref_count=14;code_ref_sources=00405c50:3,00405d20:2,004020c0:1,004020d0:1,00405430:1,00405570:1,00405ef0:1,00406610:1;xref_count=14;code_ref_sources=00405c50:3,00405d20:2,004020c0:1,004020d0:1,00405430:1,00405570:1,00405ef0:1,00406610:1"
GOG_PC,0076e66c,0x36e66c,vftable_0076e66c,UNKNOWN,,,,UNKNOWN,VERIFIED,EXPORT-GOG-symbols_csv,2026-10-01,"explicit vftable symbol; adjacent meta pointer=0x0076e668; class and slot extent require pointer-table/constructor analysis;xref_count=92;code_ref_sources=004b2940:7,004b2c50:7,0046a060:4,0046a8a0:4,004b18b0:4,004b1970:4,004b2e90:4,004b3160:4;xref_count=92;code_ref_sources=004b2940:7,004b2c50:7,0046a060:4,0046a8a0:4,004b18b0:4,004b1970:4,004b2e90:4,004b3160:4"
GOG_PC,0076e674,0x36e674,vftable_0076e674,UNKNOWN,,,,UNKNOWN,VERIFIED,EXPORT-GOG-symbols_csv,2026-10-01,"explicit vftable symbol; adjacent meta pointer=0x0076e670; class and slot extent require pointer-table/constructor analysis;xref_count=2;code_ref_sources=00402140:1,004021a0:1;xref_count=2;code_ref_sources=00402140:1,004021a0:1"
GOG_PC,0076e67c,0x36e67c,vftable_0076e67c,UNKNOWN,,,,UNKNOWN,VERIFIED,EXPORT-GOG-symbols_csv,2026-10-01,"explicit vftable symbol; adjacent meta pointer=0x0076e678; class and slot extent require pointer-table/constructor analysis;xref_count=45;code_ref_sources=00405ef0:19,00406610:18,00402220:1,00402250:1,00405650:1,00405a60:1,0040a1c0:1,00428e10:1;xref_count=45;code_ref_sources=00405ef0:19,00406610:18,00402220:1,00402250:1,00405650:1,00405a60:1,0040a1c0:1,00428e10:1"
GOG_PC,0076e684,0x36e684,vftable_0076e684,UNKNOWN,,,,UNKNOWN,VERIFIED,EXPORT-GOG-symbols_csv,2026-10-01,"explicit vftable symbol; adjacent meta pointer=0x0076e680; class and slot extent require pointer-table/constructor analysis;xref_count=4;code_ref_sources=00402260:1,004024b0:1,00402540:1,00403bf0:1;xref_count=4;code_ref_sources=00402260:1,004024b0:1,00402540:1,00403bf0:1"
GOG_PC,0076e68c,0x36e68c,vftable_0076e68c,UNKNOWN,,,,UNKNOWN,VERIFIED,EXPORT-GOG-symbols_csv,2026-10-01,"explicit vftable symbol; adjacent meta pointer=0x0076e688; class and slot extent require pointer-table/constructor analysis;xref_count=13;code_ref_sources=004024e0:1,00402500:1,00402510:1,00402540:1,00402a20:1,00402d90:1,00403e70:1,004213f0:1;xref_count=13;code_ref_sources=004024e0:1,00402500:1,00402510:1,00402540:1,00402a20:1,00402d90:1,00403e70:1,004213f0:1"
GOG_PC,0076e694,0x36e694,vftable_0076e694,UNKNOWN,,,,UNKNOWN,VERIFIED,EXPORT-GOG-symbols_csv,2026-10-01,"explicit vftable symbol; adjacent meta pointer=0x0076e690; class and slot extent require pointer-table/constructor analysis;xref_count=2;code_ref_sources=00402540:1,00403e70:1;xref_count=2;code_ref_sources=00402540:1,00403e70:1"
GOG_PC,0076e69c,0x36e69c,vftable_0076e69c,UNKNOWN,,,,UNKNOWN,VERIFIED,EXPORT-GOG-symbols_csv,2026-10-01,"explicit vftable symbol; adjacent meta pointer=0x0076e698; class and slot extent require pointer-table/constructor analysis;xref_count=5;code_ref_sources=004025f0:1,00402600:1,00402a20:1,00402d90:1,00427600:1;xref_count=5;code_ref_sources=004025f0:1,00402600:1,00402a20:1,00402d90:1,00427600:1"
GOG_PC,0076e6a4,0x36e6a4,CRdObject::vftable,CRdObject,19,00402650,005f4dd0,OBJECT_DISPATCH,VERIFIED,findings/boundaries/crdscenedraw_active_manager_interface.md,2026-10-02,Raw RTTI/19 function pointers before next metadata. Material +0x08/+0x0C/+0x30/slot-zero targets and CShop class-discriminated use integrated. Not manager own table; remaining semantic slots UNKNOWN.
GOG_PC,0076e6f4,0x36e6f4,vftable_0076e6f4,UNKNOWN,,,,UNKNOWN,VERIFIED,EXPORT-GOG-symbols_csv,2026-10-01,"explicit vftable symbol; adjacent meta pointer=0x0076e6f0; class and slot extent require pointer-table/constructor analysis;xref_count=2;code_ref_sources=00402a20:1,00402d90:1;xref_count=2;code_ref_sources=00402a20:1,00402d90:1"
GOG_PC,0076e77c,0x36e77c,vftable_0076e77c,UNKNOWN,,,,UNKNOWN,VERIFIED,EXPORT-GOG-symbols_csv,2026-10-01,"explicit vftable symbol; adjacent meta pointer=0x0076e778; class and slot extent require pointer-table/constructor analysis;xref_count=2;code_ref_sources=00402e60:1,00404d10:1;xref_count=2;code_ref_sources=00402e60:1,00404d10:1"
GOG_PC,0076e784,0x36e784,vftable_0076e784,UNKNOWN,,,,UNKNOWN,VERIFIED,EXPORT-GOG-symbols_csv,2026-10-01,"explicit vftable symbol; adjacent meta pointer=0x0076e780; class and slot extent require pointer-table/constructor analysis;xref_count=3;code_ref_sources=00402f10:1,00402f20:1,00407090:1;xref_count=3;code_ref_sources=00402f10:1,00402f20:1,00407090:1"
GOG_PC,0076e798,0x36e798,vftable_0076e798,UNKNOWN,,,,UNKNOWN,VERIFIED,EXPORT-GOG-symbols_csv,2026-10-01,"explicit vftable symbol; adjacent meta pointer=0x0076e794; class and slot extent require pointer-table/constructor analysis;xref_count=2;code_ref_sources=00402f40:1,00404e00:1;xref_count=2;code_ref_sources=00402f40:1,00404e00:1"
GOG_PC,0076e7a0,0x36e7a0,vftable_0076e7a0,UNKNOWN,,,,UNKNOWN,VERIFIED,EXPORT-GOG-symbols_csv,2026-10-01,explicit vftable symbol; adjacent meta pointer=0x0076e79c; class and slot extent require pointer-table/constructor analysis;xref_count=1;code_ref_sources=00402fe0:1;xref_count=1;code_ref_sources=00402fe0:1
GOG_PC,0076E7A8,0x36e7a8,CRdMovie_vftable,OBJ-CRDMOVIE,1,,,MEDIA_PLAYBACK,VERIFIED,findings/boundaries/crdmovie_directshow_owner.md,2026-10-02,One function pointer then next metadata; raw slot-zero target noted but destruction semantics unreviewed. Inline root publishes singleton table.
GOG_PC,0076e7b0,0x36e7b0,vftable_0076e7b0,UNKNOWN,,,,UNKNOWN,VERIFIED,EXPORT-GOG-symbols_csv,2026-10-01,explicit vftable symbol; adjacent meta pointer=0x0076e7ac; class and slot extent require pointer-table/constructor analysis;xref_count=1;code_ref_sources=00403040:1;xref_count=1;code_ref_sources=00403040:1
GOG_PC,0076e7b8,0x36e7b8,vftable_0076e7b8,UNKNOWN,,,,UNKNOWN,VERIFIED,EXPORT-GOG-symbols_csv,2026-10-01,explicit vftable symbol; adjacent meta pointer=0x0076e7b4; class and slot extent require pointer-table/constructor analysis;xref_count=1;code_ref_sources=004034d0:1;xref_count=1;code_ref_sources=004034d0:1
GOG_PC,0076e7c0,0x36e7c0,vftable_0076e7c0,UNKNOWN,,,,UNKNOWN,VERIFIED,EXPORT-GOG-symbols_csv,2026-10-01,"explicit vftable symbol; adjacent meta pointer=0x0076e7bc; class and slot extent require pointer-table/constructor analysis;xref_count=2;code_ref_sources=00403060:1,004033b0:1;xref_count=2;code_ref_sources=00403060:1,004033b0:1"
GOG_PC,0076e7d0,0x36e7d0,vftable_0076e7d0,UNKNOWN,,,,UNKNOWN,VERIFIED,EXPORT-GOG-symbols_csv,2026-10-01,"explicit vftable symbol; adjacent meta pointer=0x0076e7cc; class and slot extent require pointer-table/constructor analysis;xref_count=8;code_ref_sources=00404150:1,00404230:1,004044d0:1,00405430:1,00405c50:1,00405ef0:1,004069d0:1;xref_count=8;code_ref_sources=00404150:1,00404230:1,004044d0:1,00405430:1,00405c50:1,00405ef0:1,004069d0:1"
GOG_PC,0076e7d8,0x36e7d8,vftable_0076e7d8,UNKNOWN,,,,UNKNOWN,VERIFIED,EXPORT-GOG-symbols_csv,2026-10-01,"explicit vftable symbol; adjacent meta pointer=0x0076e7d4; class and slot extent require pointer-table/constructor analysis;xref_count=40;code_ref_sources=00405650:15,00405ef0:8,004069d0:8,00405430:4,00405c50:2,00404180:1,00404280:1,00404580:1;xref_count=40;code_ref_sources=00405650:15,00405ef0:8,004069d0:8,00405430:4,00405c50:2,00404180:1,00404280:1,00404580:1"
GOG_PC,0076e7e0,0x36e7e0,vftable_0076e7e0,UNKNOWN,,,,UNKNOWN,VERIFIED,EXPORT-GOG-symbols_csv,2026-10-01,"explicit vftable symbol; adjacent meta pointer=0x0076e7dc; class and slot extent require pointer-table/constructor analysis;xref_count=40;code_ref_sources=00405650:15,004069d0:8,00405ef0:7,00405430:4,00405c50:3,004041b0:1,004042d0:1,00404580:1;xref_count=40;code_ref_sources=00405650:15,004069d0:8,00405ef0:7,00405430:4,00405c50:3,004041b0:1,004042d0:1,00404580:1"
GOG_PC,0076e7e8,0x36e7e8,vftable_0076e7e8,UNKNOWN,,,,UNKNOWN,VERIFIED,EXPORT-GOG-symbols_csv,2026-10-01,explicit vftable symbol; adjacent meta pointer=0x0076e7e4; class and slot extent require pointer-table/constructor analysis;xref_count=3;code_ref_sources=00403310:1;xref_count=3;code_ref_sources=00403310:1
GOG_PC,0076e7f0,0x36e7f0,vftable_0076e7f0,UNKNOWN,,,,UNKNOWN,VERIFIED,EXPORT-GOG-symbols_csv,2026-10-01,"explicit vftable symbol; adjacent meta pointer=0x0076e7ec; class and slot extent require pointer-table/constructor analysis;xref_count=5;code_ref_sources=004032f0:1,00403330:1,00405650:1,00405a60:1;xref_count=5;code_ref_sources=004032f0:1,00403330:1,00405650:1,00405a60:1"
GOG_PC,0076e7f8,0x36e7f8,vftable_0076e7f8,UNKNOWN,,,,UNKNOWN,VERIFIED,EXPORT-GOG-symbols_csv,2026-10-01,"explicit vftable symbol; adjacent meta pointer=0x0076e7f4; class and slot extent require pointer-table/constructor analysis;xref_count=4;code_ref_sources=00404200:1,00404320:1,00405650:1,00405a60:1;xref_count=4;code_ref_sources=00404200:1,00404320:1,00405650:1,00405a60:1"
GOG_PC,0076e800,0x36e800,vftable_0076e800,UNKNOWN,,,,UNKNOWN,VERIFIED,EXPORT-GOG-symbols_csv,2026-10-01,"explicit vftable symbol; adjacent meta pointer=0x0076e7fc; class and slot extent require pointer-table/constructor analysis;xref_count=4;code_ref_sources=00403400:1,00403430:1;xref_count=4;code_ref_sources=00403400:1,00403430:1"
GOG_PC,0076e808,0x36e808,vftable_0076e808,UNKNOWN,,,,UNKNOWN,VERIFIED,EXPORT-GOG-symbols_csv,2026-10-01,explicit vftable symbol; adjacent meta pointer=0x0076e804; class and slot extent require pointer-table/constructor analysis;xref_count=3;code_ref_sources=00403430:1;xref_count=3;code_ref_sources=00403430:1
GOG_PC,0076e810,0x36e810,CSingleton_CRdData_vftable,OBJ-RESOURCE-RECORD-MANAGER,,006b2570,006b2670,RESOURCE_LOADING,VERIFIED,EXPORT-GOG-symbols_csv,2026-10-01,"explicit vftable symbol; adjacent meta pointer=0x0076e80c; class and slot extent require pointer-table/constructor analysis;xref_count=2;code_ref_sources=00403470:1,004051c0:1;xref_count=2;code_ref_sources=00403470:1,004051c0:1"
GOG_PC,0076e818,0x36e818,vftable_0076e818,UNKNOWN,,,,UNKNOWN,VERIFIED,EXPORT-GOG-symbols_csv,2026-10-01,"explicit vftable symbol; adjacent meta pointer=0x0076e814; class and slot extent require pointer-table/constructor analysis;xref_count=28;code_ref_sources=005dfe10:4,00452300:3,00473790:3,005dfd50:3,004017c0:2,005e0790:2,006223b0:2,006227c0:2;xref_count=28;code_ref_sources=005dfe10:4,00452300:3,00473790:3,005dfd50:3,004017c0:2,005e0790:2,006223b0:2,006227c0:2"
GOG_PC,0076e820,0x36e820,vftable_0076e820,UNKNOWN,,,,UNKNOWN,VERIFIED,EXPORT-GOG-symbols_csv,2026-10-01,"explicit vftable symbol; adjacent meta pointer=0x0076e81c; class and slot extent require pointer-table/constructor analysis;xref_count=2;code_ref_sources=004034a0:1,00405240:1;xref_count=2;code_ref_sources=004034a0:1,00405240:1"
GOG_PC,0076E828,0x36e828,CSingleton_CRdMovie_vftable,OBJ-CRDMOVIE,1,,,MEDIA_PLAYBACK,VERIFIED,findings/boundaries/crdmovie_directshow_owner.md,2026-10-02,One function pointer then next metadata; raw slot-zero target noted but destruction semantics unreviewed. Inline root publishes singleton table.
GOG_PC,0076e830,0x36e830,vftable_0076e830,UNKNOWN,,,,UNKNOWN,VERIFIED,EXPORT-GOG-symbols_csv,2026-10-01,explicit vftable symbol; adjacent meta pointer=0x0076e82c; class and slot extent require pointer-table/constructor analysis;xref_count=1;code_ref_sources=004017c0:1;xref_count=1;code_ref_sources=004017c0:1
GOG_PC,0076e838,0x36e838,vftable_0076e838,UNKNOWN,,,,UNKNOWN,VERIFIED,EXPORT-GOG-symbols_csv,2026-10-01,explicit vftable symbol; adjacent meta pointer=0x0076e834; class and slot extent require pointer-table/constructor analysis;xref_count=1;code_ref_sources=004017c0:1;xref_count=1;code_ref_sources=004017c0:1
GOG_PC,0076e840,0x36e840,vftable_0076e840,UNKNOWN,,,,UNKNOWN,VERIFIED,EXPORT-GOG-symbols_csv,2026-10-01,explicit vftable symbol; adjacent meta pointer=0x0076e83c; class and slot extent require pointer-table/constructor analysis;xref_count=1;code_ref_sources=004033b0:1;xref_count=1;code_ref_sources=004033b0:1
GOG_PC,0076E848,0x36e848,CSingleton_CEvent_available_table,CSINGLETON_CEVENT,,,,EVENT_SCRIPT,VERIFIED,reports/PHASE6_RETAINED_BRANCH_ADJUDICATION_2026-10-05_SEQ0164.md,2026-10-05,"RawRTTI/table identity only. Extent ifrecorded observedconsecutiveexecutablepointers, notuniversalinterface; currentobject/type/gen/owner UNKNOWN."
GOG_PC,0076e850,0x36e850,vftable_0076e850,UNKNOWN,,,,UNKNOWN,VERIFIED,EXPORT-GOG-symbols_csv,2026-10-01,"explicit vftable symbol; adjacent meta pointer=0x0076e84c; class and slot extent require pointer-table/constructor analysis;xref_count=9;code_ref_sources=004036f0:1,00403710:1,00404480:1,004079e0:1,00407ab0:1,00407b90:1,00407bd0:1,00409a20:1;xref_count=9;code_ref_sources=004036f0:1,00403710:1,00404480:1,004079e0:1,00407ab0:1,00407b90:1,00407bd0:1,00409a20:1"
GOG_PC,0076e888,0x36e888,vftable_0076e888,UNKNOWN,,,,UNKNOWN,VERIFIED,EXPORT-GOG-symbols_csv,2026-10-01,"explicit vftable symbol; adjacent meta pointer=0x0076e884; class and slot extent require pointer-table/constructor analysis;xref_count=6;code_ref_sources=004044d0:1,00405430:1,00405c50:1,00405ef0:1,004069d0:1;xref_count=6;code_ref_sources=004044d0:1,00405430:1,00405c50:1,00405ef0:1,004069d0:1"
GOG_PC,0076e890,0x36e890,vftable_0076e890,UNKNOWN,,,,UNKNOWN,VERIFIED,EXPORT-GOG-symbols_csv,2026-10-01,explicit vftable symbol; adjacent meta pointer=0x0076e88c; class and slot extent require pointer-table/constructor analysis;xref_count=1;code_ref_sources=00404580:1;xref_count=1;code_ref_sources=00404580:1
GOG_PC,0076e8a0,0x36e8a0,vftable_0076e8a0,UNKNOWN,,,,UNKNOWN,VERIFIED,EXPORT-GOG-symbols_csv,2026-10-01,explicit vftable symbol; adjacent meta pointer=0x0076e89c; class and slot extent require pointer-table/constructor analysis;xref_count=1;code_ref_sources=00405430:1;xref_count=1;code_ref_sources=00405430:1
GOG_PC,0076e938,0x36e938,vftable_0076e938,UNKNOWN,,,,UNKNOWN,VERIFIED,EXPORT-GOG-symbols_csv,2026-10-01,explicit vftable symbol; adjacent meta pointer=0x0076e934; class and slot extent require pointer-table/constructor analysis;xref_count=1;code_ref_sources=00405430:1;xref_count=1;code_ref_sources=00405430:1
GOG_PC,0076e948,0x36e948,vftable_0076e948,UNKNOWN,,,,UNKNOWN,VERIFIED,EXPORT-GOG-symbols_csv,2026-10-01,explicit vftable symbol; adjacent meta pointer=0x0076e944; class and slot extent require pointer-table/constructor analysis;xref_count=1;code_ref_sources=00405430:1;xref_count=1;code_ref_sources=00405430:1
GOG_PC,0076e97c,0x36e97c,vftable_0076e97c,UNKNOWN,,,,UNKNOWN,VERIFIED,EXPORT-GOG-symbols_csv,2026-10-01,explicit vftable symbol; adjacent meta pointer=0x0076e978; class and slot extent require pointer-table/constructor analysis;xref_count=1;code_ref_sources=00405650:1;xref_count=1;code_ref_sources=00405650:1
GOG_PC,0076e9fc,0x36e9fc,vftable_0076e9fc,UNKNOWN,,,,UNKNOWN,VERIFIED,EXPORT-GOG-symbols_csv,2026-10-01,explicit vftable symbol; adjacent meta pointer=0x0076e9f8; class and slot extent require pointer-table/constructor analysis;xref_count=1;code_ref_sources=00405650:1;xref_count=1;code_ref_sources=00405650:1
GOG_PC,0076ea9c,0x36ea9c,vftable_0076ea9c,UNKNOWN,,,,UNKNOWN,VERIFIED,EXPORT-GOG-symbols_csv,2026-10-01,explicit vftable symbol; adjacent meta pointer=0x0076ea98; class and slot extent require pointer-table/constructor analysis;xref_count=1;code_ref_sources=00405650:1;xref_count=1;code_ref_sources=00405650:1
GOG_PC,0076eac0,0x36eac0,vftable_0076eac0,UNKNOWN,,,,UNKNOWN,VERIFIED,EXPORT-GOG-symbols_csv,2026-10-01,explicit vftable symbol; adjacent meta pointer=0x0076eabc; class and slot extent require pointer-table/constructor analysis;xref_count=1;code_ref_sources=00405650:1;xref_count=1;code_ref_sources=00405650:1
GOG_PC,0076ead0,0x36ead0,vftable_0076ead0,UNKNOWN,,,,UNKNOWN,VERIFIED,EXPORT-GOG-symbols_csv,2026-10-01,explicit vftable symbol; adjacent meta pointer=0x0076eacc; class and slot extent require pointer-table/constructor analysis;xref_count=1;code_ref_sources=00405650:1;xref_count=1;code_ref_sources=00405650:1
GOG_PC,0076eae0,0x36eae0,vftable_0076eae0,UNKNOWN,,,,UNKNOWN,VERIFIED,EXPORT-GOG-symbols_csv,2026-10-01,explicit vftable symbol; adjacent meta pointer=0x0076eadc; class and slot extent require pointer-table/constructor analysis;xref_count=1;code_ref_sources=00405650:1;xref_count=1;code_ref_sources=00405650:1
GOG_PC,0076eaf0,0x36eaf0,vftable_0076eaf0,UNKNOWN,,,,UNKNOWN,VERIFIED,EXPORT-GOG-symbols_csv,2026-10-01,explicit vftable symbol; adjacent meta pointer=0x0076eaec; class and slot extent require pointer-table/constructor analysis;xref_count=1;code_ref_sources=00405650:1;xref_count=1;code_ref_sources=00405650:1
GOG_PC,0076eb00,0x36eb00,vftable_0076eb00,UNKNOWN,,,,UNKNOWN,VERIFIED,EXPORT-GOG-symbols_csv,2026-10-01,explicit vftable symbol; adjacent meta pointer=0x0076eafc; class and slot extent require pointer-table/constructor analysis;xref_count=1;code_ref_sources=00405650:1;xref_count=1;code_ref_sources=00405650:1
GOG_PC,0076eb10,0x36eb10,vftable_0076eb10,UNKNOWN,,,,UNKNOWN,VERIFIED,EXPORT-GOG-symbols_csv,2026-10-01,explicit vftable symbol; adjacent meta pointer=0x0076eb0c; class and slot extent require pointer-table/constructor analysis;xref_count=1;code_ref_sources=00405650:1;xref_count=1;code_ref_sources=00405650:1
GOG_PC,0076eb2c,0x36eb2c,vftable_0076eb2c,UNKNOWN,,,,UNKNOWN,VERIFIED,EXPORT-GOG-symbols_csv,2026-10-01,explicit vftable symbol; adjacent meta pointer=0x0076eb28; class and slot extent require pointer-table/constructor analysis;xref_count=1;code_ref_sources=00405650:1;xref_count=1;code_ref_sources=00405650:1
GOG_PC,0076eb4c,0x36eb4c,vftable_0076eb4c,UNKNOWN,,,,UNKNOWN,VERIFIED,EXPORT-GOG-symbols_csv,2026-10-01,explicit vftable symbol; adjacent meta pointer=0x0076eb48; class and slot extent require pointer-table/constructor analysis;xref_count=1;code_ref_sources=00405650:1;xref_count=1;code_ref_sources=00405650:1
GOG_PC,0076eb70,0x36eb70,vftable_0076eb70,UNKNOWN,,,,UNKNOWN,VERIFIED,EXPORT-GOG-symbols_csv,2026-10-01,explicit vftable symbol; adjacent meta pointer=0x0076eb6c; class and slot extent require pointer-table/constructor analysis;xref_count=1;code_ref_sources=00405650:1;xref_count=1;code_ref_sources=00405650:1
GOG_PC,0076eb90,0x36eb90,vftable_0076eb90,UNKNOWN,,,,UNKNOWN,VERIFIED,EXPORT-GOG-symbols_csv,2026-10-01,explicit vftable symbol; adjacent meta pointer=0x0076eb8c; class and slot extent require pointer-table/constructor analysis;xref_count=1;code_ref_sources=00405650:1;xref_count=1;code_ref_sources=00405650:1
GOG_PC,0076ec2c,0x36ec2c,vftable_0076ec2c,UNKNOWN,,,,UNKNOWN,VERIFIED,EXPORT-GOG-symbols_csv,2026-10-01,explicit vftable symbol; adjacent meta pointer=0x0076ec28; class and slot extent require pointer-table/constructor analysis;xref_count=1;code_ref_sources=00405650:1;xref_count=1;code_ref_sources=00405650:1
GOG_PC,0076ec88,0x36ec88,vftable_0076ec88,UNKNOWN,,,,UNKNOWN,VERIFIED,EXPORT-GOG-symbols_csv,2026-10-01,explicit vftable symbol; adjacent meta pointer=0x0076ec84; class and slot extent require pointer-table/constructor analysis;xref_count=1;code_ref_sources=00405c50:1;xref_count=1;code_ref_sources=00405c50:1
GOG_PC,0076ecd8,0x36ecd8,vftable_0076ecd8,UNKNOWN,,,,UNKNOWN,VERIFIED,EXPORT-GOG-symbols_csv,2026-10-01,explicit vftable symbol; adjacent meta pointer=0x0076ecd4; class and slot extent require pointer-table/constructor analysis;xref_count=1;code_ref_sources=00405c50:1;xref_count=1;code_ref_sources=00405c50:1
GOG_PC,0076ecfc,0x36ecfc,vftable_0076ecfc,UNKNOWN,,,,UNKNOWN,VERIFIED,EXPORT-GOG-symbols_csv,2026-10-01,explicit vftable symbol; adjacent meta pointer=0x0076ecf8; class and slot extent require pointer-table/constructor analysis;xref_count=1;code_ref_sources=00405ef0:1;xref_count=1;code_ref_sources=00405ef0:1
GOG_PC,0076ed20,0x36ed20,vftable_0076ed20,UNKNOWN,,,,UNKNOWN,VERIFIED,EXPORT-GOG-symbols_csv,2026-10-01,explicit vftable symbol; adjacent meta pointer=0x0076ed1c; class and slot extent require pointer-table/constructor analysis;xref_count=1;code_ref_sources=00405ef0:1;xref_count=1;code_ref_sources=00405ef0:1
GOG_PC,0076edf0,0x36edf0,vftable_0076edf0,UNKNOWN,,,,UNKNOWN,VERIFIED,EXPORT-GOG-symbols_csv,2026-10-01,explicit vftable symbol; adjacent meta pointer=0x0076edec; class and slot extent require pointer-table/constructor analysis;xref_count=1;code_ref_sources=00405ef0:1;xref_count=1;code_ref_sources=00405ef0:1
GOG_PC,0076ee00,0x36ee00,vftable_0076ee00,UNKNOWN,,,,UNKNOWN,VERIFIED,EXPORT-GOG-symbols_csv,2026-10-01,explicit vftable symbol; adjacent meta pointer=0x0076edfc; class and slot extent require pointer-table/constructor analysis;xref_count=1;code_ref_sources=00405ef0:1;xref_count=1;code_ref_sources=00405ef0:1
GOG_PC,0076ee10,0x36ee10,vftable_0076ee10,UNKNOWN,,,,UNKNOWN,VERIFIED,EXPORT-GOG-symbols_csv,2026-10-01,explicit vftable symbol; adjacent meta pointer=0x0076ee0c; class and slot extent require pointer-table/constructor analysis;xref_count=1;code_ref_sources=00405ef0:1;xref_count=1;code_ref_sources=00405ef0:1
GOG_PC,0076ee30,0x36ee30,vftable_0076ee30,UNKNOWN,,,,UNKNOWN,VERIFIED,EXPORT-GOG-symbols_csv,2026-10-01,explicit vftable symbol; adjacent meta pointer=0x0076ee2c; class and slot extent require pointer-table/constructor analysis;xref_count=1;code_ref_sources=00405ef0:1;xref_count=1;code_ref_sources=00405ef0:1
GOG_PC,0076ee7c,0x36ee7c,vftable_0076ee7c,UNKNOWN,,,,UNKNOWN,VERIFIED,EXPORT-GOG-symbols_csv,2026-10-01,explicit vftable symbol; adjacent meta pointer=0x0076ee78; class and slot extent require pointer-table/constructor analysis;xref_count=1;code_ref_sources=004069d0:1;xref_count=1;code_ref_sources=004069d0:1
GOG_PC,0076ee8c,0x36ee8c,vftable_0076ee8c,UNKNOWN,,,,UNKNOWN,VERIFIED,EXPORT-GOG-symbols_csv,2026-10-01,explicit vftable symbol; adjacent meta pointer=0x0076ee88; class and slot extent require pointer-table/constructor analysis;xref_count=1;code_ref_sources=004069d0:1;xref_count=1;code_ref_sources=004069d0:1
GOG_PC,0076ef98,0x36ef98,vftable_0076ef98,UNKNOWN,,,,UNKNOWN,VERIFIED,EXPORT-GOG-symbols_csv,2026-10-01,explicit vftable symbol; adjacent meta pointer=0x0076ef94; class and slot extent require pointer-table/constructor analysis;xref_count=1;code_ref_sources=004069d0:1;xref_count=1;code_ref_sources=004069d0:1
GOG_PC,0076efa8,0x36efa8,vftable_0076efa8,UNKNOWN,,,,UNKNOWN,VERIFIED,EXPORT-GOG-symbols_csv,2026-10-01,explicit vftable symbol; adjacent meta pointer=0x0076efa4; class and slot extent require pointer-table/constructor analysis;xref_count=1;code_ref_sources=004069d0:1;xref_count=1;code_ref_sources=004069d0:1
GOG_PC,0076efb8,0x36efb8,vftable_0076efb8,UNKNOWN,,,,UNKNOWN,VERIFIED,EXPORT-GOG-symbols_csv,2026-10-01,explicit vftable symbol; adjacent meta pointer=0x0076efb4; class and slot extent require pointer-table/constructor analysis;xref_count=1;code_ref_sources=004069d0:1;xref_count=1;code_ref_sources=004069d0:1
GOG_PC,0076efc8,0x36efc8,vftable_0076efc8,UNKNOWN,,,,UNKNOWN,VERIFIED,EXPORT-GOG-symbols_csv,2026-10-01,explicit vftable symbol; adjacent meta pointer=0x0076efc4; class and slot extent require pointer-table/constructor analysis;xref_count=1;code_ref_sources=004069d0:1;xref_count=1;code_ref_sources=004069d0:1
GOG_PC,0076efd8,0x36efd8,vftable_0076efd8,UNKNOWN,,,,UNKNOWN,VERIFIED,EXPORT-GOG-symbols_csv,2026-10-01,explicit vftable symbol; adjacent meta pointer=0x0076efd4; class and slot extent require pointer-table/constructor analysis;xref_count=1;code_ref_sources=004069d0:1;xref_count=1;code_ref_sources=004069d0:1
GOG_PC,0076efe8,0x36efe8,vftable_0076efe8,UNKNOWN,,,,UNKNOWN,VERIFIED,EXPORT-GOG-symbols_csv,2026-10-01,"explicit vftable symbol; adjacent meta pointer=0x0076efe4; class and slot extent require pointer-table/constructor analysis;xref_count=2;code_ref_sources=00407840:1,004079e0:1;xref_count=2;code_ref_sources=00407840:1,004079e0:1"
GOG_PC,0076eff0,0x36eff0,vftable_0076eff0,UNKNOWN,,,,UNKNOWN,VERIFIED,EXPORT-GOG-symbols_csv,2026-10-01,"explicit vftable symbol; adjacent meta pointer=0x0076efec; class and slot extent require pointer-table/constructor analysis;xref_count=2;code_ref_sources=00405430:1,00405570:1;xref_count=2;code_ref_sources=00405430:1,00405570:1"
GOG_PC,0076EFF8,0x36eff8,CRdModel_vftable,CRdModel,1 initialobservedexecutablepointer; notuniversalinterfaceextent,00405650 availablepath,,RENDER_D3D9,VERIFIED,findings/subsystems/phase6_gog_crdmodel_fixed_aggregate_qualification.md,2026-10-05,PrimaryownreferencedrawRTTI. No slotbody/currentdynamicinterface/destructor/runtime invocation proof.
GOG_PC,0076f000,0x36f000,vftable_0076f000,UNKNOWN,,,,UNKNOWN,VERIFIED,EXPORT-GOG-symbols_csv,2026-10-01,"explicit vftable symbol; adjacent meta pointer=0x0076effc; class and slot extent require pointer-table/constructor analysis;xref_count=2;code_ref_sources=00405c50:1,00405d20:1;xref_count=2;code_ref_sources=00405c50:1,00405d20:1"
GOG_PC,0076f010,0x36f010,CRdSceneDraw::vftable,CRdSceneDraw,1,00405ef0;00406f30,00406940,OBJECT_DISPATCH,VERIFIED,findings/boundaries/crdscenedraw_active_manager_interface.md,2026-10-02,Raw RTTI and one function pointer before next RTTI metadata. Own deleting interface; multi-pass dispatch is a direct method consuming separate active-object tables. Application cleanup is not optional allocation free.
GOG_PC,0076f018,0x36f018,vftable_0076f018,UNKNOWN,,,,UNKNOWN,VERIFIED,EXPORT-GOG-symbols_csv,2026-10-01,"explicit vftable symbol; adjacent meta pointer=0x0076f014; class and slot extent require pointer-table/constructor analysis;xref_count=2;code_ref_sources=004069d0:1,00406c00:1;xref_count=2;code_ref_sources=004069d0:1,00406c00:1"
GOG_PC,0076f020,0x36f020,vftable_0076f020,UNKNOWN,,,,UNKNOWN,VERIFIED,EXPORT-GOG-symbols_csv,2026-10-01,"explicit vftable symbol; adjacent meta pointer=0x0076f01c; class and slot extent require pointer-table/constructor analysis;xref_count=2;code_ref_sources=00406d40:1,00406e30:1;xref_count=2;code_ref_sources=00406d40:1,00406e30:1"
GOG_PC,0076f028,0x36f028,vftable_0076f028,UNKNOWN,,,,UNKNOWN,VERIFIED,EXPORT-GOG-symbols_csv,2026-10-01,"explicit vftable symbol; adjacent meta pointer=0x0076f024; class and slot extent require pointer-table/constructor analysis;xref_count=2;code_ref_sources=00406d70:1,00406eb0:1;xref_count=2;code_ref_sources=00406d70:1,00406eb0:1"
GOG_PC,0076f030,0x36f030,vftable_0076f030,UNKNOWN,,,,UNKNOWN,VERIFIED,EXPORT-GOG-symbols_csv,2026-10-01,"explicit vftable symbol; adjacent meta pointer=0x0076f02c; class and slot extent require pointer-table/constructor analysis;xref_count=3;code_ref_sources=004017c0:1,00406da0:1,00407050:1;xref_count=3;code_ref_sources=004017c0:1,00406da0:1,00407050:1"
GOG_PC,0076f038,0x36f038,CSingleton<CRdSceneDraw>::vftable,CSingleton<CRdSceneDraw>,1,00405ef0;00406f30,00406dd0,OBJECT_DISPATCH,VERIFIED,findings/boundaries/crdscenedraw_active_manager_interface.md,2026-10-02,Raw RTTI and one function pointer before next RTTI metadata. Own deleting interface; multi-pass dispatch is a direct method consuming separate active-object tables. Application cleanup is not optional allocation free.
GOG_PC,0076f040,0x36f040,vftable_0076f040,UNKNOWN,,,,UNKNOWN,VERIFIED,EXPORT-GOG-symbols_csv,2026-10-01,"explicit vftable symbol; adjacent meta pointer=0x0076f03c; class and slot extent require pointer-table/constructor analysis;xref_count=2;code_ref_sources=00406e00:1,00406fb0:1;xref_count=2;code_ref_sources=00406e00:1,00406fb0:1"
GOG_PC,0076f048,0x36f048,vftable_0076f048,UNKNOWN,,,,UNKNOWN,VERIFIED,EXPORT-GOG-symbols_csv,2026-10-01,"explicit vftable symbol; adjacent meta pointer=0x0076f044; class and slot extent require pointer-table/constructor analysis;xref_count=2;code_ref_sources=00407090:1,00407fc0:1;xref_count=2;code_ref_sources=00407090:1,00407fc0:1"
GOG_PC,0076f05c,0x36f05c,vftable_0076f05c,UNKNOWN,,,,UNKNOWN,VERIFIED,EXPORT-GOG-symbols_csv,2026-10-01,"explicit vftable symbol; adjacent meta pointer=0x0076f058; class and slot extent require pointer-table/constructor analysis;xref_count=9;code_ref_sources=00407130:1,00407160:1,00407200:1,00407260:1,004072c0:1,0040bef0:1,0040cf30:1,0074ebe0:1;xref_count=9;code_ref_sources=00407130:1,00407160:1,00407200:1,00407260:1,004072c0:1,0040bef0:1,0040cf30:1,0074ebe0:1"
GOG_PC,0076f068,0x36f068,vftable_0076f068,UNKNOWN,,,,UNKNOWN,VERIFIED,EXPORT-GOG-symbols_csv,2026-10-01,"explicit vftable symbol; adjacent meta pointer=0x0076f064; class and slot extent require pointer-table/constructor analysis;xref_count=4;code_ref_sources=00407550:1,00407900:1,00407990:1,00407c10:1;xref_count=4;code_ref_sources=00407550:1,00407900:1,00407990:1,00407c10:1"
GOG_PC,0076f074,0x36f074,vftable_0076f074,UNKNOWN,,,,UNKNOWN,VERIFIED,EXPORT-GOG-symbols_csv,2026-10-01,"explicit vftable symbol; adjacent meta pointer=0x0076f070; class and slot extent require pointer-table/constructor analysis;xref_count=2;code_ref_sources=00407970:1,0040c1b0:1;xref_count=2;code_ref_sources=00407970:1,0040c1b0:1"
GOG_PC,0076f080,0x36f080,vftable_0076f080,UNKNOWN,,,,UNKNOWN,VERIFIED,EXPORT-GOG-symbols_csv,2026-10-01,"explicit vftable symbol; adjacent meta pointer=0x0076f07c; class and slot extent require pointer-table/constructor analysis;xref_count=4;code_ref_sources=004079e0:1,00407ab0:1,00407b90:1,00407bd0:1;xref_count=4;code_ref_sources=004079e0:1,00407ab0:1,00407b90:1,00407bd0:1"
GOG_PC,0076f088,0x36f088,vftable_0076f088,UNKNOWN,,,,UNKNOWN,VERIFIED,EXPORT-GOG-symbols_csv,2026-10-01,explicit vftable symbol; adjacent meta pointer=0x0076f084; class and slot extent require pointer-table/constructor analysis;xref_count=1;code_ref_sources=00407b20:1;xref_count=1;code_ref_sources=00407b20:1
GOG_PC,0076f29c,0x36f29c,CRdMesh_vftable,OBJ-CRDMESH,,004087a0,00408820,RENDER_D3D9,VERIFIED,EXPORT-GOG-symbols_csv,2026-10-01,"explicit vftable symbol; adjacent meta pointer=0x0076f298; class and slot extent require pointer-table/constructor analysis;xref_count=2;code_ref_sources=004087a0:1,00408820:1;xref_count=2;code_ref_sources=004087a0:1,00408820:1;typed callback branch direct vtable write;typed callback branch direct vtable write"
GOG_PC,0076F2A4,0x36f2a4,CRdPicture_vftable,OBJ-CRDPICTURE,1,004082D0 inline XPC initialization,004088C0,RENDER_D3D9,VERIFIED,findings/boundaries/xpc_resource_positive_portfolio.md,2026-10-02,One function pointer before next RTTI metadata; callback event 1 invokes this typed target with flag 1. Non-dispatcher resource interface; no update cadence inferred.
GOG_PC,0076f2ac,0x36f2ac,vftable_0076f2ac,UNKNOWN,,,,UNKNOWN,VERIFIED,EXPORT-GOG-symbols_csv,2026-10-01,"explicit vftable symbol; adjacent meta pointer=0x0076f2a8; class and slot extent require pointer-table/constructor analysis;xref_count=2;code_ref_sources=004088f0:1,00408920:1;xref_count=2;code_ref_sources=004088f0:1,00408920:1"
GOG_PC,0076f5a4,0x36f5a4,vftable_0076f5a4,UNKNOWN,,,,UNKNOWN,VERIFIED,EXPORT-GOG-symbols_csv,2026-10-01,"explicit vftable symbol; adjacent meta pointer=0x0076f5a0; class and slot extent require pointer-table/constructor analysis;xref_count=4;code_ref_sources=00408ad0:1,00408ae0:1,004093f0:1,00409af0:1;xref_count=4;code_ref_sources=00408ad0:1,00408ae0:1,004093f0:1,00409af0:1"
GOG_PC,0076f5b4,0x36f5b4,vftable_0076f5b4,UNKNOWN,,,,UNKNOWN,VERIFIED,EXPORT-GOG-symbols_csv,2026-10-01,explicit vftable symbol; adjacent meta pointer=0x0076f5b0; class and slot extent require pointer-table/constructor analysis;xref_count=1;code_ref_sources=00409a20:1;xref_count=1;code_ref_sources=00409a20:1
GOG_PC,0076f5c4,0x36f5c4,vftable_0076f5c4,UNKNOWN,,,,UNKNOWN,VERIFIED,EXPORT-GOG-symbols_csv,2026-10-01,"explicit vftable symbol; adjacent meta pointer=0x0076f5c0; class and slot extent require pointer-table/constructor analysis;xref_count=2;code_ref_sources=004092a0:1,00409700:1;xref_count=2;code_ref_sources=004092a0:1,00409700:1"
GOG_PC,0076f5cc,0x36f5cc,vftable_0076f5cc,UNKNOWN,,,,UNKNOWN,VERIFIED,EXPORT-GOG-symbols_csv,2026-10-01,"explicit vftable symbol; adjacent meta pointer=0x0076f5c8; class and slot extent require pointer-table/constructor analysis;xref_count=2;code_ref_sources=00409310:1,00409890:1;xref_count=2;code_ref_sources=00409310:1,00409890:1"
GOG_PC,0076f5d4,0x36f5d4,vftable_0076f5d4,UNKNOWN,,,,UNKNOWN,VERIFIED,EXPORT-GOG-symbols_csv,2026-10-01,"explicit vftable symbol; adjacent meta pointer=0x0076f5d0; class and slot extent require pointer-table/constructor analysis;xref_count=2;code_ref_sources=00409380:1,00409730:1;xref_count=2;code_ref_sources=00409380:1,00409730:1"
GOG_PC,0076f5dc,0x36f5dc,vftable_0076f5dc,UNKNOWN,,,,UNKNOWN,VERIFIED,EXPORT-GOG-symbols_csv,2026-10-01,"explicit vftable symbol; adjacent meta pointer=0x0076f5d8; class and slot extent require pointer-table/constructor analysis;xref_count=2;code_ref_sources=00409410:1,00409860:1;xref_count=2;code_ref_sources=00409410:1,00409860:1"
GOG_PC,0076f5ec,0x36f5ec,vftable_0076f5ec,UNKNOWN,,,,UNKNOWN,VERIFIED,EXPORT-GOG-symbols_csv,2026-10-01,"explicit vftable symbol; adjacent meta pointer=0x0076f5e8; class and slot extent require pointer-table/constructor analysis;xref_count=2;code_ref_sources=00409a20:1,00409af0:1;xref_count=2;code_ref_sources=00409a20:1,00409af0:1"
GOG_PC,0076f5f4,0x36f5f4,vftable_0076f5f4,UNKNOWN,,,,UNKNOWN,VERIFIED,EXPORT-GOG-symbols_csv,2026-10-01,"explicit vftable symbol; adjacent meta pointer=0x0076f5f0; class and slot extent require pointer-table/constructor analysis;xref_count=2;code_ref_sources=00409ba0:1,00409c10:1;xref_count=2;code_ref_sources=00409ba0:1,00409c10:1"
GOG_PC,0076f628,0x36f628,vftable_0076f628,UNKNOWN,,,,UNKNOWN,VERIFIED,EXPORT-GOG-symbols_csv,2026-10-01,"explicit vftable symbol; adjacent meta pointer=0x0076f624; class and slot extent require pointer-table/constructor analysis;xref_count=10;code_ref_sources=00409e40:1,00409e50:1,0040a1c0:1,0040bb70:1,0040c590:1,0040d080:1,0076d770:1,0076d7b0:1;xref_count=10;code_ref_sources=00409e40:1,00409e50:1,0040a1c0:1,0040bb70:1,0040c590:1,0040d080:1,0076d770:1,0076d7b0:1"
GOG_PC,0076f64c,0x36f64c,vftable_0076f64c,UNKNOWN,,,,UNKNOWN,VERIFIED,EXPORT-GOG-symbols_csv,2026-10-01,explicit vftable symbol; adjacent meta pointer=0x0076f648; class and slot extent require pointer-table/constructor analysis;xref_count=0;code_ref_sources=data_initializer_or_unresolved;xref_count=0;code_ref_sources=data_initializer_or_unresolved
GOG_PC,0076f664,0x36f664,CMessage::vftable,CMessage,,0040A240,0040A2D0,NATIVE_UI,VERIFIED,EXPORT-GOG-symbols_csv;DP_full.asm;findings/boundaries/cmessage_constructor_table_base_limit.md,2026-10-02,Adjacent meta pointer=0076F660. Raw 0040A240 writes this value to CMessage this; deleting destructor candidate 0040A2D0 rewrites it. Slot extent remains UNKNOWN.
GOG_PC,0076F66C,0x36f66c,CSingleton_CGame_vftable,CSingleton<CGame>,1 observed consecutive executable pointer,0040A2F0,,APPLICATION_LIFECYCLE,VERIFIED,findings/boundaries/phase6_gog_cgame_accessor_qualification.md,2026-10-05,Own RTTI/table metadata; no slot-wide semantics.
GOG_PC,0076f68c,0x36f68c,vftable_0076f68c,UNKNOWN,,,,UNKNOWN,VERIFIED,EXPORT-GOG-symbols_csv,2026-10-01,explicit vftable symbol; adjacent meta pointer=0x0076f688; class and slot extent require pointer-table/constructor analysis;xref_count=0;code_ref_sources=data_initializer_or_unresolved;xref_count=0;code_ref_sources=data_initializer_or_unresolved
GOG_PC,0076f6a4,0x36f6a4,vftable_0076f6a4,UNKNOWN,,,,UNKNOWN,VERIFIED,EXPORT-GOG-symbols_csv,2026-10-01,"explicit vftable symbol; adjacent meta pointer=0x0076f6a0; class and slot extent require pointer-table/constructor analysis;xref_count=547;code_ref_sources=00468ab0:78,005fb9c0:26,00659a90:26,004fa860:16,00641ae0:14,005f87e0:13,00431c20:12,00603030:8;xref_count=547;code_ref_sources=00468ab0:78,005fb9c0:26,00659a90:26,004fa860:16,00641ae0:14,005f87e0:13,00431c20:12,00603030:8"
GOG_PC,0076fc44,0x36fc44,vftable_0076fc44,UNKNOWN,,,,UNKNOWN,VERIFIED,EXPORT-GOG-symbols_csv,2026-10-01,"explicit vftable symbol; adjacent meta pointer=0x0076fc40; class and slot extent require pointer-table/constructor analysis;xref_count=4;code_ref_sources=0040b990:1,0040b9c0:1,0040ba10:1,0040bb70:1;xref_count=4;code_ref_sources=0040b990:1,0040b9c0:1,0040ba10:1,0040bb70:1"
GOG_PC,0076fc54,0x36fc54,vftable_0076fc54,UNKNOWN,,,,UNKNOWN,VERIFIED,EXPORT-GOG-symbols_csv,2026-10-01,"explicit vftable symbol; adjacent meta pointer=0x0076fc50; class and slot extent require pointer-table/constructor analysis;xref_count=2;code_ref_sources=0040ba10:1,0040bb70:1;xref_count=2;code_ref_sources=0040ba10:1,0040bb70:1"
GOG_PC,0076fc60,0x36fc60,vftable_0076fc60,UNKNOWN,,,,UNKNOWN,VERIFIED,EXPORT-GOG-symbols_csv,2026-10-01,explicit vftable symbol; adjacent meta pointer=0x0076fc5c; class and slot extent require pointer-table/constructor analysis;xref_count=0;code_ref_sources=data_initializer_or_unresolved;xref_count=0;code_ref_sources=data_initializer_or_unresolved
GOG_PC,0076fc78,0x36fc78,vftable_0076fc78,UNKNOWN,,,,UNKNOWN,VERIFIED,EXPORT-GOG-symbols_csv,2026-10-01,explicit vftable symbol; adjacent meta pointer=0x0076fc74; class and slot extent require pointer-table/constructor analysis;xref_count=0;code_ref_sources=data_initializer_or_unresolved;xref_count=0;code_ref_sources=data_initializer_or_unresolved
GOG_PC,0076fc90,0x36fc90,vftable_0076fc90,UNKNOWN,,,,UNKNOWN,VERIFIED,EXPORT-GOG-symbols_csv,2026-10-01,explicit vftable symbol; adjacent meta pointer=0x0076fc8c; class and slot extent require pointer-table/constructor analysis;xref_count=0;code_ref_sources=data_initializer_or_unresolved;xref_count=0;code_ref_sources=data_initializer_or_unresolved
GOG_PC,0076fd94,0x36fd94,vftable_0076fd94,UNKNOWN,,,,UNKNOWN,VERIFIED,EXPORT-GOG-symbols_csv,2026-10-01,"explicit vftable symbol; adjacent meta pointer=0x0076fd90; class and slot extent require pointer-table/constructor analysis;xref_count=3;code_ref_sources=0040e140:1,0040e1a0:1,0040e270:1;xref_count=3;code_ref_sources=0040e140:1,0040e1a0:1,0040e270:1"
GOG_PC,0076fda0,0x36fda0,vftable_0076fda0,UNKNOWN,,,,UNKNOWN,VERIFIED,EXPORT-GOG-symbols_csv,2026-10-01,"explicit vftable symbol; adjacent meta pointer=0x0076fd9c; class and slot extent require pointer-table/constructor analysis;xref_count=3;code_ref_sources=0040e190:1,0040e270:1,0040e2f0:1;xref_count=3;code_ref_sources=0040e190:1,0040e270:1,0040e2f0:1"
GOG_PC,0076fdac,0x36fdac,vftable_0076fdac,UNKNOWN,,,,UNKNOWN,VERIFIED,EXPORT-GOG-symbols_csv,2026-10-01,"explicit vftable symbol; adjacent meta pointer=0x0076fda8; class and slot extent require pointer-table/constructor analysis;xref_count=3;code_ref_sources=0040e160:1,0040e230:1,0040e270:1;xref_count=3;code_ref_sources=0040e160:1,0040e230:1,0040e270:1"
GOG_PC,0076fdc0,0x36fdc0,vftable_0076fdc0,UNKNOWN,,,,UNKNOWN,VERIFIED,EXPORT-GOG-symbols_csv,2026-10-01,"explicit vftable symbol; adjacent meta pointer=0x0076fdbc; class and slot extent require pointer-table/constructor analysis;xref_count=2;code_ref_sources=0040e250:1,0040e270:1;xref_count=2;code_ref_sources=0040e250:1,0040e270:1"
GOG_PC,0076fdd0,0x36fdd0,vftable_0076fdd0,UNKNOWN,,,,UNKNOWN,VERIFIED,EXPORT-GOG-symbols_csv,2026-10-01,explicit vftable symbol; adjacent meta pointer=0x0076fdcc; class and slot extent require pointer-table/constructor analysis;xref_count=1;code_ref_sources=0040e1b0:1;xref_count=1;code_ref_sources=0040e1b0:1
GOG_PC,0076fde4,0x36fde4,vftable_0076fde4,UNKNOWN,,,,UNKNOWN,VERIFIED,EXPORT-GOG-symbols_csv,2026-10-01,explicit vftable symbol; adjacent meta pointer=0x0076fde0; class and slot extent require pointer-table/constructor analysis;xref_count=1;code_ref_sources=0040e310:1;xref_count=1;code_ref_sources=0040e310:1
GOG_PC,0076fdf4,0x36fdf4,vftable_0076fdf4,UNKNOWN,,,,UNKNOWN,VERIFIED,EXPORT-GOG-symbols_csv,2026-10-01,"explicit vftable symbol; adjacent meta pointer=0x0076fdf0; class and slot extent require pointer-table/constructor analysis;xref_count=2;code_ref_sources=0040e270:1,0040e310:1;xref_count=2;code_ref_sources=0040e270:1,0040e310:1"
GOG_PC,0076fdfc,0x36fdfc,vftable_0076fdfc,UNKNOWN,,,,UNKNOWN,VERIFIED,EXPORT-GOG-symbols_csv,2026-10-01,explicit vftable symbol; adjacent meta pointer=0x0076fdf8; class and slot extent require pointer-table/constructor analysis;xref_count=1;code_ref_sources=0040e310:1;xref_count=1;code_ref_sources=0040e310:1
GOG_PC,0076fe08,0x36fe08,vftable_0076fe08,UNKNOWN,,,,UNKNOWN,VERIFIED,EXPORT-GOG-symbols_csv,2026-10-01,explicit vftable symbol; adjacent meta pointer=0x0076fe04; class and slot extent require pointer-table/constructor analysis;xref_count=1;code_ref_sources=0040e310:1;xref_count=1;code_ref_sources=0040e310:1
GOG_PC,0076fe14,0x36fe14,vftable_0076fe14,UNKNOWN,,,,UNKNOWN,VERIFIED,EXPORT-GOG-symbols_csv,2026-10-01,explicit vftable symbol; adjacent meta pointer=0x0076fe10; class and slot extent require pointer-table/constructor analysis;xref_count=1;code_ref_sources=0040e310:1;xref_count=1;code_ref_sources=0040e310:1
GOG_PC,0076fe2c,0x36fe2c,vftable_0076fe2c,UNKNOWN,,,,UNKNOWN,VERIFIED,EXPORT-GOG-symbols_csv,2026-10-01,"explicit vftable symbol; adjacent meta pointer=0x0076fe28; class and slot extent require pointer-table/constructor analysis;xref_count=2;code_ref_sources=0040e410:1,0040e440:1;xref_count=2;code_ref_sources=0040e410:1,0040e440:1"
GOG_PC,0076fed0,0x36fed0,vftable_0076fed0,UNKNOWN,,,,UNKNOWN,VERIFIED,EXPORT-GOG-symbols_csv,2026-10-01,explicit vftable symbol; adjacent meta pointer=0x0076fecc; class and slot extent require pointer-table/constructor analysis;xref_count=1;code_ref_sources=0040ed90:1;xref_count=1;code_ref_sources=0040ed90:1
GOG_PC,0076fed8,0x36fed8,vftable_0076fed8,UNKNOWN,,,,UNKNOWN,VERIFIED,EXPORT-GOG-symbols_csv,2026-10-01,"explicit vftable symbol; adjacent meta pointer=0x0076fed4; class and slot extent require pointer-table/constructor analysis;xref_count=35;code_ref_sources=00446910:2,005578a0:2,0058dc40:2,005b6210:2,005dfc10:2,0062ef50:2,0040edb0:1,00433c30:1;xref_count=35;code_ref_sources=00446910:2,005578a0:2,0058dc40:2,005b6210:2,005dfc10:2,0062ef50:2,0040edb0:1,00433c30:1"
GOG_PC,00770208,0x370208,vftable_00770208,UNKNOWN,,,,UNKNOWN,VERIFIED,EXPORT-GOG-symbols_csv,2026-10-01,explicit vftable symbol; adjacent meta pointer=0x00770204; class and slot extent require pointer-table/constructor analysis;xref_count=1;code_ref_sources=00417ad0:1;xref_count=1;code_ref_sources=00417ad0:1
GOG_PC,00770214,0x370214,CCharacter_vftable,OBJ-CCHARACTER,,00410860,0040EE00,OBJECT_DISPATCH,VERIFIED,selector_object_factory.md;DP_decompiled.c;xrefs.csv,2026-10-01,Direct selector-constructor vtable write; secondary writer is a candidate pending lifecycle review.
GOG_PC,007702ac,0x3702ac,vftable_007702ac,UNKNOWN,,,,UNKNOWN,VERIFIED,EXPORT-GOG-symbols_csv,2026-10-01,"explicit vftable symbol; adjacent meta pointer=0x007702a8; class and slot extent require pointer-table/constructor analysis;xref_count=5;code_ref_sources=004724e0:3,00417aa0:1,00418480:1;xref_count=5;code_ref_sources=004724e0:3,00417aa0:1,00418480:1"
GOG_PC,007702b4,0x3702b4,vftable_007702b4,UNKNOWN,,,,UNKNOWN,VERIFIED,EXPORT-GOG-symbols_csv,2026-10-01,"explicit vftable symbol; adjacent meta pointer=0x007702b0; class and slot extent require pointer-table/constructor analysis;xref_count=126;code_ref_sources=00414300:6,00415c30:6,004144c0:4,0042ffc0:4,00430350:4,004430e0:4,0058dc40:4,004145f0:3;xref_count=126;code_ref_sources=00414300:6,00415c30:6,004144c0:4,0042ffc0:4,00430350:4,004430e0:4,0058dc40:4,004145f0:3"
GOG_PC,007702bc,0x3702bc,vftable_007702bc,UNKNOWN,,,,UNKNOWN,VERIFIED,EXPORT-GOG-symbols_csv,2026-10-01,"explicit vftable symbol; adjacent meta pointer=0x007702b8; class and slot extent require pointer-table/constructor analysis;xref_count=2;code_ref_sources=00417af0:1,00418500:1;xref_count=2;code_ref_sources=00417af0:1,00418500:1"
GOG_PC,007713e4,0x3713e4,CMustachesAdmin_vftable,OBJ-CMUSTACHESADMIN,,004274D0;004274F0,00427500,OBJECT_DISPATCH,VERIFIED,selector_object_factory.md;DP_decompiled.c;xrefs.csv,2026-10-01,Named CMustachesAdmin vtable. In-place CPlayer/CMenu and separately allocated CFishingPerson forms are observed; no direct independent registry operation is established.
GOG_PC,007713ec,0x3713ec,vftable_007713ec,UNKNOWN,,,,UNKNOWN,VERIFIED,EXPORT-GOG-symbols_csv,2026-10-01,"explicit vftable symbol; adjacent meta pointer=0x007713e8; class and slot extent require pointer-table/constructor analysis;xref_count=2;code_ref_sources=00427560:1,00427720:1;xref_count=2;code_ref_sources=00427560:1,00427720:1"
GOG_PC,007713f4,0x3713f4,vftable_007713f4,UNKNOWN,,,,UNKNOWN,VERIFIED,EXPORT-GOG-symbols_csv,2026-10-01,"explicit vftable symbol; adjacent meta pointer=0x007713f0; class and slot extent require pointer-table/constructor analysis;xref_count=13;code_ref_sources=00449a30:3,004498c0:2,00449970:2,00449e60:2,00427590:1,004277a0:1,0044ac40:1;xref_count=13;code_ref_sources=00449a30:3,004498c0:2,00449970:2,00449e60:2,00427590:1,004277a0:1,0044ac40:1"
GOG_PC,007713fc,0x3713fc,vftable_007713fc,UNKNOWN,,,,UNKNOWN,VERIFIED,EXPORT-GOG-symbols_csv,2026-10-01,"explicit vftable symbol; adjacent meta pointer=0x007713f8; class and slot extent require pointer-table/constructor analysis;xref_count=2;code_ref_sources=004275c0:1,0076d830:1;xref_count=2;code_ref_sources=004275c0:1,0076d830:1"
GOG_PC,0077141c,0x37141c,CScenedemoPostEffect::vftable,CScenedemoPostEffect,,004276A0,004276E0,OBJECT_DISPATCH,VERIFIED,EXPORT-GOG-symbols_csv;DP_full.asm;findings/boundaries/cthrowlure_dispatcher_direct_caller_limit.md,2026-10-02,Adjacent meta pointer=00771418. Raw initializer 004276A0 writes this temporary base vtable; 004276E0 is the vector-destruction/deleting path. Slot extent remains UNKNOWN.
GOG_PC,00771424,0x371424,CSingleton<CScenedemoPostEffect>::vftable,CSingleton<CScenedemoPostEffect>,,004276A0,004276E0,OBJECT_DISPATCH,VERIFIED,EXPORT-GOG-symbols_csv;DP_full.asm;findings/boundaries/cscenedemo_post_effect_lifecycle_limit.md,2026-10-02,Adjacent meta pointer=00771420. Raw initializer installs this final singleton vtable; its table entry resolves to 004276E0 vector deleting destructor. No direct static caller is found.
GOG_PC,007717b4,0x3717b4,vftable_007717b4,UNKNOWN,,,,UNKNOWN,VERIFIED,EXPORT-GOG-symbols_csv,2026-10-01,"explicit vftable symbol; adjacent meta pointer=0x007717b0; class and slot extent require pointer-table/constructor analysis;xref_count=2;code_ref_sources=00427a90:1,0076d850:1;xref_count=2;code_ref_sources=00427a90:1,0076d850:1"
GOG_PC,00772114,0x372114,vftable_00772114,UNKNOWN,,,,UNKNOWN,VERIFIED,EXPORT-GOG-symbols_csv,2026-10-01,"explicit vftable symbol; adjacent meta pointer=0x00772110; class and slot extent require pointer-table/constructor analysis;xref_count=6;code_ref_sources=0042b040:1,0042b0b0:1,0042b0c0:1,005f44f0:1,0069a3f0:1,0076d860:1;xref_count=6;code_ref_sources=0042b040:1,0042b0b0:1,0042b0c0:1,005f44f0:1,0069a3f0:1,0076d860:1"
GOG_PC,00772128,0x372128,vftable_00772128,UNKNOWN,,,,UNKNOWN,VERIFIED,EXPORT-GOG-symbols_csv,2026-10-01,explicit vftable symbol; adjacent meta pointer=0x00772124; class and slot extent require pointer-table/constructor analysis;xref_count=1;code_ref_sources=004493e0:1;xref_count=1;code_ref_sources=004493e0:1
GOG_PC,00772130,0x372130,vftable_00772130,UNKNOWN,,,,UNKNOWN,VERIFIED,EXPORT-GOG-symbols_csv,2026-10-01,"explicit vftable symbol; adjacent meta pointer=0x0077212c; class and slot extent require pointer-table/constructor analysis;xref_count=2;code_ref_sources=004486f0:1,004494b0:1;xref_count=2;code_ref_sources=004486f0:1,004494b0:1"
GOG_PC,00772138,0x372138,vftable_00772138,UNKNOWN,,,,UNKNOWN,VERIFIED,EXPORT-GOG-symbols_csv,2026-10-01,"explicit vftable symbol; adjacent meta pointer=0x00772134; class and slot extent require pointer-table/constructor analysis;xref_count=2;code_ref_sources=00448930:1,004492d0:1;xref_count=2;code_ref_sources=00448930:1,004492d0:1"
GOG_PC,00772144,0x372144,vftable_00772144,UNKNOWN,,,,UNKNOWN,VERIFIED,EXPORT-GOG-symbols_csv,2026-10-01,"explicit vftable symbol; adjacent meta pointer=0x00772140; class and slot extent require pointer-table/constructor analysis;xref_count=2;code_ref_sources=0042bab0:1,00448cf0:1;xref_count=2;code_ref_sources=0042bab0:1,00448cf0:1"
GOG_PC,0077218c,0x37218c,vftable_0077218c,UNKNOWN,,,,UNKNOWN,VERIFIED,EXPORT-GOG-symbols_csv,2026-10-01,"explicit vftable symbol; adjacent meta pointer=0x00772188; class and slot extent require pointer-table/constructor analysis;xref_count=2;code_ref_sources=00448d70:1,004492e0:1;xref_count=2;code_ref_sources=00448d70:1,004492e0:1"
GOG_PC,00772194,0x372194,vftable_00772194,UNKNOWN,,,,UNKNOWN,VERIFIED,EXPORT-GOG-symbols_csv,2026-10-01,explicit vftable symbol; adjacent meta pointer=0x00772190; class and slot extent require pointer-table/constructor analysis;xref_count=1;code_ref_sources=004493c0:1;xref_count=1;code_ref_sources=004493c0:1
GOG_PC,0077219c,0x37219c,vftable_0077219c,UNKNOWN,,,,UNKNOWN,VERIFIED,EXPORT-GOG-symbols_csv,2026-10-01,explicit vftable symbol; adjacent meta pointer=0x00772198; class and slot extent require pointer-table/constructor analysis;xref_count=1;code_ref_sources=004492c0:1;xref_count=1;code_ref_sources=004492c0:1
GOG_PC,007721ac,0x3721ac,vftable_007721ac,UNKNOWN,,,,UNKNOWN,VERIFIED,EXPORT-GOG-symbols_csv,2026-10-01,"explicit vftable symbol; adjacent meta pointer=0x007721a8; class and slot extent require pointer-table/constructor analysis;xref_count=163;code_ref_sources=005355a0:7,00460c90:5,0049ec10:4,0063ec80:4,0069f740:4,004414f0:3,00537730:3,00665da0:3;xref_count=163;code_ref_sources=005355a0:7,00460c90:5,0049ec10:4,0063ec80:4,0069f740:4,004414f0:3,00537730:3,00665da0:3"
GOG_PC,007721b4,0x3721b4,vftable_007721b4,UNKNOWN,,,,UNKNOWN,VERIFIED,EXPORT-GOG-symbols_csv,2026-10-01,"explicit vftable symbol; adjacent meta pointer=0x007721b0; class and slot extent require pointer-table/constructor analysis;xref_count=4;code_ref_sources=00437730:1,00439ce0:1,00449520:1;xref_count=4;code_ref_sources=00437730:1,00439ce0:1,00449520:1"
GOG_PC,007721bc,0x3721bc,vftable_007721bc,UNKNOWN,,,,UNKNOWN,VERIFIED,EXPORT-GOG-symbols_csv,2026-10-01,"explicit vftable symbol; adjacent meta pointer=0x007721b8; class and slot extent require pointer-table/constructor analysis;xref_count=3;code_ref_sources=0042cc60:1,0042d630:1,00449480:1;xref_count=3;code_ref_sources=0042cc60:1,0042d630:1,00449480:1"
GOG_PC,007721c4,0x3721c4,vftable_007721c4,UNKNOWN,,,,UNKNOWN,VERIFIED,EXPORT-GOG-symbols_csv,2026-10-01,explicit vftable symbol; adjacent meta pointer=0x007721c0; class and slot extent require pointer-table/constructor analysis;xref_count=1;code_ref_sources=00449470:1;xref_count=1;code_ref_sources=00449470:1
GOG_PC,007721CC,0x3721cc,CEvThreadEx_static_table,CEVTHREADEX,18,,,EVENT_SCRIPT,VERIFIED,reports/PHASE6_RETAINED_BRANCH_ADJUDICATION_2026-10-05_SEQ0164.md,2026-10-05,"RawRTTI/table identity only. Extent ifrecorded observedconsecutiveexecutablepointers, notuniversalinterface; currentobject/type/gen/owner UNKNOWN."
GOG_PC,00772304,0x372304,vftable_00772304,UNKNOWN,,,,UNKNOWN,VERIFIED,EXPORT-GOG-symbols_csv,2026-10-01,"explicit vftable symbol; adjacent meta pointer=0x00772300; class and slot extent require pointer-table/constructor analysis;xref_count=3;code_ref_sources=004496d0:1,004496e0:1,0044ae40:1;xref_count=3;code_ref_sources=004496d0:1,004496e0:1,0044ae40:1"
GOG_PC,0077230c,0x37230c,CFade_vftable,OBJ-CFADE,,00449770,,EFFECTS,VERIFIED,EXPORT-GOG-symbols_csv;DP_decompiled.c:51541-51575;selector factory,2026-10-01,Constructor direct vtable write; selector 0x3B; paired Steam vtable 0077231C. Destructor and slot extent remain open.
GOG_PC,00772618,0x372618,vftable_00772618,UNKNOWN,,,,UNKNOWN,VERIFIED,EXPORT-GOG-symbols_csv,2026-10-01,"explicit vftable symbol; adjacent meta pointer=0x00772614; class and slot extent require pointer-table/constructor analysis;xref_count=5;code_ref_sources=00455950:1,00628f80:1,00628fb0:1;xref_count=5;code_ref_sources=00455950:1,00628f80:1,00628fb0:1"
GOG_PC,00772620,0x372620,vftable_00772620,UNKNOWN,,,,UNKNOWN,VERIFIED,EXPORT-GOG-symbols_csv,2026-10-01,"explicit vftable symbol; adjacent meta pointer=0x0077261c; class and slot extent require pointer-table/constructor analysis;xref_count=2;code_ref_sources=00455b10:1,00455c20:1;xref_count=2;code_ref_sources=00455b10:1,00455c20:1"
GOG_PC,00772628,0x372628,vftable_00772628,UNKNOWN,,,,UNKNOWN,VERIFIED,EXPORT-GOG-symbols_csv,2026-10-01,"explicit vftable symbol; adjacent meta pointer=0x00772624; class and slot extent require pointer-table/constructor analysis;xref_count=2;code_ref_sources=00450860:1,00451dc0:1;xref_count=2;code_ref_sources=00450860:1,00451dc0:1"
GOG_PC,0077293c,0x37293c,vftable_0077293c,UNKNOWN,,,,UNKNOWN,VERIFIED,EXPORT-GOG-symbols_csv,2026-10-01,"explicit vftable symbol; adjacent meta pointer=0x00772938; class and slot extent require pointer-table/constructor analysis;xref_count=3;code_ref_sources=004592e0:1,004592f0:1,00459d80:1;xref_count=3;code_ref_sources=004592e0:1,004592f0:1,00459d80:1"
GOG_PC,00772bc4,0x372bc4,CRdObjectModelGame_vftable,OBJ-CRDOBJECTMODELGAME,,0045FA30,,OBJECT_DISPATCH,VERIFIED,selector_object_factory.md;DP_decompiled.c;xrefs.csv,2026-10-01,Direct selector-constructor vtable write; secondary writer is a candidate pending lifecycle review.
GOG_PC,00772e9c,0x372e9c,vftable_00772e9c,UNKNOWN,,,,UNKNOWN,VERIFIED,EXPORT-GOG-symbols_csv,2026-10-01,explicit vftable symbol; adjacent meta pointer=0x00772e98; class and slot extent require pointer-table/constructor analysis;xref_count=1;code_ref_sources=00463430:1;xref_count=1;code_ref_sources=00463430:1
GOG_PC,00773044,0x373044,vftable_00773044,UNKNOWN,,,,UNKNOWN,VERIFIED,EXPORT-GOG-symbols_csv,2026-10-01,"explicit vftable symbol; adjacent meta pointer=0x00773040; class and slot extent require pointer-table/constructor analysis;xref_count=4;code_ref_sources=00463480:1,00469000:1,006ac980:1,0076d910:1;xref_count=4;code_ref_sources=00463480:1,00469000:1,006ac980:1,0076d910:1"
GOG_PC,0077305c,0x37305c,vftable_0077305c,UNKNOWN,,,,UNKNOWN,VERIFIED,EXPORT-GOG-symbols_csv,2026-10-01,explicit vftable symbol; adjacent meta pointer=0x00773058; class and slot extent require pointer-table/constructor analysis;xref_count=1;code_ref_sources=00468fa0:1;xref_count=1;code_ref_sources=00468fa0:1
GOG_PC,0077313c,0x37313c,vftable_0077313c,UNKNOWN,,,,UNKNOWN,VERIFIED,EXPORT-GOG-symbols_csv,2026-10-01,"explicit vftable symbol; adjacent meta pointer=0x00773138; class and slot extent require pointer-table/constructor analysis;xref_count=17;code_ref_sources=0046a060:6,0046a8a0:6,0046fa20:1;xref_count=17;code_ref_sources=0046a060:6,0046a8a0:6,0046fa20:1"
GOG_PC,00773144,0x373144,CSingleton<CSdCore>::vftable,CSingleton<CSdCore>,1,0072b710;0046fad0,0046f9f0,AUDIO,VERIFIED,findings/boundaries/gameplay_audio_organizing_roots.md,2026-10-03,Raw COL/type string decoded; observed one consecutive code pointer. Deleting target identified without actual invocation/lifetime or all-method inference.
GOG_PC,00773154,0x373154,vftable_00773154,UNKNOWN,,,,UNKNOWN,VERIFIED,EXPORT-GOG-symbols_csv,2026-10-01,"explicit vftable symbol; adjacent meta pointer=0x00773150; class and slot extent require pointer-table/constructor analysis;xref_count=2;code_ref_sources=0046a060:1,0046a8a0:1;xref_count=2;code_ref_sources=0046a060:1,0046a8a0:1"
GOG_PC,00773178,0x373178,vftable_00773178,UNKNOWN,,,,UNKNOWN,VERIFIED,EXPORT-GOG-symbols_csv,2026-10-01,"explicit vftable symbol; adjacent meta pointer=0x00773174; class and slot extent require pointer-table/constructor analysis;xref_count=2;code_ref_sources=0046fbc0:1,0076d930:1;xref_count=2;code_ref_sources=0046fbc0:1,0076d930:1"
GOG_PC,00773188,0x373188,vftable_00773188,UNKNOWN,,,,UNKNOWN,VERIFIED,EXPORT-GOG-symbols_csv,2026-10-01,"explicit vftable symbol; adjacent meta pointer=0x00773184; class and slot extent require pointer-table/constructor analysis;xref_count=7;code_ref_sources=0046fbe0:1,0046fbf0:1,0046fc80:1,0046fe60:1,0046ffe0:1,004700d0:1,00470110:1;xref_count=7;code_ref_sources=0046fbe0:1,0046fbf0:1,0046fc80:1,0046fe60:1,0046ffe0:1,004700d0:1,00470110:1"
GOG_PC,007731c0,0x3731c0,vftable_007731c0,UNKNOWN,,,,UNKNOWN,VERIFIED,EXPORT-GOG-symbols_csv,2026-10-01,"explicit vftable symbol; adjacent meta pointer=0x007731bc; class and slot extent require pointer-table/constructor analysis;xref_count=3;code_ref_sources=0046fc10:1,0046fc80:1,004700d0:1;xref_count=3;code_ref_sources=0046fc10:1,0046fc80:1,004700d0:1"
GOG_PC,007731f8,0x3731f8,vftable_007731f8,UNKNOWN,,,,UNKNOWN,VERIFIED,EXPORT-GOG-symbols_csv,2026-10-01,"explicit vftable symbol; adjacent meta pointer=0x007731f4; class and slot extent require pointer-table/constructor analysis;xref_count=3;code_ref_sources=0046fe40:1,0046fe60:1,00470110:1;xref_count=3;code_ref_sources=0046fe40:1,0046fe60:1,00470110:1"
GOG_PC,00773230,0x373230,vftable_00773230,UNKNOWN,,,,UNKNOWN,VERIFIED,EXPORT-GOG-symbols_csv,2026-10-01,explicit vftable symbol; adjacent meta pointer=0x0077322c; class and slot extent require pointer-table/constructor analysis;xref_count=1;code_ref_sources=0046ffc0:1;xref_count=1;code_ref_sources=0046ffc0:1
GOG_PC,00773268,0x373268,vftable_00773268,UNKNOWN,,,,UNKNOWN,VERIFIED,EXPORT-GOG-symbols_csv,2026-10-01,"explicit vftable symbol; adjacent meta pointer=0x00773264; class and slot extent require pointer-table/constructor analysis;xref_count=3;code_ref_sources=00470150:1,00470290:1,004703d0:1;xref_count=3;code_ref_sources=00470150:1,00470290:1,004703d0:1"
GOG_PC,00773270,0x373270,vftable_00773270,UNKNOWN,,,,UNKNOWN,VERIFIED,EXPORT-GOG-symbols_csv,2026-10-01,"explicit vftable symbol; adjacent meta pointer=0x0077326c; class and slot extent require pointer-table/constructor analysis;xref_count=3;code_ref_sources=00470670:1,00470980:1,00470e70:1;xref_count=3;code_ref_sources=00470670:1,00470980:1,00470e70:1"
GOG_PC,007732a4,0x3732a4,vftable_007732a4,UNKNOWN,,,,UNKNOWN,VERIFIED,EXPORT-GOG-symbols_csv,2026-10-01,"explicit vftable symbol; adjacent meta pointer=0x007732a0; class and slot extent require pointer-table/constructor analysis;xref_count=3;code_ref_sources=00471050:1,00471d50:1,00474920:1;xref_count=3;code_ref_sources=00471050:1,00471d50:1,00474920:1"
GOG_PC,007734e8,0x3734e8,vftable_007734e8,UNKNOWN,,,,UNKNOWN,VERIFIED,EXPORT-GOG-symbols_csv,2026-10-01,explicit vftable symbol; adjacent meta pointer=0x007734e4; class and slot extent require pointer-table/constructor analysis;xref_count=1;code_ref_sources=004786a0:1;xref_count=1;code_ref_sources=004786a0:1
GOG_PC,00773554,0x373554,vftable_00773554,UNKNOWN,,,,UNKNOWN,VERIFIED,EXPORT-GOG-symbols_csv,2026-10-01,"explicit vftable symbol; adjacent meta pointer=0x00773550; class and slot extent require pointer-table/constructor analysis;xref_count=2;code_ref_sources=00484c70:1,00606520:1;xref_count=2;code_ref_sources=00484c70:1,00606520:1"
GOG_PC,0077355c,0x37355c,vftable_0077355c,UNKNOWN,,,,UNKNOWN,VERIFIED,EXPORT-GOG-symbols_csv,2026-10-01,"explicit vftable symbol; adjacent meta pointer=0x00773558; class and slot extent require pointer-table/constructor analysis;xref_count=2;code_ref_sources=0047c150:1,0047fac0:1;xref_count=2;code_ref_sources=0047c150:1,0047fac0:1"
GOG_PC,00773a6c,0x373a6c,CNpcAnimal_vftable,OBJ-CNPCANIMAL,,00484EB0,00486CD0,OBJECT_DISPATCH,VERIFIED,selector_object_factory.md;DP_decompiled.c;xrefs.csv,2026-10-01,Direct selector-constructor vtable write; secondary writer is a candidate pending lifecycle review.
GOG_PC,00773c9c,0x373c9c,CNpcBird_vftable,OBJ-CNPCBIRD,,00486DE0,004891A0,OBJECT_DISPATCH,VERIFIED,selector_object_factory.md;DP_decompiled.c;xrefs.csv,2026-10-01,Direct selector-constructor vtable write; secondary writer is a candidate pending lifecycle review.
GOG_PC,00773e98,0x373e98,vftable_00773e98,UNKNOWN,,,,UNKNOWN,VERIFIED,EXPORT-GOG-symbols_csv,2026-10-01,"explicit vftable symbol; adjacent meta pointer=0x00773e94; class and slot extent require pointer-table/constructor analysis;xref_count=20;code_ref_sources=0055ad00:6,00550fd0:4,00489fa0:1,00489fb0:1,0048a0e0:1,00547b50:1,00550500:1;xref_count=20;code_ref_sources=0055ad00:6,00550fd0:4,00489fa0:1,00489fb0:1,0048a0e0:1,00547b50:1,00550500:1"
GOG_PC,00773eb4,0x373eb4,CObject_vftable,OBJ-COBJECT,,00547ac0,,OBJECT_DISPATCH,VERIFIED,EXPORT-GOG-symbols_csv,2026-10-01,"explicit vftable symbol; adjacent meta pointer=0x00773eb0; class and slot extent require pointer-table/constructor analysis;xref_count=2;code_ref_sources=0048a050:1,00547ac0:1;xref_count=2;code_ref_sources=0048a050:1,00547ac0:1"
GOG_PC,00773f64,0x373f64,CObjectCar_own_interface,OBJ-COBJECTCAR,42 observed consecutive executable pointers,00541b70,0048A160,VEHICLE,VERIFIED,findings/boundaries/vehicle_organizing_root.md,2026-10-03,Raw exact type/hierarchy; selected slot+A4 native event5 route. Observed extent not proof all slots understood; mutable callback genealogy/frame placement unknown.
GOG_PC,00774014,0x374014,CNpcCar_vftable,OBJ-CNPCCAR,,004894E0,0048A1F0,OBJECT_DISPATCH,VERIFIED,selector_object_factory.md;DP_decompiled.c;xrefs.csv,2026-10-01,Direct selector-constructor vtable write; secondary writer is a candidate pending lifecycle review.
GOG_PC,00774164,0x374164,CNpcDog_vftable,OBJ-CNPCDOG,,0048A220,0048D580,OBJECT_DISPATCH,VERIFIED,selector_object_factory.md;DP_decompiled.c;xrefs.csv,2026-10-01,Direct selector-constructor vtable write; secondary writer is a candidate pending lifecycle review.
GOG_PC,00774564,0x374564,CNpcEnemy_vftable,OBJ-CNPCENEMY,,0048D6A0,004A1940,OBJECT_DISPATCH,VERIFIED,selector_object_factory.md;DP_decompiled.c;xrefs.csv,2026-10-01,Direct selector-constructor vtable write; secondary writer is a candidate pending lifecycle review.
GOG_PC,0077489c,0x37489c,CNpcThrow_vftable,OBJ-CNPCTHROW,,004A1A20,004A2C10,OBJECT_DISPATCH,VERIFIED,selector_object_factory.md;DP_decompiled.c;xrefs.csv,2026-10-01,Direct selector-constructor vtable write; secondary writer is a candidate pending lifecycle review.
GOG_PC,00774d84,0x374d84,vftable_00774d84,UNKNOWN,,,,UNKNOWN,VERIFIED,EXPORT-GOG-symbols_csv,2026-10-01,explicit vftable symbol; adjacent meta pointer=0x00774d80; class and slot extent require pointer-table/constructor analysis;xref_count=1;code_ref_sources=004b7770:1;xref_count=1;code_ref_sources=004b7770:1
GOG_PC,00774d94,0x374d94,vftable_00774d94,UNKNOWN,,,,UNKNOWN,VERIFIED,EXPORT-GOG-symbols_csv,2026-10-01,"explicit vftable symbol; adjacent meta pointer=0x00774d90; class and slot extent require pointer-table/constructor analysis;xref_count=14;code_ref_sources=004b2940:2,004b2c50:2,004b18b0:1,004b1970:1,004b2e90:1,004b3160:1,004b3260:1,004b3350:1;xref_count=14;code_ref_sources=004b2940:2,004b2c50:2,004b18b0:1,004b1970:1,004b2e90:1,004b3160:1,004b3260:1,004b3350:1"
GOG_PC,00774ecc,0x374ecc,CNpcMob_vftable,OBJ-CNPCMOB,,004B7800,004B8C20,OBJECT_DISPATCH,VERIFIED,selector_object_factory.md;DP_decompiled.c;xrefs.csv,2026-10-01,Direct selector-constructor vtable write; secondary writer is a candidate pending lifecycle review.
GOG_PC,0077562c,0x37562c,CNpcNormal_vftable,OBJ-CNPCNORMAL,,004B9520,004B8C90,OBJECT_DISPATCH,VERIFIED,selector_object_factory.md;DP_decompiled.c;xrefs.csv,2026-10-01,Direct selector-constructor vtable write; secondary writer is a candidate pending lifecycle review.
GOG_PC,00775a08,0x375a08,vftable_00775a08,UNKNOWN,,,,UNKNOWN,VERIFIED,EXPORT-GOG-symbols_csv,2026-10-01,explicit vftable symbol; adjacent meta pointer=0x00775a04; class and slot extent require pointer-table/constructor analysis;xref_count=1;code_ref_sources=004db4a0:1;xref_count=1;code_ref_sources=004db4a0:1
GOG_PC,00775a10,0x375a10,vftable_00775a10,UNKNOWN,,,,UNKNOWN,VERIFIED,EXPORT-GOG-symbols_csv,2026-10-01,"explicit vftable symbol; adjacent meta pointer=0x00775a0c; class and slot extent require pointer-table/constructor analysis;xref_count=2;code_ref_sources=004daab0:1,004db4c0:1;xref_count=2;code_ref_sources=004daab0:1,004db4c0:1"
GOG_PC,00775a2c,0x375a2c,vftable_00775a2c,UNKNOWN,,,,UNKNOWN,VERIFIED,EXPORT-GOG-symbols_csv,2026-10-01,explicit vftable symbol; adjacent meta pointer=0x00775a28; class and slot extent require pointer-table/constructor analysis;xref_count=3;code_ref_sources=004dbd20:1;xref_count=3;code_ref_sources=004dbd20:1
GOG_PC,00775b54,0x375b54,CShot_vftable,OBJ-CSHOT,,004E0EC0,004DEED0,OBJECT_DISPATCH,VERIFIED,selector_object_factory.md;DP_decompiled.c;xrefs.csv,2026-10-01,Direct selector-constructor vtable write; secondary writer is a candidate pending lifecycle review.
GOG_PC,00775ba4,0x375ba4,vftable_00775ba4,UNKNOWN,,,,UNKNOWN,VERIFIED,EXPORT-GOG-symbols_csv,2026-10-01,"explicit vftable symbol; adjacent meta pointer=0x00775ba0; class and slot extent require pointer-table/constructor analysis;xref_count=2;code_ref_sources=004e0f10:1,004e0f30:1;xref_count=2;code_ref_sources=004e0f10:1,004e0f30:1"
GOG_PC,00775d08,0x375d08,vftable_00775d08,UNKNOWN,,,,UNKNOWN,VERIFIED,EXPORT-GOG-symbols_csv,2026-10-01,"explicit vftable symbol; adjacent meta pointer=0x00775d04; class and slot extent require pointer-table/constructor analysis;xref_count=2;code_ref_sources=004e9e50:1,0076d940:1;xref_count=2;code_ref_sources=004e9e50:1,0076d940:1"
GOG_PC,007764f4,0x3764f4,CMustache_vftable,OBJ-CMUSTACHE,,00527240 raw continuation,005280f0,OBJECT_DISPATCH,VERIFIED,findings/boundaries/cmustache_gog_creator_raw_recovery.md,2026-10-02,Raw creator writes vtable in each of three 0x628 registered child allocations.
GOG_PC,00776594,0x376594,vftable_00776594,UNKNOWN,,,,UNKNOWN,VERIFIED,EXPORT-GOG-symbols_csv,2026-10-01,explicit vftable symbol; adjacent meta pointer=0x00776590; class and slot extent require pointer-table/constructor analysis;xref_count=1;code_ref_sources=00528410:1;xref_count=1;code_ref_sources=00528410:1
GOG_PC,007767ec,0x3767ec,CPlayer_vftable,OBJ-CPLAYER,,0052E040,0052EBC0,OBJECT_DISPATCH,VERIFIED,selector_object_factory.md;DP_decompiled.c;xrefs.csv,2026-10-01,Outer selector 0x01 vtable; embedded CMustachesAdmin at +0x80C.
GOG_PC,007774dc,0x3774dc,CObjectDeerHead_vftable,OBJ-COBJECTDEERHEAD,,0056A9A0,0056B290,OBJECT_DISPATCH,VERIFIED,selector_object_factory.md;DP_decompiled.c;xrefs.csv,2026-10-01,Direct selector-constructor vtable write; secondary writer is a candidate pending lifecycle review.
GOG_PC,0077758c,0x37758c,CObjectDeerLock_vftable,OBJ-COBJECTDEERLOCK,,0056A9D0,0056B2C0,OBJECT_DISPATCH,VERIFIED,selector_object_factory.md;DP_decompiled.c;xrefs.csv,2026-10-01,Direct selector-constructor vtable write; secondary writer is a candidate pending lifecycle review.
GOG_PC,0077797c,0x37797c,CObjectExclusive_vftable,OBJ-COBJECTEXCLUSIVE,,0057A030,0057A080,OBJECT_DISPATCH,VERIFIED,selector_object_factory.md;DP_decompiled.c;xrefs.csv,2026-10-01,Direct selector-constructor vtable write; secondary writer is a candidate pending lifecycle review.
GOG_PC,00777a34,0x377a34,CObjectElevator_vftable,OBJ-COBJECTELEVATOR,,00577F90,,OBJECT_DISPATCH,VERIFIED,selector_object_factory.md;DP_decompiled.c;xrefs.csv,2026-10-01,Direct selector-constructor vtable write; secondary writer is a candidate pending lifecycle review.
GOG_PC,00777d54,0x377d54,CObjectHut_vftable,OBJ-COBJECTHUT,,00589FF0,0058AB70,OBJECT_DISPATCH,VERIFIED,selector_object_factory.md;DP_decompiled.c;xrefs.csv,2026-10-01,Direct selector-constructor vtable write; secondary writer is a candidate pending lifecycle review.
GOG_PC,00777e14,0x377e14,CObjectIntercept_vftable,OBJ-COBJECTINTERCEPT,,0058ABB0,0058B300,OBJECT_DISPATCH,VERIFIED,selector_object_factory.md;DP_decompiled.c;xrefs.csv,2026-10-01,Direct selector-constructor vtable write; secondary writer is a candidate pending lifecycle review.
GOG_PC,00778434,0x378434,CObjectJukebox_vftable,OBJ-COBJECTJUKEBOX,,00595CA0,00596730,OBJECT_DISPATCH,VERIFIED,selector_object_factory.md;DP_decompiled.c;xrefs.csv,2026-10-01,Direct selector-constructor vtable write; secondary writer is a candidate pending lifecycle review.
GOG_PC,0077858c,0x37858c,vftable_0077858c,UNKNOWN,,,,UNKNOWN,VERIFIED,EXPORT-GOG-symbols_csv,2026-10-01,"explicit vftable symbol; adjacent meta pointer=0x00778588; class and slot extent require pointer-table/constructor analysis;xref_count=8;code_ref_sources=00599010:1,00599110:1,00599310:1,005994d0:1,00599690:1,0059aad0:1,0059ab00:1,0059ab20:1;xref_count=8;code_ref_sources=00599010:1,00599110:1,00599310:1,005994d0:1,00599690:1,0059aad0:1,0059ab00:1,0059ab20:1"
GOG_PC,007785cc,0x3785cc,CObjectMotionAction_vftable,OBJ-COBJECTMOTIONACTION,,0059AFA0,0059BEC0,OBJECT_DISPATCH,VERIFIED,selector_object_factory.md;DP_decompiled.c;xrefs.csv,2026-10-01,Direct selector-constructor vtable write; secondary writer is a candidate pending lifecycle review.
GOG_PC,007787ec,0x3787ec,CObjectPianoHarry_vftable,OBJ-COBJECTPIANOHARRY,,005A3EB0,005A4240,OBJECT_DISPATCH,VERIFIED,selector_object_factory.md;DP_decompiled.c;xrefs.csv,2026-10-01,Direct selector-constructor vtable write; secondary writer is a candidate pending lifecycle review.
GOG_PC,007789c4,0x3789c4,CObjectShopNeon_vftable,OBJ-COBJECTSHOPNEON,,005AB540,005ABDE0,OBJECT_DISPATCH,VERIFIED,selector_object_factory.md;DP_decompiled.c;xrefs.csv,2026-10-01,Direct selector-constructor vtable write; secondary writer is a candidate pending lifecycle review.
GOG_PC,00778a74,0x378a74,CObjectShopSign_vftable,OBJ-COBJECTSHOPSIGN,,005AB640,005ABE10,OBJECT_DISPATCH,VERIFIED,selector_object_factory.md;DP_decompiled.c;xrefs.csv,2026-10-01,Direct selector-constructor vtable write; secondary writer is a candidate pending lifecycle review.
GOG_PC,00778b8c,0x378b8c,CObjectStretcher_vftable,OBJ-COBJECTSTRETCHER,,005AE550,005B0610,OBJECT_DISPATCH,VERIFIED,selector_object_factory.md;DP_decompiled.c;xrefs.csv,2026-10-01,Direct selector-constructor vtable write; secondary writer is a candidate pending lifecycle review.
GOG_PC,00778c5c,0x378c5c,CObjectSurveilCamera_vftable,OBJ-COBJECTSURVEILCAMERA,,005B0670,005B0CC0,OBJECT_DISPATCH,VERIFIED,selector_object_factory.md;DP_decompiled.c;xrefs.csv,2026-10-01,Direct selector-constructor vtable write; secondary writer is a candidate pending lifecycle review.
GOG_PC,00778fc4,0x378fc4,vftable_00778fc4,UNKNOWN,,,,UNKNOWN,VERIFIED,EXPORT-GOG-symbols_csv,2026-10-01,explicit vftable symbol; adjacent meta pointer=0x00778fc0; class and slot extent require pointer-table/constructor analysis;xref_count=1;code_ref_sources=005b9500:1;xref_count=1;code_ref_sources=005b9500:1
GOG_PC,00779074,0x379074,vftable_00779074,UNKNOWN,,,,UNKNOWN,VERIFIED,EXPORT-GOG-symbols_csv,2026-10-01,explicit vftable symbol; adjacent meta pointer=0x00779070; class and slot extent require pointer-table/constructor analysis;xref_count=1;code_ref_sources=005ba610:1;xref_count=1;code_ref_sources=005ba610:1
GOG_PC,0077915c,0x37915c,CObjectVendor_vftable,OBJ-COBJECTVENDOR,,005BD830,005BDE80,OBJECT_DISPATCH,VERIFIED,selector_object_factory.md;DP_decompiled.c;xrefs.csv,2026-10-01,Direct selector-constructor vtable write; secondary writer is a candidate pending lifecycle review.
GOG_PC,00779364,0x379364,vftable_00779364,UNKNOWN,,,,UNKNOWN,VERIFIED,EXPORT-GOG-symbols_csv,2026-10-01,"explicit vftable symbol; adjacent meta pointer=0x00779360; class and slot extent require pointer-table/constructor analysis;xref_count=5;code_ref_sources=005c6790:2,005c9fd0:1,005c9ff0:1,005ca000:1;xref_count=5;code_ref_sources=005c6790:2,005c9fd0:1,005c9ff0:1,005ca000:1"
GOG_PC,00779370,0x379370,vftable_00779370,UNKNOWN,,,,UNKNOWN,VERIFIED,EXPORT-GOG-symbols_csv,2026-10-01,"explicit vftable symbol; adjacent meta pointer=0x0077936c; class and slot extent require pointer-table/constructor analysis;xref_count=3;code_ref_sources=005ca050:1,005ca140:1,005ca910:1;xref_count=3;code_ref_sources=005ca050:1,005ca140:1,005ca910:1"
GOG_PC,007793ec,0x3793ec,CHouse_vftable,OBJ-CHOUSE,,005CA9E0,005CAA50,OBJECT_DISPATCH,VERIFIED,selector_object_factory.md;DP_decompiled.c;xrefs.csv,2026-10-01,Direct selector-constructor vtable write; secondary writer is a candidate pending lifecycle review.
GOG_PC,0077949c,0x37949c,CLumbermill_vftable,OBJ-CLUMBERMILL,,005CAAC0,005CCC60,OBJECT_DISPATCH,VERIFIED,selector_object_factory.md;DP_decompiled.c;xrefs.csv,2026-10-01,Direct selector-constructor vtable write; secondary writer is a candidate pending lifecycle review.
GOG_PC,0077954c,0x37954c,CBell_vftable,OBJ-CBELL,,005CAD80,,OBJECT_DISPATCH,VERIFIED,selector_object_factory.md;DP_decompiled.c;xrefs.csv,2026-10-01,Direct selector-constructor vtable write; secondary writer is a candidate pending lifecycle review.
GOG_PC,0077989c,0x37989c,CLevel_vftable,OBJ-CLEVEL,33,005ccc90,005ccd20,OBJECT_DISPATCH,VERIFIED,findings/boundaries/phase5_world_resource_retirement.md,2026-10-04,"explicit vftable symbol; adjacent meta pointer=0x00779898; class and slot extent require pointer-table/constructor analysis;xref_count=2;code_ref_sources=005ccc90:1,005ccd20:1;xref_count=2;code_ref_sources=005ccc90:1,005ccd20:1 Phase5 observed33 consecutivecode pointers (notuniversalextent); rawslots0=005cf590/8=006bc630/30=006baa70/4C=005ccea0/50=006c0130. Historical4C locator DISPROVEN; noactualinvocation/GOGbodypromotion."
GOG_PC,00779aa4,0x379aa4,CMap::vftable,CMap,1,005d0750,005d0870,WORLD_STREAMING,VERIFIED,findings/boundaries/cmap_world_level_owner_root.md,2026-10-02,"One observed code pointer before float/data constants. Raw RTTI decoded, slot zero embedded-target teardown/conditional free; not proof of deleting the static root."
GOG_PC,00779fc0,0x379fc0,vftable_00779fc0,UNKNOWN,,,,UNKNOWN,VERIFIED,EXPORT-GOG-symbols_csv,2026-10-01,explicit vftable symbol; adjacent meta pointer=0x00779fbc; class and slot extent require pointer-table/constructor analysis;xref_count=1;code_ref_sources=005da970:1;xref_count=1;code_ref_sources=005da970:1
GOG_PC,00779fc8,0x379fc8,vftable_00779fc8,UNKNOWN,,,,UNKNOWN,VERIFIED,EXPORT-GOG-symbols_csv,2026-10-01,"explicit vftable symbol; adjacent meta pointer=0x00779fc4; class and slot extent require pointer-table/constructor analysis;xref_count=4;code_ref_sources=005dd6d0:1,005e0e00:1,0066daf0:1;xref_count=4;code_ref_sources=005dd6d0:1,005e0e00:1,0066daf0:1"
GOG_PC,00779ffc,0x379ffc,vftable_00779ffc,UNKNOWN,,,,UNKNOWN,VERIFIED,EXPORT-GOG-symbols_csv,2026-10-01,"explicit vftable symbol; adjacent meta pointer=0x00779ff8; class and slot extent require pointer-table/constructor analysis;xref_count=3;code_ref_sources=005e1650:1,005e1f80:1,005e5d40:1;xref_count=3;code_ref_sources=005e1650:1,005e1f80:1,005e5d40:1"
GOG_PC,0077a4f4,0x37a4f4,vftable_0077a4f4,UNKNOWN,,,,UNKNOWN,VERIFIED,EXPORT-GOG-symbols_csv,2026-10-01,"explicit vftable symbol; adjacent meta pointer=0x0077a4f0; class and slot extent require pointer-table/constructor analysis;xref_count=6;code_ref_sources=005e6820:1,005e6830:1,005f5020:1,005f5100:1,005f5230:1,006ab190:1;xref_count=6;code_ref_sources=005e6820:1,005e6830:1,005f5020:1,005f5100:1,005f5230:1,006ab190:1"
GOG_PC,0077a4fc,0x37a4fc,vftable_0077a4fc,UNKNOWN,,,,UNKNOWN,VERIFIED,EXPORT-GOG-symbols_csv,2026-10-01,explicit vftable symbol; adjacent meta pointer=0x0077a4f8; class and slot extent require pointer-table/constructor analysis;xref_count=1;code_ref_sources=005f4f50:1;xref_count=1;code_ref_sources=005f4f50:1
GOG_PC,0077a588,0x37a588,vftable_0077a588,UNKNOWN,,,,UNKNOWN,VERIFIED,EXPORT-GOG-symbols_csv,2026-10-01,explicit vftable symbol; adjacent meta pointer=0x0077a584; class and slot extent require pointer-table/constructor analysis;xref_count=1;code_ref_sources=005f5630:1;xref_count=1;code_ref_sources=005f5630:1
GOG_PC,0077a594,0x37a594,vftable_0077a594,UNKNOWN,,,,UNKNOWN,VERIFIED,EXPORT-GOG-symbols_csv,2026-10-01,"explicit vftable symbol; adjacent meta pointer=0x0077a590; class and slot extent require pointer-table/constructor analysis;xref_count=2;code_ref_sources=005f2630:1,005f2790:1;xref_count=2;code_ref_sources=005f2630:1,005f2790:1"
GOG_PC,0077a5e4,0x37a5e4,CObjectObserve_vftable,OBJ-COBJECTOBSERVE,,005F2980,005F29A0,OBJECT_DISPATCH,VERIFIED,selector_object_factory.md;DP_decompiled.c;xrefs.csv,2026-10-01,Direct selector-constructor vtable write; secondary writer is a candidate pending lifecycle review.
GOG_PC,0077a690,0x37a690,CNpcRecord_vftable,OBJ-CNPCRECORD-EMBEDDED,,005F29D0;005F2A00,005F29E0;005F2A70,OBJECT_DISPATCH,VERIFIED,selector_object_factory.md;DP_decompiled.c;xrefs.csv,2026-10-01,"Embedded at CNpcKiller +0xD28. Standalone vtable-only initializer/deleting-destructor helpers exist, but no independent manager or handle registration is directly evidenced."
GOG_PC,0077a69c,0x37a69c,CNpcKiller_vftable,OBJ-CNPCKILLER,,005F2A00,005F2A70,OBJECT_DISPATCH,VERIFIED,selector_object_factory.md;DP_decompiled.c;xrefs.csv,2026-10-01,Outer selector 0x08 vtable; embedded CNpcRecord at +0xD28.
GOG_PC,0077a86c,0x37a86c,CObjectDoor_vftable,OBJ-COBJECTDOOR,,005f2b20,,OBJECT_DISPATCH,VERIFIED,EXPORT-GOG-symbols_csv;DP_decompiled.c:247155-247181;selector factory,2026-10-01,Base constructor direct vtable write; selector 0x47; reused by specialized door constructors. Teardown and slot extent remain open.
GOG_PC,0077a934,0x37a934,CObjectWristDoor_vftable,OBJ-COBJECTWRISTDOOR,,005F2BD0,,OBJECT_DISPATCH,VERIFIED,selector_object_factory.md;DP_decompiled.c;xrefs.csv,2026-10-01,Direct selector-constructor vtable write; secondary writer is a candidate pending lifecycle review.
GOG_PC,0077a9fc,0x37a9fc,CObjectHandDoor_vftable,OBJ-COBJECTHANDDOOR,,005F2BF0,,OBJECT_DISPATCH,VERIFIED,selector_object_factory.md;DP_decompiled.c;xrefs.csv,2026-10-01,Direct selector-constructor vtable write; secondary writer is a candidate pending lifecycle review.
GOG_PC,0077aac4,0x37aac4,CObjectBrokenDoor_vftable,OBJ-COBJECTBROKENDOOR,,005F2C10,,OBJECT_DISPATCH,VERIFIED,selector_object_factory.md;DP_decompiled.c;xrefs.csv,2026-10-01,Direct selector-constructor vtable write; secondary writer is a candidate pending lifecycle review.
GOG_PC,0077ab8c,0x37ab8c,CObjectSlideDoor_vftable,OBJ-COBJECTSLIDEDOOR,,005F2C80,,OBJECT_DISPATCH,VERIFIED,selector_object_factory.md;DP_decompiled.c;xrefs.csv,2026-10-01,Direct selector-constructor vtable write; secondary writer is a candidate pending lifecycle review.
GOG_PC,0077ac54,0x37ac54,CObjectPushDoor_vftable,OBJ-COBJECTPUSHDOOR,,005F2CF0,,OBJECT_DISPATCH,VERIFIED,selector_object_factory.md;DP_decompiled.c;xrefs.csv,2026-10-01,Direct selector-constructor vtable write; secondary writer is a candidate pending lifecycle review.
GOG_PC,0077ad1c,0x37ad1c,CObjectWesternDoor_vftable,OBJ-COBJECTWESTERNDOOR,,005F2D10,005F2D30,OBJECT_DISPATCH,VERIFIED,selector_object_factory.md;DP_decompiled.c;xrefs.csv,2026-10-01,Direct selector-constructor vtable write; secondary writer is a candidate pending lifecycle review.
GOG_PC,0077adcc,0x37adcc,CObjectHarryGate_vftable,OBJ-COBJECTHARRYGATE,,005F2D60,005F2DA0,OBJECT_DISPATCH,VERIFIED,selector_object_factory.md;DP_decompiled.c;xrefs.csv,2026-10-01,Direct selector-constructor vtable write; secondary writer is a candidate pending lifecycle review.
GOG_PC,0077ae7c,0x37ae7c,CObjectIvyLock_vftable,OBJ-COBJECTIVYLOCK,,005F2DD0,005F2E20,OBJECT_DISPATCH,VERIFIED,selector_object_factory.md;DP_decompiled.c;xrefs.csv,2026-10-01,Direct selector-constructor vtable write; secondary writer is a candidate pending lifecycle review.
GOG_PC,0077af2c,0x37af2c,CObjectDonotCross_vftable,OBJ-COBJECTDONOTCROSS,,005F2E50,005F2E80,OBJECT_DISPATCH,VERIFIED,selector_object_factory.md;DP_decompiled.c;xrefs.csv,2026-10-01,Direct selector-constructor vtable write; secondary writer is a candidate pending lifecycle review.
GOG_PC,0077afdc,0x37afdc,CItem_vftable,OBJ-CITEM,,005F2EB0,005F2ED0,OBJECT_DISPATCH,VERIFIED,selector_object_factory.md;DP_decompiled.c;xrefs.csv,2026-10-01,Direct selector-constructor vtable write; secondary writer is a candidate pending lifecycle review.
GOG_PC,0077b064,0x37b064,CMissile_vftable,OBJ-CMISSILE,,005F2F00,005F2F20,OBJECT_DISPATCH,VERIFIED,selector_object_factory.md;DP_decompiled.c;xrefs.csv,2026-10-01,Direct selector-constructor vtable write; secondary writer is a candidate pending lifecycle review.
GOG_PC,0077b0ec,0x37b0ec,CSignalcartridge_vftable,OBJ-CSIGNALCARTRIDGE,,005F2F50,,OBJECT_DISPATCH,VERIFIED,selector_object_factory.md;DP_decompiled.c;xrefs.csv,2026-10-01,Direct selector-constructor vtable write; secondary writer is a candidate pending lifecycle review.
GOG_PC,0077b13c,0x37b13c,CCartridgecase_vftable,OBJ-CCARTRIDGECASE,,005F2F70,005F2F90,OBJECT_DISPATCH,VERIFIED,selector_object_factory.md;DP_decompiled.c;xrefs.csv,2026-10-01,Direct selector-constructor vtable write; secondary writer is a candidate pending lifecycle review.
GOG_PC,0077b1c4,0x37b1c4,CLight_vftable,OBJ-CLIGHT,,005F2FC0,005F3090,OBJECT_DISPATCH,VERIFIED,selector_object_factory.md;DP_decompiled.c;xrefs.csv,2026-10-01,Direct selector-constructor vtable write; secondary writer is a candidate pending lifecycle review.
GOG_PC,0077b214,0x37b214,CRiver_vftable,OBJ-CRIVER,,005F30C0,005F30E0,OBJECT_DISPATCH,VERIFIED,selector_object_factory.md;DP_decompiled.c;xrefs.csv,2026-10-01,Direct selector-constructor vtable write; secondary writer is a candidate pending lifecycle review.
GOG_PC,0077b29c,0x37b29c,CLake_vftable,OBJ-CLAKE,,005F3110,005F3130,OBJECT_DISPATCH,VERIFIED,selector_object_factory.md;DP_decompiled.c;xrefs.csv,2026-10-01,Direct selector-constructor vtable write; secondary writer is a candidate pending lifecycle review.
GOG_PC,0077b324,0x37b324,CNpcFishingThread_vftable,OBJ-CNPCFISHINGTHREAD,,005F3160,,OBJECT_DISPATCH,VERIFIED,selector_object_factory.md;DP_decompiled.c;xrefs.csv,2026-10-01,Direct selector-constructor vtable write; secondary writer is a candidate pending lifecycle review.
GOG_PC,0077b374,0x37b374,CObjectItem_vftable,OBJ-COBJECTITEM,,005F31A0,005F32E0,OBJECT_DISPATCH,VERIFIED,selector_object_factory.md;DP_decompiled.c;xrefs.csv,2026-10-01,Direct selector-constructor vtable write; secondary writer is a candidate pending lifecycle review.
GOG_PC,0077b424,0x37b424,CObjectItemEffect_vftable,OBJ-COBJECTITEMEFFECT,,005F3310,005F3330,OBJECT_DISPATCH,VERIFIED,selector_object_factory.md;DP_decompiled.c;xrefs.csv,2026-10-01,Direct selector-constructor vtable write; secondary writer is a candidate pending lifecycle review.
GOG_PC,0077b4d4,0x37b4d4,CObjectFreight_vftable,OBJ-COBJECTFREIGHT,,005F3360,005F3380,OBJECT_DISPATCH,VERIFIED,selector_object_factory.md;DP_decompiled.c;xrefs.csv,2026-10-01,Direct constructor/teardown vtable writes; selector 0x48. Slot extent remains open.
GOG_PC,0077b584,0x37b584,CObjectConcreateBlockType1_vftable,OBJ-COBJECTCONCREATEBLOCKTYPE1,,005F33B0,,OBJECT_DISPATCH,VERIFIED,selector_object_factory.md;DP_decompiled.c;xrefs.csv,2026-10-01,Direct selector-constructor vtable write; secondary writer is a candidate pending lifecycle review.
GOG_PC,0077b634,0x37b634,CObjectConcreateBlockType2_vftable,OBJ-COBJECTCONCREATEBLOCKTYPE2,,005F33D0,,OBJECT_DISPATCH,VERIFIED,selector_object_factory.md;DP_decompiled.c;xrefs.csv,2026-10-01,Direct selector-constructor vtable write; secondary writer is a candidate pending lifecycle review.
GOG_PC,0077b6e4,0x37b6e4,CObjectLight_vftable,OBJ-COBJECTLIGHT,,005F33F0,005F3410,OBJECT_DISPATCH,VERIFIED,selector_object_factory.md;DP_decompiled.c;xrefs.csv,2026-10-01,Direct constructor/teardown vtable writes; selector 0x4B. Slot extent remains open.
GOG_PC,0077b794,0x37b794,CObjectLever_vftable,OBJ-COBJECTLEVER,,005F3440,005F3460,OBJECT_DISPATCH,VERIFIED,selector_object_factory.md;DP_decompiled.c;xrefs.csv,2026-10-01,Direct constructor/teardown vtable writes; selector 0x4A. Slot extent remains open.
GOG_PC,0077b844,0x37b844,CObjectWater_vftable,OBJ-COBJECTWATER,,005F3490,005F34B0,OBJECT_DISPATCH,VERIFIED,selector_object_factory.md;DP_decompiled.c;xrefs.csv,2026-10-01,Direct constructor/teardown vtable writes; selector 0x4C. Slot extent remains open.
GOG_PC,0077b8f4,0x37b8f4,CObjectMannequin_vftable,OBJ-COBJECTMANNEQUIN,,005F34E0,005F3500,OBJECT_DISPATCH,VERIFIED,selector_object_factory.md;DP_decompiled.c;xrefs.csv,2026-10-01,Direct selector-constructor vtable write; secondary writer is a candidate pending lifecycle review.
GOG_PC,0077b9a4,0x37b9a4,CObjectPadlock_vftable,OBJ-COBJECTPADLOCK,,005F3530,005F3550,OBJECT_DISPATCH,VERIFIED,selector_object_factory.md;DP_decompiled.c;xrefs.csv,2026-10-01,Direct selector-constructor vtable write; secondary writer is a candidate pending lifecycle review.
GOG_PC,0077ba54,0x37ba54,CObjectSplinter_vftable,OBJ-COBJECTSPLINTER,,005F3580,005F35B0,OBJECT_DISPATCH,VERIFIED,selector_object_factory.md;DP_decompiled.c;xrefs.csv,2026-10-01,Direct selector-constructor vtable write; secondary writer is a candidate pending lifecycle review.
GOG_PC,0077bb04,0x37bb04,CObjectMark_vftable,OBJ-COBJECTMARK,,005F35E0,005F3600,OBJECT_DISPATCH,VERIFIED,selector_object_factory.md;DP_decompiled.c;xrefs.csv,2026-10-01,Direct selector-constructor vtable write; secondary writer is a candidate pending lifecycle review.
GOG_PC,0077bbb4,0x37bbb4,CObjectClock_vftable,OBJ-COBJECTCLOCK,,005F3630,005F3650,OBJECT_DISPATCH,VERIFIED,selector_object_factory.md;DP_decompiled.c;xrefs.csv,2026-10-01,Direct selector-constructor vtable write; secondary writer is a candidate pending lifecycle review.
GOG_PC,0077bc64,0x37bc64,CObjectSignal_vftable,OBJ-COBJECTSIGNAL,,005F3680,005F36A0,OBJECT_DISPATCH,VERIFIED,selector_object_factory.md;DP_decompiled.c;xrefs.csv,2026-10-01,Direct selector-constructor vtable write; secondary writer is a candidate pending lifecycle review.
GOG_PC,0077bd14,0x37bd14,CObjectTelegraphPole_vftable,OBJ-COBJECTTELEGRAPHPOLE,,005F36D0,005F37A0,OBJECT_DISPATCH,VERIFIED,selector_object_factory.md;DP_decompiled.c;xrefs.csv,2026-10-01,Direct selector-constructor vtable write; secondary writer is a candidate pending lifecycle review.
GOG_PC,0077bdc4,0x37bdc4,CObjectFan_vftable,OBJ-COBJECTFAN,,005F37D0,005F37F0,OBJECT_DISPATCH,VERIFIED,selector_object_factory.md;DP_decompiled.c;xrefs.csv,2026-10-01,Direct selector-constructor vtable write; secondary writer is a candidate pending lifecycle review.
GOG_PC,0077be74,0x37be74,CObjectPutGrass_Far_vftable,OBJ-COBJECTPUTGRASS_FAR,,005F3820,005F3840,OBJECT_DISPATCH,VERIFIED,selector_object_factory.md;DP_decompiled.c;xrefs.csv,2026-10-01,Direct selector-constructor vtable write; secondary writer is a candidate pending lifecycle review.
GOG_PC,0077bf24,0x37bf24,CObjectPutGrass_Near_vftable,OBJ-COBJECTPUTGRASS_NEAR,,005F3870,005F3890,OBJECT_DISPATCH,VERIFIED,selector_object_factory.md;DP_decompiled.c;xrefs.csv,2026-10-01,Direct selector-constructor vtable write; secondary writer is a candidate pending lifecycle review.
GOG_PC,0077bfd4,0x37bfd4,CObjectPutGrass_Usual_vftable,OBJ-COBJECTPUTGRASS_USUAL,,005F38C0,005F38E0,OBJECT_DISPATCH,VERIFIED,selector_object_factory.md;DP_decompiled.c;xrefs.csv,2026-10-01,Direct selector-constructor vtable write; secondary writer is a candidate pending lifecycle review.
GOG_PC,0077c084,0x37c084,CObjectShakingGrass_vftable,OBJ-COBJECTSHAKINGGRASS,,005F3910,005F3930,OBJECT_DISPATCH,VERIFIED,selector_object_factory.md;DP_decompiled.c;xrefs.csv,2026-10-01,Direct selector-constructor vtable write; secondary writer is a candidate pending lifecycle review.
GOG_PC,0077c134,0x37c134,CObjectMsPicture_vftable,OBJ-COBJECTMSPICTURE,,005F3960,005F3980,OBJECT_DISPATCH,VERIFIED,selector_object_factory.md;DP_decompiled.c;xrefs.csv,2026-10-01,Direct selector-constructor vtable write; secondary writer is a candidate pending lifecycle review.
GOG_PC,0077c1e4,0x37c1e4,CObjectMsRedPicture_vftable,OBJ-COBJECTMSREDPICTURE,,005F39B0,005F39D0,OBJECT_DISPATCH,VERIFIED,selector_object_factory.md;DP_decompiled.c;xrefs.csv,2026-10-01,Direct selector-constructor vtable write; secondary writer is a candidate pending lifecycle review.
GOG_PC,0077c294,0x37c294,CObjectBronzeStatue_vftable,OBJ-COBJECTBRONZESTATUE,,005F3A00,005F3A70,OBJECT_DISPATCH,VERIFIED,selector_object_factory.md;DP_decompiled.c;xrefs.csv,2026-10-01,Direct selector-constructor vtable write; secondary writer is a candidate pending lifecycle review.
GOG_PC,0077c344,0x37c344,CObjectPushWardrobe_vftable,OBJ-COBJECTPUSHWARDROBE,,005F3AA0,005F3AC0,OBJECT_DISPATCH,VERIFIED,selector_object_factory.md;DP_decompiled.c;xrefs.csv,2026-10-01,Direct selector-constructor vtable write; secondary writer is a candidate pending lifecycle review.
GOG_PC,0077c3f4,0x37c3f4,CObjectWoodenbox_vftable,OBJ-COBJECTWOODENBOX,,005F3AF0,005F3B10,OBJECT_DISPATCH,VERIFIED,selector_object_factory.md;DP_decompiled.c;xrefs.csv,2026-10-01,Direct selector-constructor vtable write; secondary writer is a candidate pending lifecycle review.
GOG_PC,0077c4a4,0x37c4a4,CObjectBrianStoneConstruction_vftable,OBJ-COBJECTBRIANSTONECONSTRUCTION,,005F3B40,005F3B60,OBJECT_DISPATCH,VERIFIED,selector_object_factory.md;DP_decompiled.c;xrefs.csv,2026-10-01,Direct selector-constructor vtable write; secondary writer is a candidate pending lifecycle review.
GOG_PC,0077c554,0x37c554,CObjectMuDeadTree_vftable,OBJ-COBJECTMUDEADTREE,,005F3B90,005F3BB0,OBJECT_DISPATCH,VERIFIED,selector_object_factory.md;DP_decompiled.c;xrefs.csv,2026-10-01,Direct selector-constructor vtable write; secondary writer is a candidate pending lifecycle review.
GOG_PC,0077c604,0x37c604,CObjectToruso_vftable,OBJ-COBJECTTORUSO,,005F3BE0,005F3C00,OBJECT_DISPATCH,VERIFIED,selector_object_factory.md;DP_decompiled.c;xrefs.csv,2026-10-01,Direct selector-constructor vtable write; secondary writer is a candidate pending lifecycle review.
GOG_PC,0077c6b4,0x37c6b4,CObjectChest_vftable,OBJ-COBJECTCHEST,,005F3C30,005F3C50,OBJECT_DISPATCH,VERIFIED,selector_object_factory.md;DP_decompiled.c;xrefs.csv,2026-10-01,Direct selector-constructor vtable write; secondary writer is a candidate pending lifecycle review.
GOG_PC,0077c764,0x37c764,CObjectValve_vftable,OBJ-COBJECTVALVE,,005F3C80,,OBJECT_DISPATCH,VERIFIED,selector_object_factory.md;DP_decompiled.c;xrefs.csv,2026-10-01,Direct selector-constructor vtable write; secondary writer is a candidate pending lifecycle review.
GOG_PC,0077c814,0x37c814,CObjectWinebox_vftable,OBJ-COBJECTWINEBOX,,005F3CA0,005F3CC0,OBJECT_DISPATCH,VERIFIED,selector_object_factory.md;DP_decompiled.c;xrefs.csv,2026-10-01,Direct selector-constructor vtable write; secondary writer is a candidate pending lifecycle review.
GOG_PC,0077c8c4,0x37c8c4,CObjectTelescope_vftable,OBJ-COBJECTTELESCOPE,,005F3CF0,005F3D10,OBJECT_DISPATCH,VERIFIED,selector_object_factory.md;DP_decompiled.c;xrefs.csv,2026-10-01,Direct selector-constructor vtable write; secondary writer is a candidate pending lifecycle review.
GOG_PC,0077c974,0x37c974,CObjectParkingMob_vftable,OBJ-COBJECTPARKINGMOB,,005F3D40,005F3D60,OBJECT_DISPATCH,VERIFIED,selector_object_factory.md;DP_decompiled.c;xrefs.csv,2026-10-01,Direct selector-constructor vtable write; secondary writer is a candidate pending lifecycle review.
GOG_PC,0077ca24,0x37ca24,CObjectNoNameFlawer_vftable,OBJ-COBJECTNONAMEFLAWER,,005F3D90,005F3DB0,OBJECT_DISPATCH,VERIFIED,selector_object_factory.md;DP_decompiled.c;xrefs.csv,2026-10-01,Direct selector-constructor vtable write; secondary writer is a candidate pending lifecycle review.
GOG_PC,0077cad4,0x37cad4,CObjectFieldPhysics_Type1_vftable,OBJ-COBJECTFIELDPHYSICS_TYPE1,,005F3DE0,005F3E00,OBJECT_DISPATCH,VERIFIED,selector_object_factory.md;DP_decompiled.c;xrefs.csv,2026-10-01,Direct selector-constructor vtable write; secondary writer is a candidate pending lifecycle review.
GOG_PC,0077cb84,0x37cb84,CObjectFieldPhysics_Type2_vftable,OBJ-COBJECTFIELDPHYSICS_TYPE2,,005F3E30,005F3E50,OBJECT_DISPATCH,VERIFIED,selector_object_factory.md;DP_decompiled.c;xrefs.csv,2026-10-01,Direct selector-constructor vtable write; secondary writer is a candidate pending lifecycle review.
GOG_PC,0077cc34,0x37cc34,CObjectFieldPhysics_Type3_vftable,OBJ-COBJECTFIELDPHYSICS_TYPE3,,005F3E80,005F3EC0,OBJECT_DISPATCH,VERIFIED,selector_object_factory.md;DP_decompiled.c;xrefs.csv,2026-10-01,Direct selector-constructor vtable write; secondary writer is a candidate pending lifecycle review.
GOG_PC,0077cce4,0x37cce4,CObjectFieldPhysics_Drum_vftable,OBJ-COBJECTFIELDPHYSICS_DRUM,,005F3EF0,005F3F10,OBJECT_DISPATCH,VERIFIED,selector_object_factory.md;DP_decompiled.c;xrefs.csv,2026-10-01,Direct selector-constructor vtable write; secondary writer is a candidate pending lifecycle review.
GOG_PC,0077cd94,0x37cd94,CObjectFieldPhysics_Type4_vftable,OBJ-COBJECTFIELDPHYSICS_TYPE4,,005F3F40,005F3F60,OBJECT_DISPATCH,VERIFIED,selector_object_factory.md;DP_decompiled.c;xrefs.csv,2026-10-01,Direct selector-constructor vtable write; secondary writer is a candidate pending lifecycle review.
GOG_PC,0077ce44,0x37ce44,CObjectFieldPhysics_BasketBall_vftable,OBJ-COBJECTFIELDPHYSICS_BASKETBALL,,005F3F90,005F3FB0,OBJECT_DISPATCH,VERIFIED,selector_object_factory.md;DP_decompiled.c;xrefs.csv,2026-10-01,Direct selector-constructor vtable write; secondary writer is a candidate pending lifecycle review.
GOG_PC,0077cef4,0x37cef4,CObjectDetails_vftable,OBJ-COBJECTDETAILS,,005F3FE0,005F4000,OBJECT_DISPATCH,VERIFIED,selector_object_factory.md;DP_decompiled.c;xrefs.csv,2026-10-01,Direct selector-constructor vtable write; secondary writer is a candidate pending lifecycle review.
GOG_PC,0077cfa4,0x37cfa4,CObjectCloth_vftable,OBJ-COBJECTCLOTH,,005F4030,005F4050,OBJECT_DISPATCH,VERIFIED,selector_object_factory.md;DP_decompiled.c;xrefs.csv,2026-10-01,Direct selector-constructor vtable write; secondary writer is a candidate pending lifecycle review.
GOG_PC,0077d054,0x37d054,CObjectMergeTree_vftable,OBJ-COBJECTMERGETREE,,005F4080,005F40B0,OBJECT_DISPATCH,VERIFIED,selector_object_factory.md;DP_decompiled.c;xrefs.csv,2026-10-01,Direct selector-constructor vtable write; secondary writer is a candidate pending lifecycle review.
GOG_PC,0077d104,0x37d104,CObjectHideBox_vftable,OBJ-COBJECTHIDEBOX,,005F40E0,005F4100,OBJECT_DISPATCH,VERIFIED,selector_object_factory.md;DP_decompiled.c;xrefs.csv,2026-10-01,Direct selector-constructor vtable write; secondary writer is a candidate pending lifecycle review.
GOG_PC,0077d1b4,0x37d1b4,CObjectShaft_vftable,OBJ-COBJECTSHAFT,,005F4130,005F4180,OBJECT_DISPATCH,VERIFIED,selector_object_factory.md;DP_decompiled.c;xrefs.csv,2026-10-01,Direct selector-constructor vtable write; secondary writer is a candidate pending lifecycle review.
GOG_PC,0077d264,0x37d264,vftable_0077d264,UNKNOWN,,,,UNKNOWN,VERIFIED,EXPORT-GOG-symbols_csv,2026-10-01,explicit vftable symbol; adjacent meta pointer=0x0077d260; class and slot extent require pointer-table/constructor analysis;xref_count=1;code_ref_sources=005f4220:1;xref_count=1;code_ref_sources=005f4220:1
GOG_PC,0077d32c,0x37d32c,CObjectItembox_vftable,OBJ-COBJECTITEMBOX,,005F41B0,,OBJECT_DISPATCH,VERIFIED,selector_object_factory.md;DP_decompiled.c;xrefs.csv,2026-10-01,Direct selector-constructor vtable write; secondary writer is a candidate pending lifecycle review.
GOG_PC,0077d3f4,0x37d3f4,CObjectToolbox_vftable,OBJ-COBJECTTOOLBOX,,005F41F0,,OBJECT_DISPATCH,VERIFIED,selector_object_factory.md;DP_decompiled.c;xrefs.csv,2026-10-01,Direct selector-constructor vtable write; secondary writer is a candidate pending lifecycle review.
GOG_PC,0077d4bc,0x37d4bc,CObjectSuitcase_vftable,OBJ-COBJECTSUITCASE,,005F4270,,OBJECT_DISPATCH,VERIFIED,selector_object_factory.md;DP_decompiled.c;xrefs.csv,2026-10-01,Direct selector-constructor vtable write; secondary writer is a candidate pending lifecycle review.
GOG_PC,0077d584,0x37d584,CObjectAutoslide_vftable,OBJ-COBJECTAUTOSLIDE,,005F42A0,005F4340,OBJECT_DISPATCH,VERIFIED,selector_object_factory.md;DP_decompiled.c;xrefs.csv,2026-10-01,Direct selector-constructor vtable write; secondary writer is a candidate pending lifecycle review.
GOG_PC,0077d634,0x37d634,CObjectMRI_vftable,OBJ-COBJECTMRI,,005F4370,005F43A0,OBJECT_DISPATCH,VERIFIED,selector_object_factory.md;DP_decompiled.c;xrefs.csv,2026-10-01,Direct selector-constructor vtable write; secondary writer is a candidate pending lifecycle review.
GOG_PC,0077d6e4,0x37d6e4,CObjectConceal_vftable,OBJ-COBJECTCONCEAL,,005F43D0,005F43F0,OBJECT_DISPATCH,VERIFIED,selector_object_factory.md;DP_decompiled.c;xrefs.csv,2026-10-01,Direct selector-constructor vtable write; secondary writer is a candidate pending lifecycle review.
GOG_PC,0077d794,0x37d794,CObjectGear_vftable,OBJ-COBJECTGEAR,,005F4420,005F4450,OBJECT_DISPATCH,VERIFIED,selector_object_factory.md;DP_decompiled.c;xrefs.csv,2026-10-01,Direct selector-constructor vtable write; secondary writer is a candidate pending lifecycle review.
GOG_PC,0077d844,0x37d844,CObjectTarget_vftable,OBJ-COBJECTTARGET,,005F4480,005F44F0,OBJECT_DISPATCH,VERIFIED,selector_object_factory.md;DP_decompiled.c;xrefs.csv,2026-10-01,Direct selector-constructor vtable write; secondary writer is a candidate pending lifecycle review.
GOG_PC,0077d8f4,0x37d8f4,CObjectPhone_vftable,OBJ-COBJECTPHONE,,005F4520,005F4540,OBJECT_DISPATCH,VERIFIED,selector_object_factory.md;DP_decompiled.c;xrefs.csv,2026-10-01,Direct selector-constructor vtable write; secondary writer is a candidate pending lifecycle review.
GOG_PC,0077d9a4,0x37d9a4,CObjectBlood_vftable,OBJ-COBJECTBLOOD,,005F4570,005F4590,OBJECT_DISPATCH,VERIFIED,selector_object_factory.md;DP_decompiled.c;xrefs.csv,2026-10-01,Direct selector-constructor vtable write; secondary writer is a candidate pending lifecycle review.
GOG_PC,0077da54,0x37da54,CObjectWirenet_vftable,OBJ-COBJECTWIRENET,,005F45C0,005F4600,OBJECT_DISPATCH,VERIFIED,selector_object_factory.md;DP_decompiled.c;xrefs.csv,2026-10-01,Direct selector-constructor vtable write; secondary writer is a candidate pending lifecycle review.
GOG_PC,0077db04,0x37db04,CObjectTVScreen_vftable,OBJ-COBJECTTVSCREEN,,005F4630,005F46A0,OBJECT_DISPATCH,VERIFIED,selector_object_factory.md;DP_decompiled.c;xrefs.csv,2026-10-01,Direct selector-constructor vtable write; secondary writer is a candidate pending lifecycle review.
GOG_PC,0077dbb4,0x37dbb4,CObjectBrokenTV_vftable,OBJ-COBJECTBROKENTV,,005F46D0,005F46F0,OBJECT_DISPATCH,VERIFIED,selector_object_factory.md;DP_decompiled.c;xrefs.csv,2026-10-01,Direct selector-constructor vtable write; secondary writer is a candidate pending lifecycle review.
GOG_PC,0077dc64,0x37dc64,CObjectHarryMonitor_vftable,OBJ-COBJECTHARRYMONITOR,,005F4720,005F4740,OBJECT_DISPATCH,VERIFIED,selector_object_factory.md;DP_decompiled.c;xrefs.csv,2026-10-01,Direct selector-constructor vtable write; secondary writer is a candidate pending lifecycle review.
GOG_PC,0077dd14,0x37dd14,CObjectMoniter_vftable,OBJ-COBJECTMONITER,,005F4770,005F4790,OBJECT_DISPATCH,VERIFIED,selector_object_factory.md;DP_decompiled.c;xrefs.csv,2026-10-01,Direct selector-constructor vtable write; secondary writer is a candidate pending lifecycle review.
GOG_PC,0077ddc4,0x37ddc4,CObjectCoffee_vftable,OBJ-COBJECTCOFFEE,,005F47C0,,OBJECT_DISPATCH,VERIFIED,selector_object_factory.md;DP_decompiled.c;xrefs.csv,2026-10-01,Direct selector-constructor vtable write; secondary writer is a candidate pending lifecycle review.
GOG_PC,0077de74,0x37de74,CObjectShutter_vftable,OBJ-COBJECTSHUTTER,,005F4800,005F4830,OBJECT_DISPATCH,VERIFIED,selector_object_factory.md;DP_decompiled.c;xrefs.csv,2026-10-01,Direct selector-constructor vtable write; secondary writer is a candidate pending lifecycle review.
GOG_PC,0077df24,0x37df24,CObjectGarage_vftable,OBJ-COBJECTGARAGE,,005F4860,005F4880,OBJECT_DISPATCH,VERIFIED,selector_object_factory.md;DP_decompiled.c;xrefs.csv,2026-10-01,Direct selector-constructor vtable write; secondary writer is a candidate pending lifecycle review.
GOG_PC,0077dfd4,0x37dfd4,CObjectOldTree_vftable,OBJ-COBJECTOLDTREE,,005F48B0,005F48D0,OBJECT_DISPATCH,VERIFIED,selector_object_factory.md;DP_decompiled.c;xrefs.csv,2026-10-01,Direct selector-constructor vtable write; secondary writer is a candidate pending lifecycle review.
GOG_PC,0077e084,0x37e084,CObjectCrowsNest_vftable,OBJ-COBJECTCROWSNEST,,005F4900,005F4A00,OBJECT_DISPATCH,VERIFIED,selector_object_factory.md;DP_decompiled.c;xrefs.csv,2026-10-01,Direct selector-constructor vtable write; secondary writer is a candidate pending lifecycle review.
GOG_PC,0077e134,0x37e134,CObjectShockWave_vftable,OBJ-COBJECTSHOCKWAVE,,005F4A30,005F4A50,OBJECT_DISPATCH,VERIFIED,selector_object_factory.md;DP_decompiled.c;xrefs.csv,2026-10-01,Direct selector-constructor vtable write; secondary writer is a candidate pending lifecycle review.
GOG_PC,0077e1e4,0x37e1e4,CObjectShockWaveBody_vftable,OBJ-COBJECTSHOCKWAVEBODY,,005F4A80,005F4AA0,OBJECT_DISPATCH,VERIFIED,selector_object_factory.md;DP_decompiled.c;xrefs.csv,2026-10-01,Direct selector-constructor vtable write; secondary writer is a candidate pending lifecycle review.
GOG_PC,0077e294,0x37e294,CObjectSpecies_vftable,OBJ-COBJECTSPECIES,,005F4AD0,005F4AF0,OBJECT_DISPATCH,VERIFIED,selector_object_factory.md;DP_decompiled.c;xrefs.csv,2026-10-01,Direct selector-constructor vtable write; secondary writer is a candidate pending lifecycle review.
GOG_PC,0077e344,0x37e344,CObjectDarts_vftable,OBJ-COBJECTDARTS,,005F4B20,005F4B70,OBJECT_DISPATCH,VERIFIED,selector_object_factory.md;DP_decompiled.c;xrefs.csv,2026-10-01,Direct selector-constructor vtable write; secondary writer is a candidate pending lifecycle review.
GOG_PC,0077e3f4,0x37e3f4,CObjectDartsMachine_vftable,OBJ-COBJECTDARTSMACHINE,,005F4BA0,005F4BD0,OBJECT_DISPATCH,VERIFIED,selector_object_factory.md;DP_decompiled.c;xrefs.csv,2026-10-01,Direct selector-constructor vtable write; secondary writer is a candidate pending lifecycle review.
GOG_PC,0077e4a4,0x37e4a4,CObjectBloodstain_vftable,OBJ-COBJECTBLOODSTAIN,,005F4C00,005F4C20,OBJECT_DISPATCH,VERIFIED,selector_object_factory.md;DP_decompiled.c;xrefs.csv,2026-10-01,Direct selector-constructor vtable write; secondary writer is a candidate pending lifecycle review.
GOG_PC,0077e554,0x37e554,CObjectWeed_vftable,OBJ-COBJECTWEED,,005F4C50,005F4C80,OBJECT_DISPATCH,VERIFIED,selector_object_factory.md;DP_decompiled.c;xrefs.csv,2026-10-01,Direct selector-constructor vtable write; secondary writer is a candidate pending lifecycle review.
GOG_PC,0077e604,0x37e604,CObjectFountain_vftable,OBJ-COBJECTFOUNTAIN,,005F4CB0,005F4CD0,OBJECT_DISPATCH,VERIFIED,selector_object_factory.md;DP_decompiled.c;xrefs.csv,2026-10-01,Direct selector-constructor vtable write; secondary writer is a candidate pending lifecycle review.
GOG_PC,0077e6b4,0x37e6b4,CObjectWell_vftable,OBJ-COBJECTWELL,,005F4D00,005F4D80,OBJECT_DISPATCH,VERIFIED,selector_object_factory.md;DP_decompiled.c;xrefs.csv,2026-10-01,Direct selector-constructor vtable write; secondary writer is a candidate pending lifecycle review.
GOG_PC,0077e764,0x37e764,CEffectFootPrint_vftable,OBJ-CEFFECTFOOTPRINT,,005F4DB0,,OBJECT_DISPATCH,VERIFIED,selector_object_factory.md;DP_decompiled.c;xrefs.csv,2026-10-01,Direct selector-constructor vtable write; secondary writer is a candidate pending lifecycle review.
GOG_PC,0077e7b4,0x37e7b4,CEffectSonicWave_vftable,OBJ-CEFFECTSONICWAVE,,005F4E00,,OBJECT_DISPATCH,VERIFIED,selector_object_factory.md;DP_decompiled.c;xrefs.csv,2026-10-01,Direct selector-constructor vtable write; secondary writer is a candidate pending lifecycle review.
GOG_PC,0077e804,0x37e804,CEffectTear_vftable,OBJ-CEFFECTTEAR,,005F4E20,005F4E40,OBJECT_DISPATCH,VERIFIED,selector_object_factory.md;DP_decompiled.c;xrefs.csv,2026-10-01,Direct selector-constructor vtable write; secondary writer is a candidate pending lifecycle review.
GOG_PC,0077e88c,0x37e88c,CEffectTrail_vftable,OBJ-CEFFECTTRAIL,,005F4E70,,OBJECT_DISPATCH,VERIFIED,selector_object_factory.md;DP_decompiled.c;xrefs.csv,2026-10-01,Direct selector-constructor vtable write; secondary writer is a candidate pending lifecycle review.
GOG_PC,0077e8dc,0x37e8dc,CEffectTireTrace_vftable,OBJ-CEFFECTTIRETRACE,,005F4E90,,OBJECT_DISPATCH,VERIFIED,selector_object_factory.md;DP_decompiled.c;xrefs.csv,2026-10-01,Direct selector-constructor vtable write; secondary writer is a candidate pending lifecycle review.
GOG_PC,0077e934,0x37e934,CEffectRecover_vftable,OBJ-CEFFECTRECOVER,,005F4EB0,,OBJECT_DISPATCH,VERIFIED,selector_object_factory.md;DP_decompiled.c;xrefs.csv,2026-10-01,Direct selector-constructor vtable write; secondary writer is a candidate pending lifecycle review.
GOG_PC,0077e984,0x37e984,CEffectBloodMark_vftable,OBJ-CEFFECTBLOODMARK,,005F4EE0,,OBJECT_DISPATCH,VERIFIED,selector_object_factory.md;DP_decompiled.c;xrefs.csv,2026-10-01,Direct selector-constructor vtable write; secondary writer is a candidate pending lifecycle review.
GOG_PC,0077e9d4,0x37e9d4,CThrowLure_vftable,OBJ-CTHROWLURE,,005f4f00,005f4f20,FISHING,VERIFIED,EXPORT-GOG-symbols_csv;DP_decompiled.c:250431-250453;selector factory,2026-10-01,Constructor/teardown direct vtable writes; selector 0x44. Slot extent remains open. Raw vtable bytes establish slot +0x04 as scale initialization and slot +0x30 as active_object_mark_for_retirement (006BAB20 Steam / 006BAA70 GOG).
GOG_PC,0077ea5c,0x37ea5c,CObjectCPhysicsChain_vftable,OBJ-COBJECTCPHYSICSCHAIN,,005f5020,005f50d0,EFFECTS,VERIFIED,EXPORT-GOG-symbols_csv;DP_decompiled.c:250497-250541;selector factory,2026-10-01,Constructor/teardown direct outer-vtable writes; selector 0x42; embedded CSoundLoop at +0x434. Slot extent remains open.
GOG_PC,0077eaec,0x37eaec,CObjectCHookChain_vftable,OBJ-COBJECTCHOOKCHAIN,,005f5100,005f5200,EFFECTS,VERIFIED,EXPORT-GOG-symbols_csv;DP_decompiled.c:250549-250603;selector factory,2026-10-01,Constructor/teardown direct outer-vtable writes; selector 0x40; embedded CSoundLoop at +0x434. Slot extent remains open.
GOG_PC,0077eb7c,0x37eb7c,CObjectCTackleChain_vftable,OBJ-COBJECTCTACKLECHAIN,,005f5230,005f5370,EFFECTS,VERIFIED,EXPORT-GOG-symbols_csv;DP_decompiled.c:250611-250679;selector factory,2026-10-01,Constructor/teardown direct outer-vtable writes; selector 0x41; embedded CSoundLoop at +0x434. Slot extent remains open.
GOG_PC,0077ec0c,0x37ec0c,CSignOutMessage_vftable,OBJ-CSIGNOUTMESSAGE,,005f54d0,,NATIVE_UI,VERIFIED,EXPORT-GOG-symbols_csv;DP_decompiled.c:250701-250707;selector factory,2026-10-01,Constructor direct vtable write; selector 0x3C; paired Steam vtable 0077EC1C. Lifecycle and slot extent remain open.
GOG_PC,0077ec5c,0x37ec5c,CObjectDogHead_vftable,OBJ-COBJECTDOGHEAD,,005F54F0,,OBJECT_DISPATCH,VERIFIED,selector_object_factory.md;DP_decompiled.c;xrefs.csv,2026-10-01,Direct selector-constructor vtable write; secondary writer is a candidate pending lifecycle review.
GOG_PC,0077ed0c,0x37ed0c,CObjectEmCloth_vftable,OBJ-COBJECTEMCLOTH,,005F5510,,OBJECT_DISPATCH,VERIFIED,selector_object_factory.md;DP_decompiled.c;xrefs.csv,2026-10-01,Direct selector-constructor vtable write; secondary writer is a candidate pending lifecycle review.
GOG_PC,0077edbc,0x37edbc,CObjectChain_vftable,OBJ-COBJECTCHAIN,,005F5530,,OBJECT_DISPATCH,VERIFIED,selector_object_factory.md;DP_decompiled.c;xrefs.csv,2026-10-01,Direct selector-constructor vtable write; secondary writer is a candidate pending lifecycle review.
GOG_PC,0077ee6c,0x37ee6c,CObjectPotato_vftable,OBJ-COBJECTPOTATO,,005F5550,,OBJECT_DISPATCH,VERIFIED,selector_object_factory.md;DP_decompiled.c;xrefs.csv,2026-10-01,Direct selector-constructor vtable write; secondary writer is a candidate pending lifecycle review.
GOG_PC,0077ef1c,0x37ef1c,CObjectGlass_vftable,OBJ-COBJECTGLASS,,005F5570,,OBJECT_DISPATCH,VERIFIED,selector_object_factory.md;DP_decompiled.c;xrefs.csv,2026-10-01,Direct selector-constructor vtable write; secondary writer is a candidate pending lifecycle review.
GOG_PC,0077efcc,0x37efcc,CObjectRedStandLamp_vftable,OBJ-COBJECTREDSTANDLAMP,,005F5590,,OBJECT_DISPATCH,VERIFIED,selector_object_factory.md;DP_decompiled.c;xrefs.csv,2026-10-01,Direct selector-constructor vtable write; secondary writer is a candidate pending lifecycle review.
GOG_PC,0077f07c,0x37f07c,CObjectFallHand_vftable,OBJ-COBJECTFALLHAND,,005F55B0,,OBJECT_DISPATCH,VERIFIED,selector_object_factory.md;DP_decompiled.c;xrefs.csv,2026-10-01,Direct selector-constructor vtable write; secondary writer is a candidate pending lifecycle review.
GOG_PC,0077f12c,0x37f12c,CObjectManTarget_vftable,OBJ-COBJECTMANTARGET,,005F55D0,,OBJECT_DISPATCH,VERIFIED,selector_object_factory.md;DP_decompiled.c;xrefs.csv,2026-10-01,Direct selector-constructor vtable write; secondary writer is a candidate pending lifecycle review.
GOG_PC,0077f1dc,0x37f1dc,CObjectDestructGate_vftable,OBJ-COBJECTDESTRUCTGATE,,005F55F0,,OBJECT_DISPATCH,VERIFIED,selector_object_factory.md;DP_decompiled.c;xrefs.csv,2026-10-01,Direct selector-constructor vtable write; secondary writer is a candidate pending lifecycle review.
GOG_PC,0077f28c,0x37f28c,CObjectMaterialOnFloor_vftable,OBJ-COBJECTMATERIALONFLOOR,,005F5610,,OBJECT_DISPATCH,VERIFIED,selector_object_factory.md;DP_decompiled.c;xrefs.csv,2026-10-01,Direct selector-constructor vtable write; secondary writer is a candidate pending lifecycle review.
GOG_PC,0077f338,0x37f338,vftable_0077f338,UNKNOWN,,,,UNKNOWN,VERIFIED,EXPORT-GOG-symbols_csv,2026-10-01,"explicit vftable symbol; adjacent meta pointer=0x0077f334; class and slot extent require pointer-table/constructor analysis;xref_count=3;code_ref_sources=005e74e0:1,005e7500:1,005f58e0:1;xref_count=3;code_ref_sources=005e74e0:1,005e7500:1,005f58e0:1"
GOG_PC,0077f344,0x37f344,CEffectRipple_vftable,OBJ-CEFFECTRIPPLE,,005F5650,,OBJECT_DISPATCH,VERIFIED,selector_object_factory.md;DP_decompiled.c;xrefs.csv,2026-10-01,Direct selector-constructor vtable write; secondary writer is a candidate pending lifecycle review.
GOG_PC,0077f394,0x37f394,CObjectShelf_vftable,OBJ-COBJECTSHELF,,005F5670,005F5690,OBJECT_DISPATCH,VERIFIED,selector_object_factory.md;DP_decompiled.c;xrefs.csv,2026-10-01,Direct constructor/teardown vtable writes; selector 0x49. Slot extent remains open.
GOG_PC,0077f444,0x37f444,CObjectTreeshaphand_vftable,OBJ-COBJECTTREESHAPHAND,,005F56C0,005F56E0,OBJECT_DISPATCH,VERIFIED,selector_object_factory.md;DP_decompiled.c;xrefs.csv,2026-10-01,Direct constructor/teardown vtable writes; selector 0x4D. Slot extent remains open.
GOG_PC,0077f4f4,0x37f4f4,CObjectTreeshaphand_Museam_vftable,OBJ-COBJECTTREESHAPHAND_MUSEAM,,005F5710,005F5730,OBJECT_DISPATCH,VERIFIED,selector_object_factory.md;DP_decompiled.c;xrefs.csv,2026-10-01,Direct constructor/teardown vtable writes; selector 0x4E. Slot extent remains open.
GOG_PC,0077f5a4,0x37f5a4,CEffectHaze_vftable,OBJ-CEFFECTHAZE,,005f5760,005f5830,EFFECTS,VERIFIED,EXPORT-GOG-symbols_csv,2026-10-01,"explicit vftable symbol; adjacent meta pointer=0x0077f5a0; class and slot extent require pointer-table/constructor analysis;xref_count=2;code_ref_sources=005f5760:1,005f5830:1;xref_count=2;code_ref_sources=005f5760:1,005f5830:1"
GOG_PC,0077f6ec,0x37f6ec,CCar_own_deleting_interface,CCAR-STATIC,1 observed executable pointer,PE vptr;raw0076B480,005F5E80,VEHICLE,VERIFIED,findings/boundaries/vehicle_organizing_root.md,2026-10-03,"Exact raw RTTI; finalizer/deleting vptr rewrite, embedded-member cleanup; actual static free UNKNOWN."
GOG_PC,0077f7b0,0x37f7b0,vftable_0077f7b0,UNKNOWN,,,,UNKNOWN,VERIFIED,EXPORT-GOG-symbols_csv,2026-10-01,"explicit vftable symbol; adjacent meta pointer=0x0077f7ac; class and slot extent require pointer-table/constructor analysis;xref_count=2;code_ref_sources=005f8590:1,005fad70:1;xref_count=2;code_ref_sources=005f8590:1,005fad70:1"
GOG_PC,0077f844,0x37f844,vftable_0077f844,UNKNOWN,,,,UNKNOWN,VERIFIED,EXPORT-GOG-symbols_csv,2026-10-01,explicit vftable symbol; adjacent meta pointer=0x0077f840; class and slot extent require pointer-table/constructor analysis;xref_count=1;code_ref_sources=005ff2b0:1;xref_count=1;code_ref_sources=005ff2b0:1
GOG_PC,0077f894,0x37f894,vftable_0077f894,UNKNOWN,,,,UNKNOWN,VERIFIED,EXPORT-GOG-symbols_csv,2026-10-01,"explicit vftable symbol; adjacent meta pointer=0x0077f890; class and slot extent require pointer-table/constructor analysis;xref_count=2;code_ref_sources=005ff300:1,005ff390:1;xref_count=2;code_ref_sources=005ff300:1,005ff390:1"
GOG_PC,0077f9d0,0x37f9d0,vftable_0077f9d0,UNKNOWN,,,,UNKNOWN,VERIFIED,EXPORT-GOG-symbols_csv,2026-10-01,"explicit vftable symbol; adjacent meta pointer=0x0077f9cc; class and slot extent require pointer-table/constructor analysis;xref_count=2;code_ref_sources=00602c90:1,0076d9f0:1;xref_count=2;code_ref_sources=00602c90:1,0076d9f0:1"
GOG_PC,0077fbb4,0x37fbb4,vftable_0077fbb4,UNKNOWN,,,,UNKNOWN,VERIFIED,EXPORT-GOG-symbols_csv,2026-10-01,"explicit vftable symbol; adjacent meta pointer=0x0077fbb0; class and slot extent require pointer-table/constructor analysis;xref_count=2;code_ref_sources=0060c530:1,0076da00:1;xref_count=2;code_ref_sources=0060c530:1,0076da00:1"
GOG_PC,00780204,0x380204,vftable_00780204,UNKNOWN,,,,UNKNOWN,VERIFIED,EXPORT-GOG-symbols_csv,2026-10-01,"explicit vftable symbol; adjacent meta pointer=0x00780200; class and slot extent require pointer-table/constructor analysis;xref_count=2;code_ref_sources=0061a290:1,0076da10:1;xref_count=2;code_ref_sources=0061a290:1,0076da10:1"
GOG_PC,0078020c,0x38020c,vftable_0078020c,UNKNOWN,,,,UNKNOWN,VERIFIED,EXPORT-GOG-symbols_csv,2026-10-01,"explicit vftable symbol; adjacent meta pointer=0x00780208; class and slot extent require pointer-table/constructor analysis;xref_count=2;code_ref_sources=0060f170:1,0061a2b0:1;xref_count=2;code_ref_sources=0060f170:1,0061a2b0:1"
GOG_PC,00780214,0x380214,vftable_00780214,UNKNOWN,,,,UNKNOWN,VERIFIED,EXPORT-GOG-symbols_csv,2026-10-01,"explicit vftable symbol; adjacent meta pointer=0x00780210; class and slot extent require pointer-table/constructor analysis;xref_count=2;code_ref_sources=0060d370:1,0060f220:1;xref_count=2;code_ref_sources=0060d370:1,0060f220:1"
GOG_PC,0078021c,0x38021c,vftable_0078021c,UNKNOWN,,,,UNKNOWN,VERIFIED,EXPORT-GOG-symbols_csv,2026-10-01,"explicit vftable symbol; adjacent meta pointer=0x00780218; class and slot extent require pointer-table/constructor analysis;xref_count=2;code_ref_sources=0060d470:1,0061a2f0:1;xref_count=2;code_ref_sources=0060d470:1,0061a2f0:1"
GOG_PC,00780224,0x380224,CFishing_vftable,OBJ-CFISHING,,0060efe0,0060d850,FISHING,VERIFIED,EXPORT-GOG-symbols_csv;DP_decompiled.c:258597-258618;259657-259696;selector factory,2026-10-01,Constructor/destructor direct vtable writes; selector 0x38; paired Steam vtable 00780234. Slot extent and fishing lifecycle remain open.
GOG_PC,00780274,0x380274,vftable_00780274,UNKNOWN,,,,UNKNOWN,VERIFIED,EXPORT-GOG-symbols_csv,2026-10-01,"explicit vftable symbol; adjacent meta pointer=0x00780270; class and slot extent require pointer-table/constructor analysis;xref_count=2;code_ref_sources=0060dd70:1,00613010:1;xref_count=2;code_ref_sources=0060dd70:1,00613010:1"
GOG_PC,00780294,0x380294,CFishingPerson_vftable,OBJ-CFISHINGPERSON,,00613a70,0060f3a0,FISHING,VERIFIED,EXPORT-GOG-symbols_csv;DP_decompiled.c:259860-259882;262335-262576;selector factory,2026-10-01,Constructor/teardown direct vtable writes; selector 0x43. Slot extent remains open.
GOG_PC,00780374,0x380374,vftable_00780374,UNKNOWN,,,,UNKNOWN,VERIFIED,EXPORT-GOG-symbols_csv,2026-10-01,"explicit vftable symbol; adjacent meta pointer=0x00780370; class and slot extent require pointer-table/constructor analysis;xref_count=2;code_ref_sources=0061a6b0:1,0061a720:1;xref_count=2;code_ref_sources=0061a6b0:1,0061a720:1"
GOG_PC,0078057c,0x38057c,vftable_0078057c,UNKNOWN,,,,UNKNOWN,VERIFIED,EXPORT-GOG-symbols_csv,2026-10-01,"explicit vftable symbol; adjacent meta pointer=0x00780578; class and slot extent require pointer-table/constructor analysis;xref_count=2;code_ref_sources=0061bbe0:1,0061bc50:1;xref_count=2;code_ref_sources=0061bbe0:1,0061bc50:1"
GOG_PC,0078067c,0x38067c,CMonolog_vftable,OBJ-CMONOLOG,,0061e200,,NATIVE_UI,VERIFIED,EXPORT-GOG-symbols_csv;DP_decompiled.c:263892-263906;selector factory,2026-10-01,Constructor direct vtable write; selector 0x3D; paired Steam vtable 0078068C. Lifecycle and slot extent remain open.
GOG_PC,0078079c,0x38079c,COption_vftable,OBJ-COPTION,,0061fb90,,NATIVE_UI,VERIFIED,EXPORT-GOG-symbols_csv;DP_decompiled.c:265195-265224;selector factory,2026-10-01,Constructor direct vtable write; selector 0x39; paired Steam vtable 007807AC. Destructor and slot extent remain open.
GOG_PC,00780ad0,0x380ad0,vftable_00780ad0,UNKNOWN,,,,UNKNOWN,VERIFIED,EXPORT-GOG-symbols_csv,2026-10-01,"explicit vftable symbol; adjacent meta pointer=0x00780acc; class and slot extent require pointer-table/constructor analysis;xref_count=2;code_ref_sources=006276e0:1,0076da40:1;xref_count=2;code_ref_sources=006276e0:1,0076da40:1"
GOG_PC,00780b98,0x380b98,vftable_00780b98,UNKNOWN,,,,UNKNOWN,VERIFIED,EXPORT-GOG-symbols_csv,2026-10-01,"explicit vftable symbol; adjacent meta pointer=0x00780b94; class and slot extent require pointer-table/constructor analysis;xref_count=2;code_ref_sources=00629000:1,00629070:1;xref_count=2;code_ref_sources=00629000:1,00629070:1"
GOG_PC,00780c84,0x380c84,CPassword_vftable,OBJ-CPASSWORD,,0062bb30,,NATIVE_UI,VERIFIED,EXPORT-GOG-symbols_csv;DP_decompiled.c:272025-272036;selector factory,2026-10-01,Constructor direct vtable write; selector 0x36; paired Steam vtable 00780C94. Slot extent and lifecycle remain open.
GOG_PC,00780cd4,0x380cd4,CChess_vftable,OBJ-CCHESS,,0062bb90,,NATIVE_UI,VERIFIED,EXPORT-GOG-symbols_csv;DP_decompiled.c:272044-272050;selector factory,2026-10-01,Constructor direct vtable write; selector 0x37; paired Steam vtable 00780CE4. Slot extent and lifecycle remain open.
GOG_PC,00780d28,0x380d28,vftable_00780d28,UNKNOWN,,,,UNKNOWN,VERIFIED,EXPORT-GOG-symbols_csv,2026-10-01,"explicit vftable symbol; adjacent meta pointer=0x00780d24; class and slot extent require pointer-table/constructor analysis;xref_count=2;code_ref_sources=0062d0f0:1,0076da70:1;xref_count=2;code_ref_sources=0062d0f0:1,0076da70:1"
GOG_PC,00780fa4,0x380fa4,vftable_00780fa4,UNKNOWN,,,,UNKNOWN,VERIFIED,EXPORT-GOG-symbols_csv,2026-10-01,"explicit vftable symbol; adjacent meta pointer=0x00780fa0; class and slot extent require pointer-table/constructor analysis;xref_count=3;code_ref_sources=0062dab0:1,0062e2a0:1,00634760:1;xref_count=3;code_ref_sources=0062dab0:1,0062e2a0:1,00634760:1"
GOG_PC,00780FAC,0x380fac,CShop_vftable,OBJ-CSHOP,19,0062e030,0062E100;00634780,NATIVE_UI,VERIFIED,findings/boundaries/cshop_callback_retirement.md,2026-10-02,Observed 19 function slots; +0x0C emits event 1 to concrete stored CShop callback 00634700; +0x30 class-discriminated handler retirement; slot 0 00634780 deletes. Live selection and remaining slots unresolved.
GOG_PC,00780ffc,0x380ffc,CHelp_vftable,OBJ-CHELP,,0062e1a0,0062e220,NATIVE_UI,VERIFIED,EXPORT-GOG-symbols_csv;DP_decompiled.c:273870-273920;selector factory,2026-10-01,Constructor/destructor direct vtable writes; selector 0x35; paired Steam vtable 0078100C. Slot extent and lifecycle remain open.
GOG_PC,0078108c,0x38108c,vftable_0078108c,UNKNOWN,,,,UNKNOWN,VERIFIED,EXPORT-GOG-symbols_csv,2026-10-01,"explicit vftable symbol; adjacent meta pointer=0x00781088; class and slot extent require pointer-table/constructor analysis;xref_count=2;code_ref_sources=006347c0:1,0076da80:1;xref_count=2;code_ref_sources=006347c0:1,0076da80:1"
GOG_PC,007810ac,0x3810ac,vftable_007810ac,UNKNOWN,,,,UNKNOWN,VERIFIED,EXPORT-GOG-symbols_csv,2026-10-01,explicit vftable symbol; adjacent meta pointer=0x007810a8; class and slot extent require pointer-table/constructor analysis;xref_count=1;code_ref_sources=00637340:1;xref_count=1;code_ref_sources=00637340:1
GOG_PC,007810fc,0x3810fc,vftable_007810fc,UNKNOWN,,,,UNKNOWN,VERIFIED,EXPORT-GOG-symbols_csv,2026-10-01,explicit vftable symbol; adjacent meta pointer=0x007810f8; class and slot extent require pointer-table/constructor analysis;xref_count=1;code_ref_sources=006374a0:1;xref_count=1;code_ref_sources=006374a0:1
GOG_PC,007812f0,0x3812f0,vftable_007812f0,UNKNOWN,,,,UNKNOWN,VERIFIED,EXPORT-GOG-symbols_csv,2026-10-01,"explicit vftable symbol; adjacent meta pointer=0x007812ec; class and slot extent require pointer-table/constructor analysis;xref_count=2;code_ref_sources=00637510:1,0063e9c0:1;xref_count=2;code_ref_sources=00637510:1,0063e9c0:1"
GOG_PC,0078133c,0x38133c,vftable_0078133c,UNKNOWN,,,,UNKNOWN,VERIFIED,EXPORT-GOG-symbols_csv,2026-10-01,"explicit vftable symbol; adjacent meta pointer=0x00781338; class and slot extent require pointer-table/constructor analysis;xref_count=2;code_ref_sources=0063ec20:1,0076daa0:1;xref_count=2;code_ref_sources=0063ec20:1,0076daa0:1"
GOG_PC,0078144c,0x38144c,vftable_0078144c,UNKNOWN,,,,UNKNOWN,VERIFIED,EXPORT-GOG-symbols_csv,2026-10-01,"explicit vftable symbol; adjacent meta pointer=0x00781448; class and slot extent require pointer-table/constructor analysis;xref_count=2;code_ref_sources=0063ff90:1,00640030:1;xref_count=2;code_ref_sources=0063ff90:1,00640030:1"
GOG_PC,0078162c,0x38162c,vftable_0078162c,UNKNOWN,,,,UNKNOWN,VERIFIED,EXPORT-GOG-symbols_csv,2026-10-01,"explicit vftable symbol; adjacent meta pointer=0x00781628; class and slot extent require pointer-table/constructor analysis;xref_count=2;code_ref_sources=0064d7c0:1,0064d890:1;xref_count=2;code_ref_sources=0064d7c0:1,0064d890:1"
GOG_PC,0078164c,0x38164c,vftable_0078164c,UNKNOWN,,,,UNKNOWN,VERIFIED,EXPORT-GOG-symbols_csv,2026-10-01,"explicit vftable symbol; adjacent meta pointer=0x00781648; class and slot extent require pointer-table/constructor analysis;xref_count=2;code_ref_sources=0064d950:1,0076dad0:1;xref_count=2;code_ref_sources=0064d950:1,0076dad0:1"
GOG_PC,007818e4,0x3818e4,vftable_007818e4,UNKNOWN,,,,UNKNOWN,VERIFIED,EXPORT-GOG-symbols_csv,2026-10-01,"explicit vftable symbol; adjacent meta pointer=0x007818e0; class and slot extent require pointer-table/constructor analysis;xref_count=2;code_ref_sources=00654630:1,00654810:1;xref_count=2;code_ref_sources=00654630:1,00654810:1"
GOG_PC,00781f64,0x381f64,CEffectFieldLeaf_vftable,OBJ-CEFFECTFIELDLEAF,,00665430,,OBJECT_DISPATCH,VERIFIED,selector_object_factory.md;DP_decompiled.c;xrefs.csv,2026-10-01,Direct selector-constructor vtable write; secondary writer is a candidate pending lifecycle review.
GOG_PC,00781fb4,0x381fb4,vftable_00781fb4,UNKNOWN,,,,UNKNOWN,VERIFIED,EXPORT-GOG-symbols_csv,2026-10-01,"explicit vftable symbol; adjacent meta pointer=0x00781fb0; class and slot extent require pointer-table/constructor analysis;xref_count=2;code_ref_sources=006654e0:1,00666290:1;xref_count=2;code_ref_sources=006654e0:1,00666290:1"
GOG_PC,00782114,0x382114,CEffectRain_vftable,OBJ-CEFFECTRAIN,,00669710,006698a0,EFFECTS,VERIFIED,EXPORT-GOG-symbols_csv,2026-10-01,"explicit vftable symbol; adjacent meta pointer=0x00782110; class and slot extent require pointer-table/constructor analysis;xref_count=2;code_ref_sources=00669710:1,006698a0:1;xref_count=2;code_ref_sources=00669710:1,006698a0:1"
GOG_PC,00782444,0x382444,vftable_00782444,UNKNOWN,,,,UNKNOWN,VERIFIED,EXPORT-GOG-symbols_csv,2026-10-01,"explicit vftable symbol; adjacent meta pointer=0x00782440; class and slot extent require pointer-table/constructor analysis;xref_count=2;code_ref_sources=006733a0:1,0076daf0:1;xref_count=2;code_ref_sources=006733a0:1,0076daf0:1"
GOG_PC,0078247c,0x38247c,vftable_0078247c,UNKNOWN,,,,UNKNOWN,VERIFIED,EXPORT-GOG-symbols_csv,2026-10-01,explicit vftable symbol; adjacent meta pointer=0x00782478; class and slot extent require pointer-table/constructor analysis;xref_count=1;code_ref_sources=00674a70:1;xref_count=1;code_ref_sources=00674a70:1
GOG_PC,00782744,0x382744,vftable_00782744,UNKNOWN,,,,UNKNOWN,VERIFIED,EXPORT-GOG-symbols_csv,2026-10-01,explicit vftable symbol; adjacent meta pointer=0x00782740; class and slot extent require pointer-table/constructor analysis;xref_count=1;code_ref_sources=00678fd0:1;xref_count=1;code_ref_sources=00678fd0:1
GOG_PC,007827a4,0x3827a4,vftable_007827a4,UNKNOWN,,,,UNKNOWN,VERIFIED,EXPORT-GOG-symbols_csv,2026-10-01,"explicit vftable symbol; adjacent meta pointer=0x007827a0; class and slot extent require pointer-table/constructor analysis;xref_count=2;code_ref_sources=00675010:1,00675410:1;xref_count=2;code_ref_sources=00675010:1,00675410:1"
GOG_PC,00782808,0x382808,vftable_00782808,UNKNOWN,,,,UNKNOWN,VERIFIED,EXPORT-GOG-symbols_csv,2026-10-01,"explicit vftable symbol; adjacent meta pointer=0x00782804; class and slot extent require pointer-table/constructor analysis;xref_count=2;code_ref_sources=0067a1a0:1,0067aa30:1;xref_count=2;code_ref_sources=0067a1a0:1,0067aa30:1"
GOG_PC,00782810,0x382810,vftable_00782810,UNKNOWN,,,,UNKNOWN,VERIFIED,EXPORT-GOG-symbols_csv,2026-10-01,"explicit vftable symbol; adjacent meta pointer=0x0078280c; class and slot extent require pointer-table/constructor analysis;xref_count=2;code_ref_sources=006791d0:1,0067a1a0:1;xref_count=2;code_ref_sources=006791d0:1,0067a1a0:1"
GOG_PC,00782818,0x382818,vftable_00782818,UNKNOWN,,,,UNKNOWN,VERIFIED,EXPORT-GOG-symbols_csv,2026-10-01,"explicit vftable symbol; adjacent meta pointer=0x00782814; class and slot extent require pointer-table/constructor analysis;xref_count=2;code_ref_sources=006791f0:1,0067a1a0:1;xref_count=2;code_ref_sources=006791f0:1,0067a1a0:1"
GOG_PC,00782824,0x382824,vftable_00782824,UNKNOWN,,,,UNKNOWN,VERIFIED,EXPORT-GOG-symbols_csv,2026-10-01,"explicit vftable symbol; adjacent meta pointer=0x00782820; class and slot extent require pointer-table/constructor analysis;xref_count=2;code_ref_sources=006791f0:1,0067a1a0:1;xref_count=2;code_ref_sources=006791f0:1,0067a1a0:1"
GOG_PC,00782958,0x382958,vftable_00782958,UNKNOWN,,,,UNKNOWN,VERIFIED,EXPORT-GOG-symbols_csv,2026-10-01,"explicit vftable symbol; adjacent meta pointer=0x00782954; class and slot extent require pointer-table/constructor analysis;xref_count=2;code_ref_sources=0067bed0:1,006800d0:1;xref_count=2;code_ref_sources=0067bed0:1,006800d0:1"
GOG_PC,00782964,0x382964,vftable_00782964,UNKNOWN,,,,UNKNOWN,VERIFIED,EXPORT-GOG-symbols_csv,2026-10-01,"explicit vftable symbol; adjacent meta pointer=0x00782960; class and slot extent require pointer-table/constructor analysis;xref_count=2;code_ref_sources=0067bed0:1,006800d0:1;xref_count=2;code_ref_sources=0067bed0:1,006800d0:1"
GOG_PC,00782aa4,0x382aa4,vftable_00782aa4,UNKNOWN,,,,UNKNOWN,VERIFIED,EXPORT-GOG-symbols_csv,2026-10-01,"explicit vftable symbol; adjacent meta pointer=0x00782aa0; class and slot extent require pointer-table/constructor analysis;xref_count=2;code_ref_sources=00681b50:1,00686290:1;xref_count=2;code_ref_sources=00681b50:1,00686290:1"
GOG_PC,00782aac,0x382aac,vftable_00782aac,UNKNOWN,,,,UNKNOWN,VERIFIED,EXPORT-GOG-symbols_csv,2026-10-01,"explicit vftable symbol; adjacent meta pointer=0x00782aa8; class and slot extent require pointer-table/constructor analysis;xref_count=2;code_ref_sources=00681b50:1,00686290:1;xref_count=2;code_ref_sources=00681b50:1,00686290:1"
GOG_PC,0078307c,0x38307c,vftable_0078307c,UNKNOWN,,,,UNKNOWN,VERIFIED,EXPORT-GOG-symbols_csv,2026-10-01,"explicit vftable symbol; adjacent meta pointer=0x00783078; class and slot extent require pointer-table/constructor analysis;xref_count=2;code_ref_sources=00687980:1,00689c10:1;xref_count=2;code_ref_sources=00687980:1,00689c10:1"
GOG_PC,00783084,0x383084,vftable_00783084,UNKNOWN,,,,UNKNOWN,VERIFIED,EXPORT-GOG-symbols_csv,2026-10-01,"explicit vftable symbol; adjacent meta pointer=0x00783080; class and slot extent require pointer-table/constructor analysis;xref_count=2;code_ref_sources=00687980:1,00689c10:1;xref_count=2;code_ref_sources=00687980:1,00689c10:1"
GOG_PC,0078312c,0x38312c,vftable_0078312c,UNKNOWN,,,,UNKNOWN,VERIFIED,EXPORT-GOG-symbols_csv,2026-10-01,"explicit vftable symbol; adjacent meta pointer=0x00783128; class and slot extent require pointer-table/constructor analysis;xref_count=2;code_ref_sources=0068eaa0:1,0068f8d0:1;xref_count=2;code_ref_sources=0068eaa0:1,0068f8d0:1"
GOG_PC,00783134,0x383134,vftable_00783134,UNKNOWN,,,,UNKNOWN,VERIFIED,EXPORT-GOG-symbols_csv,2026-10-01,"explicit vftable symbol; adjacent meta pointer=0x00783130; class and slot extent require pointer-table/constructor analysis;xref_count=2;code_ref_sources=0068eaa0:1,0068f8d0:1;xref_count=2;code_ref_sources=0068eaa0:1,0068f8d0:1"
GOG_PC,0078324c,0x38324c,vftable_0078324c,UNKNOWN,,,,UNKNOWN,VERIFIED,EXPORT-GOG-symbols_csv,2026-10-01,"explicit vftable symbol; adjacent meta pointer=0x00783248; class and slot extent require pointer-table/constructor analysis;xref_count=2;code_ref_sources=006942c0:1,00694c40:1;xref_count=2;code_ref_sources=006942c0:1,00694c40:1"
GOG_PC,00783254,0x383254,vftable_00783254,UNKNOWN,,,,UNKNOWN,VERIFIED,EXPORT-GOG-symbols_csv,2026-10-01,"explicit vftable symbol; adjacent meta pointer=0x00783250; class and slot extent require pointer-table/constructor analysis;xref_count=2;code_ref_sources=006942c0:1,00694c40:1;xref_count=2;code_ref_sources=006942c0:1,00694c40:1"
GOG_PC,00783330,0x383330,vftable_00783330,UNKNOWN,,,,UNKNOWN,VERIFIED,EXPORT-GOG-symbols_csv,2026-10-01,"explicit vftable symbol; adjacent meta pointer=0x0078332c; class and slot extent require pointer-table/constructor analysis;xref_count=2;code_ref_sources=00699530:1,0069a3f0:1;xref_count=2;code_ref_sources=00699530:1,0069a3f0:1"
GOG_PC,0078333c,0x38333c,vftable_0078333c,UNKNOWN,,,,UNKNOWN,VERIFIED,EXPORT-GOG-symbols_csv,2026-10-01,"explicit vftable symbol; adjacent meta pointer=0x00783338; class and slot extent require pointer-table/constructor analysis;xref_count=2;code_ref_sources=00699530:1,0069a3f0:1;xref_count=2;code_ref_sources=00699530:1,0069a3f0:1"
GOG_PC,007833e4,0x3833e4,vftable_007833e4,UNKNOWN,,,,UNKNOWN,VERIFIED,EXPORT-GOG-symbols_csv,2026-10-01,"explicit vftable symbol; adjacent meta pointer=0x007833e0; class and slot extent require pointer-table/constructor analysis;xref_count=2;code_ref_sources=0069e610:1,0069f980:1;xref_count=2;code_ref_sources=0069e610:1,0069f980:1"
GOG_PC,007833ec,0x3833ec,vftable_007833ec,UNKNOWN,,,,UNKNOWN,VERIFIED,EXPORT-GOG-symbols_csv,2026-10-01,"explicit vftable symbol; adjacent meta pointer=0x007833e8; class and slot extent require pointer-table/constructor analysis;xref_count=2;code_ref_sources=0069d700:1,0069f9a0:1;xref_count=2;code_ref_sources=0069d700:1,0069f9a0:1"
GOG_PC,007833f4,0x3833f4,vftable_007833f4,UNKNOWN,,,,UNKNOWN,VERIFIED,EXPORT-GOG-symbols_csv,2026-10-01,"explicit vftable symbol; adjacent meta pointer=0x007833f0; class and slot extent require pointer-table/constructor analysis;xref_count=2;code_ref_sources=0069ec90:1,0069f9c0:1;xref_count=2;code_ref_sources=0069ec90:1,0069f9c0:1"
GOG_PC,007833fc,0x3833fc,vftable_007833fc,UNKNOWN,,,,UNKNOWN,VERIFIED,EXPORT-GOG-symbols_csv,2026-10-01,"explicit vftable symbol; adjacent meta pointer=0x007833f8; class and slot extent require pointer-table/constructor analysis;xref_count=3;code_ref_sources=0069d8b0:1,0069e120:1,0069f9e0:1;xref_count=3;code_ref_sources=0069d8b0:1,0069e120:1,0069f9e0:1"
GOG_PC,00783404,0x383404,vftable_00783404,UNKNOWN,,,,UNKNOWN,VERIFIED,EXPORT-GOG-symbols_csv,2026-10-01,"explicit vftable symbol; adjacent meta pointer=0x00783400; class and slot extent require pointer-table/constructor analysis;xref_count=2;code_ref_sources=0069d8e0:1,0069e260:1;xref_count=2;code_ref_sources=0069d8e0:1,0069e260:1"
GOG_PC,0078340c,0x38340c,vftable_0078340c,UNKNOWN,,,,UNKNOWN,VERIFIED,EXPORT-GOG-symbols_csv,2026-10-01,"explicit vftable symbol; adjacent meta pointer=0x00783408; class and slot extent require pointer-table/constructor analysis;xref_count=2;code_ref_sources=0069d930:1,0069e360:1;xref_count=2;code_ref_sources=0069d930:1,0069e360:1"
GOG_PC,0078370c,0x38370c,vftable_0078370c,UNKNOWN,,,,UNKNOWN,VERIFIED,EXPORT-GOG-symbols_csv,2026-10-01,"explicit vftable symbol; adjacent meta pointer=0x00783708; class and slot extent require pointer-table/constructor analysis;xref_count=2;code_ref_sources=006a2810:1,006a6b60:1;xref_count=2;code_ref_sources=006a2810:1,006a6b60:1"
GOG_PC,00783714,0x383714,vftable_00783714,UNKNOWN,,,,UNKNOWN,VERIFIED,EXPORT-GOG-symbols_csv,2026-10-01,"explicit vftable symbol; adjacent meta pointer=0x00783710; class and slot extent require pointer-table/constructor analysis;xref_count=2;code_ref_sources=006a2810:1,006a6b60:1;xref_count=2;code_ref_sources=006a2810:1,006a6b60:1"
GOG_PC,007838bc,0x3838bc,vftable_007838bc,UNKNOWN,,,,UNKNOWN,VERIFIED,EXPORT-GOG-symbols_csv,2026-10-01,explicit vftable symbol; adjacent meta pointer=0x007838b8; class and slot extent require pointer-table/constructor analysis;xref_count=1;code_ref_sources=data_initializer_or_unresolved;xref_count=1;code_ref_sources=data_initializer_or_unresolved
GOG_PC,007838c4,0x3838c4,CGeorgeAxe_vftable,OBJ-CGEORGEAXE,,006a9360,,EFFECTS,VERIFIED,EXPORT-GOG-symbols_csv;DP_decompiled.c:321280-321292;selector factory,2026-10-01,Constructor direct vtable write; selector 0x3F; paired Steam vtable 007838D4. Lifecycle and slot extent remain open.
GOG_PC,0078396c,0x38396c,CTarBomb_vftable,OBJ-CTARBOMB,,006ab190,006ab1e0,EFFECTS,VERIFIED,EXPORT-GOG-symbols_csv;DP_decompiled.c:321643-321682;selector factory,2026-10-01,Constructor/teardown direct vtable writes; selector 0x3E; CSoundLoop is embedded at +0x4D8. Slot extent remains open.
GOG_PC,00785414,0x385414,vftable_00785414,UNKNOWN,,,,UNKNOWN,VERIFIED,EXPORT-GOG-symbols_csv,2026-10-01,"explicit vftable symbol; adjacent meta pointer=0x00785410; class and slot extent require pointer-table/constructor analysis;xref_count=2;code_ref_sources=006b0670:1,006b0690:1;xref_count=2;code_ref_sources=006b0670:1,006b0690:1"
GOG_PC,0078541c,0x38541c,vftable_0078541c,UNKNOWN,,,,UNKNOWN,VERIFIED,EXPORT-GOG-symbols_csv,2026-10-01,"explicit vftable symbol; adjacent meta pointer=0x00785418; class and slot extent require pointer-table/constructor analysis;xref_count=2;code_ref_sources=006b0700:1,006b0740:1;xref_count=2;code_ref_sources=006b0700:1,006b0740:1"
GOG_PC,008268d4,0x4268d4,CFlkUtil_vftable,CFlkUtil_resource_manager_candidate,,006b4ae0,006b4b40,RESOURCE_LOADING,VERIFIED,EXPORT-GOG-symbols_csv,2026-10-01,"explicit vftable symbol; adjacent meta pointer=0x008268d0; class and slot extent require pointer-table/constructor analysis;xref_count=2;code_ref_sources=006b4ae0:1,006b4b40:1;xref_count=2;code_ref_sources=006b4ae0:1,006b4b40:1;destructor writes this vtable at 006b4b40;destructor writes this vtable at 006b4b40;destructor writes this vtable at 006b4b40"
GOG_PC,008268dc,0x4268dc,vftable_008268dc,UNKNOWN,,,,UNKNOWN,VERIFIED,EXPORT-GOG-symbols_csv,2026-10-01,"explicit vftable symbol; adjacent meta pointer=0x008268d8; class and slot extent require pointer-table/constructor analysis;xref_count=2;code_ref_sources=006b4bd0:1,006b4c30:1;xref_count=2;code_ref_sources=006b4bd0:1,006b4c30:1"
GOG_PC,008268e4,0x4268e4,vftable_008268e4,UNKNOWN,,,,UNKNOWN,VERIFIED,EXPORT-GOG-symbols_csv,2026-10-01,explicit vftable symbol; adjacent meta pointer=0x008268e0; class and slot extent require pointer-table/constructor analysis;xref_count=1;code_ref_sources=006b4c50:1;xref_count=1;code_ref_sources=006b4c50:1
GOG_PC,008268f0,0x4268f0,vftable_008268f0,UNKNOWN,,,,UNKNOWN,VERIFIED,EXPORT-GOG-symbols_csv,2026-10-01,explicit vftable symbol; adjacent meta pointer=0x008268ec; class and slot extent require pointer-table/constructor analysis;xref_count=1;code_ref_sources=006b5080:1;xref_count=1;code_ref_sources=006b5080:1
GOG_PC,00826978,0x426978,vftable_00826978,UNKNOWN,,,,UNKNOWN,VERIFIED,EXPORT-GOG-symbols_csv,2026-10-01,"explicit vftable symbol; adjacent meta pointer=0x00826974; class and slot extent require pointer-table/constructor analysis;xref_count=2;code_ref_sources=006bc550:1,006bc5f0:1;xref_count=2;code_ref_sources=006bc550:1,006bc5f0:1"
GOG_PC,00826acc,0x426acc,CRdHandleUtil_vftable,CRdHandleUtil,,006c75f0,006c7680,OBJECT_DISPATCH,VERIFIED,DP_decompiled.c;DP_full.asm;GLOBAL_LEDGER;findings/boundaries/object_handle_lifecycle.md,2026-10-01,Named CRdHandleUtil vtable from symbols; paired constructor/destructor writes establish the static 01481358 instance.
GOG_PC,00826cac,0x426cac,vftable_00826cac,UNKNOWN,,,,UNKNOWN,VERIFIED,EXPORT-GOG-symbols_csv,2026-10-01,"explicit vftable symbol; adjacent meta pointer=0x00826ca8; class and slot extent require pointer-table/constructor analysis;xref_count=2;code_ref_sources=006dc2a0:1,006dc2d0:1;xref_count=2;code_ref_sources=006dc2a0:1,006dc2d0:1"
GOG_PC,00826cc4,0x426cc4,vftable_00826cc4,UNKNOWN,,,,UNKNOWN,VERIFIED,EXPORT-GOG-symbols_csv,2026-10-01,"explicit vftable symbol; adjacent meta pointer=0x00826cc0; class and slot extent require pointer-table/constructor analysis;xref_count=2;code_ref_sources=006dd600:1,006dd620:1;xref_count=2;code_ref_sources=006dd600:1,006dd620:1"
GOG_PC,00826ccc,0x426ccc,vftable_00826ccc,UNKNOWN,,,,UNKNOWN,VERIFIED,EXPORT-GOG-symbols_csv,2026-10-01,"explicit vftable symbol; adjacent meta pointer=0x00826cc8; class and slot extent require pointer-table/constructor analysis;xref_count=2;code_ref_sources=006e1790:1,006e17d0:1;xref_count=2;code_ref_sources=006e1790:1,006e17d0:1"
GOG_PC,00826d7c,0x426d7c,vftable_00826d7c,UNKNOWN,,,,UNKNOWN,VERIFIED,EXPORT-GOG-symbols_csv,2026-10-01,"explicit vftable symbol; adjacent meta pointer=0x00826d78; class and slot extent require pointer-table/constructor analysis;xref_count=2;code_ref_sources=006e18b0:1,006e1910:1;xref_count=2;code_ref_sources=006e18b0:1,006e1910:1"
GOG_PC,00826d84,0x426d84,vftable_00826d84,UNKNOWN,,,,UNKNOWN,VERIFIED,EXPORT-GOG-symbols_csv,2026-10-01,"explicit vftable symbol; adjacent meta pointer=0x00826d80; class and slot extent require pointer-table/constructor analysis;xref_count=2;code_ref_sources=006e2640:1,006e2690:1;xref_count=2;code_ref_sources=006e2640:1,006e2690:1"
GOG_PC,00826dac,0x426dac,vftable_00826dac,UNKNOWN,,,,UNKNOWN,VERIFIED,EXPORT-GOG-symbols_csv,2026-10-01,explicit vftable symbol; adjacent meta pointer=0x00826da8; class and slot extent require pointer-table/constructor analysis;xref_count=1;code_ref_sources=006e7fa0:1;xref_count=1;code_ref_sources=006e7fa0:1
GOG_PC,00826f0c,0x426f0c,vftable_00826f0c,UNKNOWN,,,,UNKNOWN,VERIFIED,EXPORT-GOG-symbols_csv,2026-10-01,explicit vftable symbol; adjacent meta pointer=0x00826f08; class and slot extent require pointer-table/constructor analysis;xref_count=1;code_ref_sources=006fc6d0:1;xref_count=1;code_ref_sources=006fc6d0:1
GOG_PC,00826f1c,0x426f1c,vftable_00826f1c,UNKNOWN,,,,UNKNOWN,VERIFIED,EXPORT-GOG-symbols_csv,2026-10-01,"explicit vftable symbol; adjacent meta pointer=0x00826f18; class and slot extent require pointer-table/constructor analysis;xref_count=2;code_ref_sources=006fc840:1,006fc8e0:1;xref_count=2;code_ref_sources=006fc840:1,006fc8e0:1"
GOG_PC,00826f30,0x426f30,vftable_00826f30,UNKNOWN,,,,UNKNOWN,VERIFIED,EXPORT-GOG-symbols_csv,2026-10-01,explicit vftable symbol; adjacent meta pointer=0x00826f2c; class and slot extent require pointer-table/constructor analysis;xref_count=1;code_ref_sources=006fcee0:1;xref_count=1;code_ref_sources=006fcee0:1
GOG_PC,00826f40,0x426f40,vftable_00826f40,UNKNOWN,,,,UNKNOWN,VERIFIED,EXPORT-GOG-symbols_csv,2026-10-01,explicit vftable symbol; adjacent meta pointer=0x00826f3c; class and slot extent require pointer-table/constructor analysis;xref_count=1;code_ref_sources=006fcf50:1;xref_count=1;code_ref_sources=006fcf50:1
GOG_PC,00826f50,0x426f50,vftable_00826f50,UNKNOWN,,,,UNKNOWN,VERIFIED,EXPORT-GOG-symbols_csv,2026-10-01,explicit vftable symbol; adjacent meta pointer=0x00826f4c; class and slot extent require pointer-table/constructor analysis;xref_count=1;code_ref_sources=006fd010:1;xref_count=1;code_ref_sources=006fd010:1
GOG_PC,00826f60,0x426f60,vftable_00826f60,UNKNOWN,,,,UNKNOWN,VERIFIED,EXPORT-GOG-symbols_csv,2026-10-01,explicit vftable symbol; adjacent meta pointer=0x00826f5c; class and slot extent require pointer-table/constructor analysis;xref_count=1;code_ref_sources=006fd240:1;xref_count=1;code_ref_sources=006fd240:1
GOG_PC,00826f70,0x426f70,vftable_00826f70,UNKNOWN,,,,UNKNOWN,VERIFIED,EXPORT-GOG-symbols_csv,2026-10-01,explicit vftable symbol; adjacent meta pointer=0x00826f6c; class and slot extent require pointer-table/constructor analysis;xref_count=1;code_ref_sources=006fd2d0:1;xref_count=1;code_ref_sources=006fd2d0:1
GOG_PC,00826f80,0x426f80,vftable_00826f80,UNKNOWN,,,,UNKNOWN,VERIFIED,EXPORT-GOG-symbols_csv,2026-10-01,explicit vftable symbol; adjacent meta pointer=0x00826f7c; class and slot extent require pointer-table/constructor analysis;xref_count=1;code_ref_sources=006fd410:1;xref_count=1;code_ref_sources=006fd410:1
GOG_PC,00826f90,0x426f90,vftable_00826f90,UNKNOWN,,,,UNKNOWN,VERIFIED,EXPORT-GOG-symbols_csv,2026-10-01,explicit vftable symbol; adjacent meta pointer=0x00826f8c; class and slot extent require pointer-table/constructor analysis;xref_count=1;code_ref_sources=006fd5a0:1;xref_count=1;code_ref_sources=006fd5a0:1
GOG_PC,00826fa0,0x426fa0,vftable_00826fa0,UNKNOWN,,,,UNKNOWN,VERIFIED,EXPORT-GOG-symbols_csv,2026-10-01,explicit vftable symbol; adjacent meta pointer=0x00826f9c; class and slot extent require pointer-table/constructor analysis;xref_count=1;code_ref_sources=006fdab0:1;xref_count=1;code_ref_sources=006fdab0:1
GOG_PC,00826fb0,0x426fb0,vftable_00826fb0,UNKNOWN,,,,UNKNOWN,VERIFIED,EXPORT-GOG-symbols_csv,2026-10-01,"explicit vftable symbol; adjacent meta pointer=0x00826fac; class and slot extent require pointer-table/constructor analysis;xref_count=2;code_ref_sources=006fdb20:1,006fdbd0:1;xref_count=2;code_ref_sources=006fdb20:1,006fdbd0:1"
GOG_PC,00826fc0,0x426fc0,vftable_00826fc0,UNKNOWN,,,,UNKNOWN,VERIFIED,EXPORT-GOG-symbols_csv,2026-10-01,explicit vftable symbol; adjacent meta pointer=0x00826fbc; class and slot extent require pointer-table/constructor analysis;xref_count=1;code_ref_sources=006fde00:1;xref_count=1;code_ref_sources=006fde00:1
GOG_PC,00826fd0,0x426fd0,vftable_00826fd0,UNKNOWN,,,,UNKNOWN,VERIFIED,EXPORT-GOG-symbols_csv,2026-10-01,explicit vftable symbol; adjacent meta pointer=0x00826fcc; class and slot extent require pointer-table/constructor analysis;xref_count=1;code_ref_sources=006fdf40:1;xref_count=1;code_ref_sources=006fdf40:1
GOG_PC,00826fe0,0x426fe0,vftable_00826fe0,UNKNOWN,,,,UNKNOWN,VERIFIED,EXPORT-GOG-symbols_csv,2026-10-01,explicit vftable symbol; adjacent meta pointer=0x00826fdc; class and slot extent require pointer-table/constructor analysis;xref_count=1;code_ref_sources=006fe040:1;xref_count=1;code_ref_sources=006fe040:1
GOG_PC,00826ff0,0x426ff0,vftable_00826ff0,UNKNOWN,,,,UNKNOWN,VERIFIED,EXPORT-GOG-symbols_csv,2026-10-01,explicit vftable symbol; adjacent meta pointer=0x00826fec; class and slot extent require pointer-table/constructor analysis;xref_count=1;code_ref_sources=006fe1c0:1;xref_count=1;code_ref_sources=006fe1c0:1
GOG_PC,00827000,0x427000,vftable_00827000,UNKNOWN,,,,UNKNOWN,VERIFIED,EXPORT-GOG-symbols_csv,2026-10-01,explicit vftable symbol; adjacent meta pointer=0x00826ffc; class and slot extent require pointer-table/constructor analysis;xref_count=1;code_ref_sources=006fe270:1;xref_count=1;code_ref_sources=006fe270:1
GOG_PC,00827010,0x427010,vftable_00827010,UNKNOWN,,,,UNKNOWN,VERIFIED,EXPORT-GOG-symbols_csv,2026-10-01,"explicit vftable symbol; adjacent meta pointer=0x0082700c; class and slot extent require pointer-table/constructor analysis;xref_count=2;code_ref_sources=006fe360:1,006fe410:1;xref_count=2;code_ref_sources=006fe360:1,006fe410:1"
GOG_PC,00827024,0x427024,vftable_00827024,UNKNOWN,,,,UNKNOWN,VERIFIED,EXPORT-GOG-symbols_csv,2026-10-01,explicit vftable symbol; adjacent meta pointer=0x00827020; class and slot extent require pointer-table/constructor analysis;xref_count=1;code_ref_sources=006fe970:1;xref_count=1;code_ref_sources=006fe970:1
GOG_PC,00827048,0x427048,vftable_00827048,UNKNOWN,,,,UNKNOWN,VERIFIED,EXPORT-GOG-symbols_csv,2026-10-01,"explicit vftable symbol; adjacent meta pointer=0x00827044; class and slot extent require pointer-table/constructor analysis;xref_count=2;code_ref_sources=006fea60:1,006feab0:1;xref_count=2;code_ref_sources=006fea60:1,006feab0:1"
GOG_PC,0082706c,0x42706c,vftable_0082706c,UNKNOWN,,,,UNKNOWN,VERIFIED,EXPORT-GOG-symbols_csv,2026-10-01,"explicit vftable symbol; adjacent meta pointer=0x00827068; class and slot extent require pointer-table/constructor analysis;xref_count=2;code_ref_sources=006fead0:1,006fed00:1;xref_count=2;code_ref_sources=006fead0:1,006fed00:1"
GOG_PC,0082707c,0x42707c,vftable_0082707c,UNKNOWN,,,,UNKNOWN,VERIFIED,EXPORT-GOG-symbols_csv,2026-10-01,"explicit vftable symbol; adjacent meta pointer=0x00827078; class and slot extent require pointer-table/constructor analysis;xref_count=2;code_ref_sources=006feb40:1,006febb0:1;xref_count=2;code_ref_sources=006feb40:1,006febb0:1"
GOG_PC,00827090,0x427090,vftable_00827090,UNKNOWN,,,,UNKNOWN,VERIFIED,EXPORT-GOG-symbols_csv,2026-10-01,"explicit vftable symbol; adjacent meta pointer=0x0082708c; class and slot extent require pointer-table/constructor analysis;xref_count=2;code_ref_sources=006fedd0:1,006fee70:1;xref_count=2;code_ref_sources=006fedd0:1,006fee70:1"
GOG_PC,008270a0,0x4270a0,vftable_008270a0,UNKNOWN,,,,UNKNOWN,VERIFIED,EXPORT-GOG-symbols_csv,2026-10-01,"explicit vftable symbol; adjacent meta pointer=0x0082709c; class and slot extent require pointer-table/constructor analysis;xref_count=2;code_ref_sources=006ff230:1,006ff280:1;xref_count=2;code_ref_sources=006ff230:1,006ff280:1"
GOG_PC,008270a8,0x4270a8,vftable_008270a8,UNKNOWN,,,,UNKNOWN,VERIFIED,EXPORT-GOG-symbols_csv,2026-10-01,explicit vftable symbol; adjacent meta pointer=0x008270a4; class and slot extent require pointer-table/constructor analysis;xref_count=1;code_ref_sources=006ff2a0:1;xref_count=1;code_ref_sources=006ff2a0:1
GOG_PC,008270cc,0x4270cc,vftable_008270cc,UNKNOWN,,,,UNKNOWN,VERIFIED,EXPORT-GOG-symbols_csv,2026-10-01,explicit vftable symbol; adjacent meta pointer=0x008270c8; class and slot extent require pointer-table/constructor analysis;xref_count=1;code_ref_sources=006ff390:1;xref_count=1;code_ref_sources=006ff390:1
GOG_PC,008270e0,0x4270e0,vftable_008270e0,UNKNOWN,,,,UNKNOWN,VERIFIED,EXPORT-GOG-symbols_csv,2026-10-01,"explicit vftable symbol; adjacent meta pointer=0x008270dc; class and slot extent require pointer-table/constructor analysis;xref_count=2;code_ref_sources=006ff400:1,006ff420:1;xref_count=2;code_ref_sources=006ff400:1,006ff420:1"
GOG_PC,008270f4,0x4270f4,vftable_008270f4,UNKNOWN,,,,UNKNOWN,VERIFIED,EXPORT-GOG-symbols_csv,2026-10-01,explicit vftable symbol; adjacent meta pointer=0x008270f0; class and slot extent require pointer-table/constructor analysis;xref_count=1;code_ref_sources=006ff4a0:1;xref_count=1;code_ref_sources=006ff4a0:1
GOG_PC,00827100,0x427100,vftable_00827100,UNKNOWN,,,,UNKNOWN,VERIFIED,EXPORT-GOG-symbols_csv,2026-10-01,"explicit vftable symbol; adjacent meta pointer=0x008270fc; class and slot extent require pointer-table/constructor analysis;xref_count=2;code_ref_sources=006ff510:1,006ff530:1;xref_count=2;code_ref_sources=006ff510:1,006ff530:1"
GOG_PC,00827240,0x427240,vftable_00827240,UNKNOWN,,,,UNKNOWN,VERIFIED,EXPORT-GOG-symbols_csv,2026-10-01,"explicit vftable symbol; adjacent meta pointer=0x0082723c; class and slot extent require pointer-table/constructor analysis;xref_count=2;code_ref_sources=00701690:1,00701800:1;xref_count=2;code_ref_sources=00701690:1,00701800:1"
GOG_PC,00827248,0x427248,vftable_00827248,UNKNOWN,,,,UNKNOWN,VERIFIED,EXPORT-GOG-symbols_csv,2026-10-01,"explicit vftable symbol; adjacent meta pointer=0x00827244; class and slot extent require pointer-table/constructor analysis;xref_count=2;code_ref_sources=007029a0:1,007029f0:1;xref_count=2;code_ref_sources=007029a0:1,007029f0:1"
GOG_PC,00827250,0x427250,vftable_00827250,UNKNOWN,,,,UNKNOWN,VERIFIED,EXPORT-GOG-symbols_csv,2026-10-01,"explicit vftable symbol; adjacent meta pointer=0x0082724c; class and slot extent require pointer-table/constructor analysis;xref_count=2;code_ref_sources=00702a10:1,00702ae0:1;xref_count=2;code_ref_sources=00702a10:1,00702ae0:1"
GOG_PC,00827260,0x427260,vftable_00827260,UNKNOWN,,,,UNKNOWN,VERIFIED,EXPORT-GOG-symbols_csv,2026-10-01,"explicit vftable symbol; adjacent meta pointer=0x0082725c; class and slot extent require pointer-table/constructor analysis;xref_count=2;code_ref_sources=00702f90:1,00702ff0:1;xref_count=2;code_ref_sources=00702f90:1,00702ff0:1"
GOG_PC,00827268,0x427268,vftable_00827268,UNKNOWN,,,,UNKNOWN,VERIFIED,EXPORT-GOG-symbols_csv,2026-10-01,"explicit vftable symbol; adjacent meta pointer=0x00827264; class and slot extent require pointer-table/constructor analysis;xref_count=2;code_ref_sources=00703250:1,007033d0:1;xref_count=2;code_ref_sources=00703250:1,007033d0:1"
GOG_PC,00827270,0x427270,vftable_00827270,UNKNOWN,,,,UNKNOWN,VERIFIED,EXPORT-GOG-symbols_csv,2026-10-01,"explicit vftable symbol; adjacent meta pointer=0x0082726c; class and slot extent require pointer-table/constructor analysis;xref_count=2;code_ref_sources=007032e0:1,00703db0:1;xref_count=2;code_ref_sources=007032e0:1,00703db0:1"
GOG_PC,00827278,0x427278,vftable_00827278,UNKNOWN,,,,UNKNOWN,VERIFIED,EXPORT-GOG-symbols_csv,2026-10-01,"explicit vftable symbol; adjacent meta pointer=0x00827274; class and slot extent require pointer-table/constructor analysis;xref_count=2;code_ref_sources=00703360:1,00704290:1;xref_count=2;code_ref_sources=00703360:1,00704290:1"
GOG_PC,00827280,0x427280,vftable_00827280,UNKNOWN,,,,UNKNOWN,VERIFIED,EXPORT-GOG-symbols_csv,2026-10-01,"explicit vftable symbol; adjacent meta pointer=0x0082727c; class and slot extent require pointer-table/constructor analysis;xref_count=2;code_ref_sources=007036e0:1,00703700:1;xref_count=2;code_ref_sources=007036e0:1,00703700:1"
GOG_PC,00827290,0x427290,vftable_00827290,UNKNOWN,,,,UNKNOWN,VERIFIED,EXPORT-GOG-symbols_csv,2026-10-01,"explicit vftable symbol; adjacent meta pointer=0x0082728c; class and slot extent require pointer-table/constructor analysis;xref_count=2;code_ref_sources=00703780:1,007038b0:1;xref_count=2;code_ref_sources=00703780:1,007038b0:1"
GOG_PC,00827298,0x427298,vftable_00827298,UNKNOWN,,,,UNKNOWN,VERIFIED,EXPORT-GOG-symbols_csv,2026-10-01,"explicit vftable symbol; adjacent meta pointer=0x00827294; class and slot extent require pointer-table/constructor analysis;xref_count=2;code_ref_sources=00703880:1,00704040:1;xref_count=2;code_ref_sources=00703880:1,00704040:1"
GOG_PC,008272a0,0x4272a0,vftable_008272a0,UNKNOWN,,,,UNKNOWN,VERIFIED,EXPORT-GOG-symbols_csv,2026-10-01,"explicit vftable symbol; adjacent meta pointer=0x0082729c; class and slot extent require pointer-table/constructor analysis;xref_count=2;code_ref_sources=00704550:1,00704670:1;xref_count=2;code_ref_sources=00704550:1,00704670:1"
GOG_PC,008272a8,0x4272a8,vftable_008272a8,UNKNOWN,,,,UNKNOWN,VERIFIED,EXPORT-GOG-symbols_csv,2026-10-01,"explicit vftable symbol; adjacent meta pointer=0x008272a4; class and slot extent require pointer-table/constructor analysis;xref_count=2;code_ref_sources=007045f0:1,007047a0:1;xref_count=2;code_ref_sources=007045f0:1,007047a0:1"
GOG_PC,00827364,0x427364,vftable_00827364,UNKNOWN,,,,UNKNOWN,VERIFIED,EXPORT-GOG-symbols_csv,2026-10-01,"explicit vftable symbol; adjacent meta pointer=0x00827360; class and slot extent require pointer-table/constructor analysis;xref_count=2;code_ref_sources=007047d0:1,00704960:1;xref_count=2;code_ref_sources=007047d0:1,00704960:1"
GOG_PC,0082736c,0x42736c,vftable_0082736c,UNKNOWN,,,,UNKNOWN,VERIFIED,EXPORT-GOG-symbols_csv,2026-10-01,"explicit vftable symbol; adjacent meta pointer=0x00827368; class and slot extent require pointer-table/constructor analysis;xref_count=2;code_ref_sources=00705b80:1,00705ba0:1;xref_count=2;code_ref_sources=00705b80:1,00705ba0:1"
GOG_PC,0082737c,0x42737c,vftable_0082737c,UNKNOWN,,,,UNKNOWN,VERIFIED,EXPORT-GOG-symbols_csv,2026-10-01,"explicit vftable symbol; adjacent meta pointer=0x00827378; class and slot extent require pointer-table/constructor analysis;xref_count=2;code_ref_sources=00705c00:1,00705d30:1;xref_count=2;code_ref_sources=00705c00:1,00705d30:1"
GOG_PC,00827384,0x427384,vftable_00827384,UNKNOWN,,,,UNKNOWN,VERIFIED,EXPORT-GOG-symbols_csv,2026-10-01,"explicit vftable symbol; adjacent meta pointer=0x00827380; class and slot extent require pointer-table/constructor analysis;xref_count=2;code_ref_sources=00705d00:1,007065c0:1;xref_count=2;code_ref_sources=00705d00:1,007065c0:1"
GOG_PC,0082738c,0x42738c,vftable_0082738c,UNKNOWN,,,,UNKNOWN,VERIFIED,EXPORT-GOG-symbols_csv,2026-10-01,"explicit vftable symbol; adjacent meta pointer=0x00827388; class and slot extent require pointer-table/constructor analysis;xref_count=2;code_ref_sources=007061a0:1,007061d0:1;xref_count=2;code_ref_sources=007061a0:1,007061d0:1"
GOG_PC,00827394,0x427394,vftable_00827394,UNKNOWN,,,,UNKNOWN,VERIFIED,EXPORT-GOG-symbols_csv,2026-10-01,"explicit vftable symbol; adjacent meta pointer=0x00827390; class and slot extent require pointer-table/constructor analysis;xref_count=2;code_ref_sources=007061f0:1,00706220:1;xref_count=2;code_ref_sources=007061f0:1,00706220:1"
GOG_PC,008273a4,0x4273a4,vftable_008273a4,UNKNOWN,,,,UNKNOWN,VERIFIED,EXPORT-GOG-symbols_csv,2026-10-01,"explicit vftable symbol; adjacent meta pointer=0x008273a0; class and slot extent require pointer-table/constructor analysis;xref_count=2;code_ref_sources=00706a80:1,00706b30:1;xref_count=2;code_ref_sources=00706a80:1,00706b30:1"
GOG_PC,008273ac,0x4273ac,vftable_008273ac,UNKNOWN,,,,UNKNOWN,VERIFIED,EXPORT-GOG-symbols_csv,2026-10-01,"explicit vftable symbol; adjacent meta pointer=0x008273a8; class and slot extent require pointer-table/constructor analysis;xref_count=2;code_ref_sources=00706b50:1,00706bf0:1;xref_count=2;code_ref_sources=00706b50:1,00706bf0:1"
GOG_PC,008273b4,0x4273b4,vftable_008273b4,UNKNOWN,,,,UNKNOWN,VERIFIED,EXPORT-GOG-symbols_csv,2026-10-01,"explicit vftable symbol; adjacent meta pointer=0x008273b0; class and slot extent require pointer-table/constructor analysis;xref_count=2;code_ref_sources=00706c10:1,00706cc0:1;xref_count=2;code_ref_sources=00706c10:1,00706cc0:1"
GOG_PC,008273bc,0x4273bc,vftable_008273bc,UNKNOWN,,,,UNKNOWN,VERIFIED,EXPORT-GOG-symbols_csv,2026-10-01,"explicit vftable symbol; adjacent meta pointer=0x008273b8; class and slot extent require pointer-table/constructor analysis;xref_count=2;code_ref_sources=00706ce0:1,00706d90:1;xref_count=2;code_ref_sources=00706ce0:1,00706d90:1"
GOG_PC,008273c4,0x4273c4,vftable_008273c4,UNKNOWN,,,,UNKNOWN,VERIFIED,EXPORT-GOG-symbols_csv,2026-10-01,"explicit vftable symbol; adjacent meta pointer=0x008273c0; class and slot extent require pointer-table/constructor analysis;xref_count=2;code_ref_sources=00706dd0:1,00706e70:1;xref_count=2;code_ref_sources=00706dd0:1,00706e70:1"
GOG_PC,008274b0,0x4274b0,vftable_008274b0,UNKNOWN,,,,UNKNOWN,VERIFIED,EXPORT-GOG-symbols_csv,2026-10-01,"explicit vftable symbol; adjacent meta pointer=0x008274ac; class and slot extent require pointer-table/constructor analysis;xref_count=2;code_ref_sources=007070f0:1,007072a0:1;xref_count=2;code_ref_sources=007070f0:1,007072a0:1"
GOG_PC,008274b8,0x4274b8,vftable_008274b8,UNKNOWN,,,,UNKNOWN,VERIFIED,EXPORT-GOG-symbols_csv,2026-10-01,"explicit vftable symbol; adjacent meta pointer=0x008274b4; class and slot extent require pointer-table/constructor analysis;xref_count=2;code_ref_sources=007079a0:1,007079c0:1;xref_count=2;code_ref_sources=007079a0:1,007079c0:1"
GOG_PC,008274c8,0x4274c8,vftable_008274c8,UNKNOWN,,,,UNKNOWN,VERIFIED,EXPORT-GOG-symbols_csv,2026-10-01,"explicit vftable symbol; adjacent meta pointer=0x008274c4; class and slot extent require pointer-table/constructor analysis;xref_count=2;code_ref_sources=00707ba0:1,00707cb0:1;xref_count=2;code_ref_sources=00707ba0:1,00707cb0:1"
GOG_PC,008274d0,0x4274d0,vftable_008274d0,UNKNOWN,,,,UNKNOWN,VERIFIED,EXPORT-GOG-symbols_csv,2026-10-01,"explicit vftable symbol; adjacent meta pointer=0x008274cc; class and slot extent require pointer-table/constructor analysis;xref_count=2;code_ref_sources=00707c10:1,00707c60:1;xref_count=2;code_ref_sources=00707c10:1,00707c60:1"
GOG_PC,0082758c,0x42758c,vftable_0082758c,UNKNOWN,,,,UNKNOWN,VERIFIED,EXPORT-GOG-symbols_csv,2026-10-01,"explicit vftable symbol; adjacent meta pointer=0x00827588; class and slot extent require pointer-table/constructor analysis;xref_count=2;code_ref_sources=00707d40:1,00708230:1;xref_count=2;code_ref_sources=00707d40:1,00708230:1"
GOG_PC,008275ac,0x4275ac,vftable_008275ac,UNKNOWN,,,,UNKNOWN,VERIFIED,EXPORT-GOG-symbols_csv,2026-10-01,"explicit vftable symbol; adjacent meta pointer=0x008275a8; class and slot extent require pointer-table/constructor analysis;xref_count=2;code_ref_sources=00709ac0:1,00709ae0:1;xref_count=2;code_ref_sources=00709ac0:1,00709ae0:1"
GOG_PC,008275dc,0x4275dc,vftable_008275dc,UNKNOWN,,,,UNKNOWN,VERIFIED,EXPORT-GOG-symbols_csv,2026-10-01,"explicit vftable symbol; adjacent meta pointer=0x008275d8; class and slot extent require pointer-table/constructor analysis;xref_count=2;code_ref_sources=0070a3e0:1,0070a410:1;xref_count=2;code_ref_sources=0070a3e0:1,0070a410:1"
GOG_PC,008275ec,0x4275ec,vftable_008275ec,UNKNOWN,,,,UNKNOWN,VERIFIED,EXPORT-GOG-symbols_csv,2026-10-01,"explicit vftable symbol; adjacent meta pointer=0x008275e8; class and slot extent require pointer-table/constructor analysis;xref_count=2;code_ref_sources=0070b930:1,0070b9d0:1;xref_count=2;code_ref_sources=0070b930:1,0070b9d0:1"
GOG_PC,0082762c,0x42762c,vftable_0082762c,UNKNOWN,,,,UNKNOWN,VERIFIED,EXPORT-GOG-symbols_csv,2026-10-01,"explicit vftable symbol; adjacent meta pointer=0x00827628; class and slot extent require pointer-table/constructor analysis;xref_count=2;code_ref_sources=0070d0f0:1,0070d2b0:1;xref_count=2;code_ref_sources=0070d0f0:1,0070d2b0:1"
GOG_PC,00827634,0x427634,vftable_00827634,UNKNOWN,,,,UNKNOWN,VERIFIED,EXPORT-GOG-symbols_csv,2026-10-01,"explicit vftable symbol; adjacent meta pointer=0x00827630; class and slot extent require pointer-table/constructor analysis;xref_count=2;code_ref_sources=007102c0:1,007102e0:1;xref_count=2;code_ref_sources=007102c0:1,007102e0:1"
GOG_PC,0082763c,0x42763c,vftable_0082763c,UNKNOWN,,,,UNKNOWN,VERIFIED,EXPORT-GOG-symbols_csv,2026-10-01,"explicit vftable symbol; adjacent meta pointer=0x00827638; class and slot extent require pointer-table/constructor analysis;xref_count=2;code_ref_sources=00710330:1,00710350:1;xref_count=2;code_ref_sources=00710330:1,00710350:1"
GOG_PC,00827644,0x427644,vftable_00827644,UNKNOWN,,,,UNKNOWN,VERIFIED,EXPORT-GOG-symbols_csv,2026-10-01,"explicit vftable symbol; adjacent meta pointer=0x00827640; class and slot extent require pointer-table/constructor analysis;xref_count=2;code_ref_sources=007103a0:1,00710440:1;xref_count=2;code_ref_sources=007103a0:1,00710440:1"
GOG_PC,0082764c,0x42764c,vftable_0082764c,UNKNOWN,,,,UNKNOWN,VERIFIED,EXPORT-GOG-symbols_csv,2026-10-01,"explicit vftable symbol; adjacent meta pointer=0x00827648; class and slot extent require pointer-table/constructor analysis;xref_count=2;code_ref_sources=00710510:1,007105d0:1;xref_count=2;code_ref_sources=00710510:1,007105d0:1"
GOG_PC,008276fc,0x4276fc,vftable_008276fc,UNKNOWN,,,,UNKNOWN,VERIFIED,EXPORT-GOG-symbols_csv,2026-10-01,"explicit vftable symbol; adjacent meta pointer=0x008276f8; class and slot extent require pointer-table/constructor analysis;xref_count=2;code_ref_sources=007106b0:1,00710790:1;xref_count=2;code_ref_sources=007106b0:1,00710790:1"
GOG_PC,008277ac,0x4277ac,vftable_008277ac,UNKNOWN,,,,UNKNOWN,VERIFIED,EXPORT-GOG-symbols_csv,2026-10-01,"explicit vftable symbol; adjacent meta pointer=0x008277a8; class and slot extent require pointer-table/constructor analysis;xref_count=2;code_ref_sources=00710930:1,00710a60:1;xref_count=2;code_ref_sources=00710930:1,00710a60:1"
GOG_PC,00827890,0x427890,vftable_00827890,UNKNOWN,,,,UNKNOWN,VERIFIED,EXPORT-GOG-symbols_csv,2026-10-01,"explicit vftable symbol; adjacent meta pointer=0x0082788c; class and slot extent require pointer-table/constructor analysis;xref_count=2;code_ref_sources=00710d30:1,00711ca0:1;xref_count=2;code_ref_sources=00710d30:1,00711ca0:1"
GOG_PC,00827944,0x427944,vftable_00827944,UNKNOWN,,,,UNKNOWN,VERIFIED,EXPORT-GOG-symbols_csv,2026-10-01,"explicit vftable symbol; adjacent meta pointer=0x00827940; class and slot extent require pointer-table/constructor analysis;xref_count=2;code_ref_sources=007121f0:1,007122e0:1;xref_count=2;code_ref_sources=007121f0:1,007122e0:1"
GOG_PC,0082794c,0x42794c,vftable_0082794c,UNKNOWN,,,,UNKNOWN,VERIFIED,EXPORT-GOG-symbols_csv,2026-10-01,"explicit vftable symbol; adjacent meta pointer=0x00827948; class and slot extent require pointer-table/constructor analysis;xref_count=2;code_ref_sources=00712910:1,00712940:1;xref_count=2;code_ref_sources=00712910:1,00712940:1"
GOG_PC,00827c80,0x427c80,vftable_00827c80,UNKNOWN,,,,UNKNOWN,VERIFIED,EXPORT-GOG-symbols_csv,2026-10-01,"explicit vftable symbol; adjacent meta pointer=0x00827c7c; class and slot extent require pointer-table/constructor analysis;xref_count=2;code_ref_sources=0071fae0:1,0071fbc0:1;xref_count=2;code_ref_sources=0071fae0:1,0071fbc0:1"
GOG_PC,00828078,0x428078,CSdCore::vftable,CSdCore,1,0072b710;0046fad0,0072d840,AUDIO,VERIFIED,findings/boundaries/gameplay_audio_organizing_roots.md,2026-10-03,Raw COL/type string decoded; observed one consecutive code pointer. Deleting target identified without actual invocation/lifetime or all-method inference.
GOG_PC,00828a84,0x428a84,vftable_00828a84,UNKNOWN,,,,UNKNOWN,VERIFIED,EXPORT-GOG-symbols_csv,2026-10-01,"explicit vftable symbol; adjacent meta pointer=0x00828a80; class and slot extent require pointer-table/constructor analysis;xref_count=2;code_ref_sources=007357c0:1,00735870:1;xref_count=2;code_ref_sources=007357c0:1,00735870:1"
GOG_PC,00828c24,0x428c24,vftable_00828c24,UNKNOWN,,,,UNKNOWN,VERIFIED,EXPORT-GOG-symbols_csv,2026-10-01,"explicit vftable symbol; adjacent meta pointer=0x00828c20; class and slot extent require pointer-table/constructor analysis;xref_count=2;code_ref_sources=007366c0:1,007366f0:1;xref_count=2;code_ref_sources=007366c0:1,007366f0:1"
GOG_PC,00828cd4,0x428cd4,vftable_00828cd4,UNKNOWN,,,,UNKNOWN,VERIFIED,EXPORT-GOG-symbols_csv,2026-10-01,"explicit vftable symbol; adjacent meta pointer=0x00828cd0; class and slot extent require pointer-table/constructor analysis;xref_count=2;code_ref_sources=00736980:1,007369b0:1;xref_count=2;code_ref_sources=00736980:1,007369b0:1"
GOG_PC,0082ae44,0x42ae44,vftable_0082ae44,UNKNOWN,,,,UNKNOWN,VERIFIED,EXPORT-GOG-symbols_csv,2026-10-01,"explicit vftable symbol; adjacent meta pointer=0x0082ae40; class and slot extent require pointer-table/constructor analysis;xref_count=3;code_ref_sources=0073a5e7:1,0073a60f:1,0073a6a6:1;xref_count=3;code_ref_sources=0073a5e7:1,0073a60f:1,0073a6a6:1"
GOG_PC,00866848,0x466848,vftable_00866848,UNKNOWN,,,,UNKNOWN,VERIFIED,EXPORT-GOG-symbols_csv,2026-10-01,explicit vftable symbol; adjacent meta pointer=0x00866844; class and slot extent require pointer-table/constructor analysis;xref_count=1;code_ref_sources=0074e4ea:1;xref_count=1;code_ref_sources=0074e4ea:1
GOG_PC,00866850,0x466850,vftable_00866850,UNKNOWN,,,,UNKNOWN,VERIFIED,EXPORT-GOG-symbols_csv,2026-10-01,"explicit vftable symbol; adjacent meta pointer=0x0086684c; class and slot extent require pointer-table/constructor analysis;xref_count=5;code_ref_sources=0074f32c:1,0074f33d:1,0074f390:1,0074f3ad:1,0074f40a:1;xref_count=5;code_ref_sources=0074f32c:1,0074f33d:1,0074f390:1,0074f3ad:1,0074f40a:1"
GOG_PC,008669b0,0x4669b0,vftable_008669b0,UNKNOWN,,,,UNKNOWN,VERIFIED,EXPORT-GOG-symbols_csv,2026-10-01,"explicit vftable symbol; adjacent meta pointer=0x008669ac; class and slot extent require pointer-table/constructor analysis;xref_count=3;code_ref_sources=00753571:1,0075359a:1,00754127:1;xref_count=3;code_ref_sources=00753571:1,0075359a:1,00754127:1"
